substance_id,name
1,"Liquid Extract From Viscum Album Subsp. Abietis Var Abies Alba (1:20), Extraction Solvents: Water For Injection And Sodium Chloride (99.91:0.09)"
2,"Vitamin A Concentrate (Oily Form), Synthetic"
3,Acetylsalicylic Acid
4,Hypericum Perforatum L.
5,"Tincture From Agnus Castus Fruit (1:10), Extraction Solvent: Ethanol 69.5% V/V"
6,Benzocaine
7,Dexamethasone Base
8,Dexamethasone Sodium Phosphate
9,Estriol
10,"Reproterol Hydrochloride, Sodium Cromoglicate"
11,"Chlorphenamine Maleate, Phenylephrine Bitartrate, Paracetamol"
12,"Abacavir, Lamivudine"
13,Abacavir
14,"Zidovudine, Abacavir, Lamivudine"
15,"Abacavir Sulfate, Lamivudine"
16,Dabigatran Etexilate
17,Pefloxacin
18,Pefloxacin Mesilate Dihydrate
19,Paracetamol
20,Rivaroxaban
21,Insulin Glargine
22,Apixaban
23,Atorvastatin
24,Fentanyl
25,Brivaracetam
26,Abiraterone Acetate
27,"Amoxicillin, Clavulanic Acid"
28,Tranylcypromine
29,Erythromycin
30,Erythromycin Ethylsuccinate
31,Erythromycin Lactobionate
32,Erythromycin Stearate
33,"Soft Extract Of Capsicum, (4-7: 1), Corresponding To 4.8 Mg Of Capsaicinoids, Calculated As Capsaicin. Extraction Solvent: Ethanol 80% (V/V)"
34,Capsaicin
35,"Soft Extract From Cayenne Pepper Fruit (4–7:1), Extraction Solvent: Ethanol 80% (V/V)"
36,Cayenne Pepper Soft Extract
37,Nonivamide
38,Paracetamol Bp
39,"Fluid Extract From Gentian Root (1: 1), Extraction Solvent: Ethanol 50% (V / V), Fluid Extract Of Wormwood (1:1), Extraction Solvent: Ethanol 20% (V/V), Fluid Extract From Melissa Leaf (1: 1), Extraction Solvent: Ethanol 20% (V/V), Fluid Extract From Acor"
40,"Sodium Hydrogen Carbonate, Potassium Chloride, Sodium Chloride, Macrogol 3350"
41,"Lactic Acid, Salicylic Acid"
42,Sildenafil Citrate
43,Idecabtagene Vicleucel
44,"Calcium, Magnesium"
45,Sildenafil
46,Amphotericin B
47,Aripiprazole
48,"Drospirenone, Ethinylestradiol"
49,Rosuvastatin Calcium
50,Prucalopride
51,"Lactose Monohydrate, Prucalopride Succinate"
52,Bendroflumethiazide
53,Naltrexone Hydrochloride
54,Irbesartan
55,Amlodipine
56,Bevacizumab
57,Fentanyl Citrate
58,"Castor Oil, Virgin"
59,Sennae Folium
60,"Castor Oil, Refined"
61,Magnesium Sulfate Heptahydrate
62,"Senna Pods, Tinnevelly"
63,Metformin Hydrochloride
64,"Fluocinolone Acetonide, Framycetin"
65,"Retinol Palmitate, Riboflavin Sodium Phosphate, Thiamine Hydrochloride, Ascorbic Acid, Ergocalciferol, Nicotinamide, Pyridoxine Hydrochloride"
66,"Retinol Palmitate, Thiamine Hydrochloride, Ascorbic Acid, Ergocalciferol, Nicotinamide, Riboflavin, Pyridoxine Hydrochloride"
67,Ibuprofen
68,Abietic Acid
69,Esomeprazole Magnesium Dihydrate
70,Isoconazole Nitrate
71,Moxifloxacin
72,"Neomycin, Chlorobutanol, Menthol, Camphor, Cineole, Sylvestris Pine Oil"
73,Moxifloxacin Hydrochloride
74,Bimatoprost
75,Abiraterone
76,Prednisolone
77,Amlodipine Besilate
78,Bilastine
79,Hydrocortisone
80,Viscum Album Abietis Ex Herba Recente Col. D30
81,Extract Of Fresh Fir Mistletoe Herb
82,"Extract Of Phoradendron Leucarpum Herb (1:50), Extraction Solvent: Sodium Monohydrogen Phosphate Dihydrate, Ascorbic Acid And Water For Injection (2.03:0.34:97.63)"
83,Extract Of Fresh Almond Mistletoe Herb
84,Extract Of Fresh Birch Mistletoe Herb
85,Extract Of Fresh Hawthorn Mistletoe Herb
86,Extract Of Fresh Ash Mistletoe Herb
87,Viscum Album Fraxini Ex Herba Recente Col. D10
88,Viscum Album Fraxini Ex Herba Recente Col. D20
89,Viscum Album Fraxini Ex Herba Recente Col. D30
90,"Extract Of Apple Tree Mistletoe (1:50), Extraction Solvents: Sodium Monohydrogen Phosphate Dihydrate, Ascorbic Acid, Water For Injections (2.03:0.34:97.63)"
91,Extract Of Fresh Pine Mistletoe Herb
92,Extract Of Fresh Oak Mistletoe Herb
93,Viscum Album Quercus Ex Herba Recente Col. D6
94,Ginkgo Biloba Extract
95,"Echinacea Dil. D2, Gelsemium Sempervirens Dil. D4, Ammi Visnaga Dil. D 2, Blatta Orientalis Urt., Cetraria Islandica Dil. D 3, Datura Stramonium Dil. D 4, Euspongia Officinalis Dil. D 3, Natrium Sulfuricum Dil. D 4, Selenicereus Grandiflorus Dil. D 1, Mat"
96,Bortezomib
97,Brimonidine Tartrate
98,"Fluocinonide, Hexetidine, Ruscogenin"
99,Paclitaxel Albumin-Bound
100,"Fluticasone Propionate, Formoterol Fumarate Dihydrate"
101,"Dry Extract Of Hederae Folium (5-7.5:1), Extraction Solvent: Ethanol 30% (M/M)"
102,Ibandronic Acid
103,Vortioxetine
104,Ambroxol Hydrochloride
105,"Respiratory Syncytial Virus, Subgroup A, Stabilized Prefusion F Protein 847a, Respiratory Syncytial Virus, Subgroup B, Stabilized Prefusion F Protein 847b"
106,Epoetin Alfa
107,Sodium Valproate
108,"Artemisia Absinthium Ex Herba Siccata, Ethanol. Infusum Ø, Terebinthina Laricina Dil. D3"
109,Ezetimibe
110,"Terebinthina Laricina, Terebinthinae Aetheroleum Rectificatum"
111,Betulae Folium
112,Sage Leaf (Salvia Officinalis)
113,Thyme
114,Matricariae Flos
115,Melissa Leaf
116,Oxycodone Hydrochloride
117,Beta-Alanine
118,Paclitaxel
119,Febuxostat
120,Potassium Citrate
121,Travoprost
122,Acamprosate Calcium
123,Ramipril
124,Risedronate Sodium
125,"Calcium Carbonate, Cholecalciferol Concentrate"
126,Acarbose
127,Carvedilol
128,Benzyl Benzoate
129,"Dermatophagoides Pteronyssinus, Dermatophagoides Farinae"
130,Phenylephrine Hydrochloride
131,"Pseudoephedrine Hydrochloride, Triprolidine Hydrochloride"
132,Azelastine Hydrochloride
133,Oxymetazoline Hydrochloride
134,Dextromethorphan Hydrobromide
135,"Pseudoephedrine Hydrochloride, Ibuprofen"
136,"Phenylephrine Hydrochloride, Ibuprofen"
137,Acetylcysteine
138,Filgrastim
139,"Colecalciferol, Calcium"
140,Iohexol
141,"Glucose, Anhydrous, Sodium Hydrogen Carbonate, Magnesium Chloride Hexahydrate, Potassium Chloride, Sodium Chloride, Calcium Chloride Dihydrate"
142,"Sodium Hydrogen Carbonate, Magnesium Chloride Hexahydrate, Potassium Chloride, Sodium Chloride, Calcium Chloride Dihydrate, D-Glucose"
143,"Sodium Hydrogen Carbonate, Magnesium Chloride Hexahydrate, Sodium Chloride, Calcium Chloride Dihydrate"
144,Levothyroxine Sodium
145,Metronidazole
146,"Bisoprolol Fumarate, Ramipril"
147,Acebutolol Hydrochloride
148,Acebutolol
149,"Diclofenac Sodium, Paracetamol"
150,Aceclofenac
151,"Hydrochlorothiazide, Lisinopril"
152,"Captopril, Hydrochlorothiazide"
153,"Enalapril Maleate, Hydrochlorothiazide"
154,"Acetylsalicylic Acid, Caffeine"
155,"Adapalene, Benzoyl Peroxide"
156,Cefoperazone
157,Castor Oil
158,Citalopram Hydrochloride
159,Ethinylestradiol
160,Penfluridol
161,Acemetacin
162,Lisinopril
163,Acetazolamide
164,Glucosamine Hydrochloride
165,Acenocoumarol
166,Captopril
167,Ciprofloxacin
168,"Ciprofloxacin, Fluocinolone Acetonide"
169,Methylprednisolone Aceponate
170,Aminocaproic Acid
171,Allopurinol Sodium
172,"Benzoic Acid, Malic Acid, Salicylic Acid"
173,"(S)-Lactic Acid, Salicylic Acid"
174,"Amlodipine Besilate, Perindopril Arginine"
175,Piracetam
176,Terlipressin
177,Cyproterone Acetate
178,Eslicarbazepine Acetate
179,Eslicarbazepine
180,Glatiramer Acetate
181,Potassium Acetate
182,Sodium Acetate
183,Acetazolamide Bp
184,Acetazolamide Ph. Eur.
185,Acetazolamide Sodium
186,Enalapril Maleate
187,Cetirizine Dihydrochloride
188,"Acetylcholine Chloride, Water For Injection"
189,Lysine Aspirin
190,Calcium-Sodium-Hydrogencitrate (6:6:3:7)
191,Acetylleucine
192,"Paracetamol, Acetylsalicylic Acid, Caffeine"
193,Acetylsalicylic Acid Ph. Eur.
194,Aciclovir
195,Folic Acid
196,Folic Acid Hydrate
197,"Aesculus, Cortex, Ethanol. Decoctum Dil. D3, Antimonit Dil. D8, Gentiana Lutea, Ethanol. Decoctum Dil. D3, Hamamelis, Ethanol. Decoctum Dil. D3, Millefolium Dil. D1"
198,Aciclovir Sodium
199,Aciclovir Ph. Eur.
200,Aciclovir Bp
201,Acitretin
202,"Alendronic Acid, Colecalciferol"
203,"Colecalciferol, Alendronate Sodium Trihydrate"
204,Ascorbic Acid
205,Thioctic Acid
206,Tranexamic Acid
207,Zoledronic Acid
208,Zoledronic Acid Monohydrate
209,Pantoprazole Sodium Sesquihydrate
210,Esomeprazole
211,Omeprazole
212,"D,l-Lysine Acetylsalicylate"
213,Alendronate Sodium Trihydrate
214,Alendronic Acid
215,Alendronate Sodium Monohydrate
216,Sodium Alendronate Trihydrate Ph. Eur.
217,Carglumic Acid
218,Fusidic Acid
219,Gadoteric Acid
220,Mycophenolic Acid
221,Tiaprofenic Acid
222,Ursodeoxycholic Acid
223,Anhydrous Zoledronic Acid
224,"Sodium Hydrogen Carbonate, Calcium Carbonate, Sodium Alginate"
225,"Potassium Hydrogen Carbonate, Sodium Alginate"
226,"Magnesium Carbonate Heavy, Calcium Carbonate"
227,Boric Acid
228,"Ascorbic Acid, Acetylsalicylic Acid"
229,Alendronate Sodium
230,"Sodium Picosulfate, Magnesium Oxide, Citric Acid"
231,"Clodronate Disodium Tetrahydrate, Lidocaine Hydrochloride"
232,"Folic Acid, Anhydrous"
233,Ibandronate Sodium Hydrate
234,Sodium Ibandronate
235,Mycophenolate Sodium
236,Salicylic Acid
237,Trichloroacetic Acid
238,"Valproic Acid, Sodium Valproate"
239,Valproic Acid
240,"Icosapent Ethyl, Docosahexaenoic Acid Ethyl Ester"
241,"Doconexent, Icosapent, Omega-3-Acid Ethyl Esters 90"
242,Omega-3-Acid Ethyl Esters 90
243,"Acidum Alpha-Ketoglutaricum D200, Acidum Alpha-Ketoglutaricum D30, Acidum Alpha-Ketoglutaricum D10"
244,"Acidum Cis-Aconiticum D30, Acidum Cis-Aconiticum D200, Acidum Cis-Aconiticum D10"
245,"Acidum Citricum D10, Acidum Citricum D200, Acidum Citricum D30"
246,"Acidum Malicum D200, Acidum Malicum D30, Acidum Malicum D10"
247,"Acidum Formicicum Dil D12, Acidum Formicicum Dil. D30, Acidum Formicicum Dil. D200"
248,"Acidum Fumaricum D200, Acidum Fumaricum D30, Acidum Fumaricum D10"
249,Nicotinic Acid
250,"Acidum Phosphoricum Dil. D30, Acidum Phosphoricum Dil. D200, Acidum Phosphoricum Dil. D12"
251,"Acidum Succinicum D10, Acidum Succinicum D200, Acidum Succinicum D30"
252,"Natrium Sulfuricum Dil. D12, Acidum Arsenicosum Dil. D8, Acidum Phosphoricum Dil. D12, Secale Cornutum Dil. D4"
253,Pantoprazole
254,Ferrous Gluconate
255,Rabeprazole Sodium
256,Buprenorphine
257,L-Methionine
258,Methionine
259,Mefenamic Acid
260,Phenoxymethylpenicillin
261,Diethylamine Salicylate
262,"Piperacillin Sodium, Tazobactam Sodium"
263,Escitalopram Oxalate
264,"Azelastine Hydrochloride, Fluticasone Propionate"
265,Pregabalin
266,Celecoxib
267,Clopidogrel
268,Ticlopidine Hydrochloride
269,Human Antithrombin
270,"Erythromycin, Tretinoin"
271,Isotretinoin
272,"Clindamycin, Tretinoin"
273,"Miconazole Nitrate, Benzoyl Peroxide"
274,Benzoyl Peroxide
275,"Clindamycin Phosphate, Benzoyl Peroxide, Hydrous"
276,Adapalene
277,Chlorhexidine Gluconate Solution Bp
278,Chlorhexidine Gluconate
279,"Erythromycin, Zinc Acetate"
280,"Adapalene, Anhydrous Benzoyl Peroxide"
281,"Magnesium Phosphoricum D8, Aconitum Napellus D4, Acidum Arsenicosum D30"
282,"Acidum Arsenicosum Dil. D30, Magnesium Phosphoricum Dil. D8, Gnaphalium Polycephalum Dil. D3, Aconitum Dil. D4, Citrullus Colocynthis Dil. D4"
283,"Gnaphalium Polycephalum Dil. D4, Magnesium Phosphoricum Dil. D8, Aconitum Dil. D6, Citrullus Colocynthis Dil. D4"
284,"Dextromethorphan Hydrobromide, Dexpanthenol"
285,Aconitum Napellus D30
286,Lidocaine Hydrochloride Monohydrate
287,Topiramate
288,Naphazoline Hydrochloride
289,"D-Camphor, Lavender Oil, Quarz Dil. D9 Oleos. (Hab, Vs. 8a Und 12j In Raffiniertem Erdnussöl), Aconitum Napellus E Tubere Ferm 33c Dil. D9 Oleos. (Hab, Vs. 33c Und 12j, In Raffiniertem Erdnussöl)"
290,"Aconitum Napellus E Tubere Ferm 33c Dil. D29 (Hab, Vs. 33c), Atropa Belladonna E Radice Ferm 33b Dil. D29 (Hab, Vs. 33b), Toxicodendron Quercifolium E Foliis Ferm 33d Dil. D29 (Hab, Vs. 33d)"
291,"Aconitum Napellus E Tubere W 5% (Hab, Vs. 12g Mit Nativem Olivenöl)"
292,Aconitum Napellus Rh Dil. D3
293,"Bryonia Trit. D 3, Ferrum Phosphoricum Trit D 2, Belladonna Trit. D3, Aconitum Trit. D3, Gelsemium Trit. D3"
294,"Aconitum Napellus E Tubere Ferm 33c Dil. D2 (Hab, Vs. 33c), Bryonia Cretica Ferm 33b Dil. D2, Cinchona Succirubra E Cortice Ferm 35b Dil. D1 (Hab, Vs. 35b), Eucalyptus Globulus E Foliis Ferm 33d Dil. D1 (Hab, Vs. 33d), Eupatorium Cannabinum Ex Herba Ferm"
295,"Aconitum Napellus E Tubere Ferm 33c Dil. D3 (Hab, Vs. 33c), Bryonia Cretica Ferm 33b Dil. D3, Cinchona Succirubra E Cortice Ferm 35b Dil. D2 (Hab, Vs. 35b), Eucalyptus Globulus E Foliis Ferm 33d Dil. D2 (Hab, Vs. 33d), Eupatorium Cannabinum Ex Herba Ferm"
296,"Eucalyptus Globulus Dil. D2, Aconitum Napellus Dil. D2, Aconitum Napellus Dil. D10, Aconitum Napellus Dil. D30, Aconitum Napellus Dil. D200, Eucalyptus Globulus Dil. D10, Eucalyptus Globulus Dil. D30, Psychotria Ipecacuanha Dil. D10, Psychotria Ipecacuanh"
297,Anhydrous Tiotropium Bromide
298,Tiotropium
299,Tiotropium Bromide
300,Tadalafil
301,Budesonide
302,Etoricoxib
303,Chloroquine
304,Water For Injection
305,Sterilised Water For Injections
306,"Pseudoephedrine Hydrochloride, Acrivastine"
307,Acrivastine
308,Phenoxymethylpenicillin Potassium
309,Nimesulide
310,Montelukast
311,Telmisartan
312,"Amlodipine, Telmisartan"
313,"Hydrochlorothiazide, Telmisartan"
314,"Arnica Montana C4, Cimicifuga Racemosa C4, Sanguinaria Canadensis C4, Nitroglycerinum C4, Lachesis C5"
315,Haemophilus Type B Conjugate Vaccine (Tetanus Toxoid Conjugate)
316,"Haemophilus Type B Conjugate Vaccine (Tetanus Toxoid Conjugate), Tetanus Protein"
317,"Tetanus Toxoid, Haemophilus Type B Conjugate Vaccine (Tetanus Toxoid Conjugate)"
318,"Charcoal, Activated"
319,"Papaverine Hydrochloride, Charcoal, Activated"
320,Doxycycline Monohydrate
321,"Dextromethorphan Hydrobromide, Pseudoephedrine Hydrochloride, Triprolidine Hydrochloride"
322,"Xylometazoline Hydrochloride, Dexpanthenol"
323,Xylometazoline Hydrochloride
324,"Pseudoephedrine Hydrochloride, Triprolidine Hydrochloride, Paracetamol"
325,"Diphenhydramine Hydrochloride, Paracetamol"
326,"Pseudoephedrine Hydrochloride, Paracetamol"
327,Guaifenesin
328,"Fluorouracil, Salicylic Acid"
329,"Deanol Acetamidobenzoate, Hesperidin Methyl Chalcone, Magnesium Glycerophosphate"
330,Sodium Picosulfate
331,Lidocaine
332,Alteplase
333,Magnesium Pidolate
334,Modafinil
335,Morphine Sulfate
336,"Octenidine Dihydrochloride, Phenoxyethanol"
337,"Saccharomyces Cerevisiae Type D Extract, Sodium Disulfide"
338,"Sodium Sulfide Nonahydrate, Saccharomyces Cerevisiae"
339,"Sodium Sulfide Nonahydrate, Saccharomyces Cerevisiae Type D Extract"
340,"Promethazine Hydrochloride, Carbocisteine"
341,Carbocisteine
342,"Ascorbic Acid, Betacarotene, Biotin, Colecalciferol, Cyanocobalamin, Folic Acid, Nicotinamide, Phytomenadione, Pyridoxine, Riboflavin, Rutoside, Thiamine, Zinc, Calcium, Chromium, Copper, Iodine, Iron, Magnesium, Manganese, Pantothenic Acid, Phosphorus, S"
343,"Ascorbic Acid, Betacarotene, Biotin, Colecalciferol, Cyanocobalamin, Folic Acid, Nicotinamide, Pyridoxine, Riboflavin, Rutoside, Thiamine, Zinc, Calcium, Copper, Iron, Magnesium, Pantothenic Acid, Selenium, Retinol, Alpha-Tocopherol, Boron"
344,"Ascorbic Acid, Biotin, Colecalciferol, Cyanocobalamin, Folic Acid, Nicotinamide, Phytomenadione, Pyridoxine, Riboflavin, Rutoside, Thiamine, Glycine, Succinic Acid, Zinc, Calcium, Chromium, Copper, Iodine, Iron, Magnesium, Manganese, Pantothenic Acid, Pho"
345,"Ascorbic Acid, Biotin, Colecalciferol, Cyanocobalamin, Folic Acid, Nicotinamide, Phytomenadione, Pyridoxine, Riboflavin, Thiamine, Glycine, Succinic Acid, Zinc, Calcium, Chromium, Copper, Iodine, Iron, Magnesium, Manganese, Pantothenic Acid, Phosphorus, S"
346,"Ascorbic Acid, Biotin, Colecalciferol, Cyanocobalamin, Folic Acid, Nicotinamide, Pyridoxine, Riboflavin, Thiamine, Zinc, Calcium, Copper, Iron, Magnesium, Pantothenic Acid, Selenium, Retinol, Alpha-Tocopherol, Boron"
347,"Norethisterone Acetate, Estradiol"
348,"Norethisterone Acetate, Estradiol Hemihydrate"
349,"Aciclovir, Hydrocortisone"
350,Etofenamate
351,Pelargonium Sidoides Dc Root Liquid Extract
352,Hydrocortisone Sodium Phosphate
353,"Colecalciferol, Calcium Carbonate"
354,Calcium Carbonate
355,Risedronate Monosodium
356,"Atropine Sulfate, Sodium Hydrogen Carbonate, Peppermint Oil, Aluminium Hydroxide Gel, Dried, Calcium Carbonate, Magnesium Carbonate, Magnesium Trisilicate"
357,"Simeticone, Magnesium Hydroxide, Aluminium Hydroxide"
358,Pioglitazone
359,Pioglitazone Hydrochloride
360,Urokinase
361,Deproteinised Hemoderivative Of Calf Blood
362,Insulin Human
363,Naproxen Sodium
364,"Hedera Helix Dry Extract, Ethanol 30%"
365,Benzydamine Hydrochloride
366,"Nitrous Oxide, Oxygen"
367,"Quinapril Hydrochloride, Hydrochlorothiazide"
368,Quinapril Hydrochloride
369,Ketorolac Trometamol
370,Galantamine
371,"Hypromellose, Sodium Chloride"
372,Nefopam
373,Nefopam Hydrochloride
374,Quinapril
375,Atracurium Besilate
376,Loperamide Hydrochloride
377,Denosumab
378,"Magnesium Hydroxide, Aluminium Hydroxide-Magnesium Carbonate Co-Dried Gel, Algeldrate"
379,"Adapalene, Benzoyl Peroxide, Hydrous"
380,Solifenacin Succinate
381,"Aluminium Phosphate, Diphtheria Toxoid, Tetanus Toxoid, Pertussis Toxoid, Pertussis Filamentous Haemagglutinin, Pertussis Pertactin, Pertussis Fimbrial Agglutinogens (Fim) 2 And 3"
382,"Aluminium Phosphate, Diphtheria Toxoid, Tetanus Toxoid, Pertussis Toxoid, Pertussis Filamentous Haemagglutinin, Pertussis Pertactin, Poliovirus (Inactivated) Type 3 (Saukett Strain), Poliovirus (Inactivated) Type 2 (Mef-1 Strain), Pertussis Fimbrial Agglu"
383,Doxazosin Mesilate
384,Dutasteride
385,Melatonin
386,Sitagliptin
387,Nifedipine
388,"Paracetamol, Thiocolchicoside"
389,"Ethinylestradiol, Etonogestrel"
390,Ceftobiprole Medocaril Sodium
391,Tramadol Hydrochloride
392,Temgicoluril
393,Colecalciferol
394,"Eleutherococci Radix Dry Extract (16-25:1), Extraction Solvent: Ethanol 30% (V/V)"
395,"Delapril Hydrochloride, Manidipine Dihydrochloride"
396,Diclofenac Sodium
397,Ropinirole
398,Finasteride
399,Loxapine
400,Tamsulosin Hydrochloride
401,"Tamsulosin Hydrochloride, Dutasteride"
402,Memantine Hydrochloride
403,Brentuximab Vedotin
404,"Sodium Molybdate Dihydrate, Zinc Chloride, Ferric Chloride Hexahydrate, Potassium Iodide, Sodium Fluoride, Chromium Chloride Hexahydrate, Copper Chloride Dihydrate, Manganese Chloride Tetrahydrate, Sodium Selenite Anhydrous"
405,"Sodium Molybdate Dihydrate, Zinc Chloride, Ferric Chloride Hexahydrate, Potassium Iodide, Sodium Fluoride, Sodium Selenite, Chromium Chloride Hexahydrate, Copper Chloride Dihydrate, Manganese Chloride Tetrahydrate"
406,"Copper Gluconate, Manganese Gluconate, Potassium Iodide, Sodium Selenite, Zinc Gluconate"
407,"Copper Gluconate, Manganese Gluconate, Potassium Iodide, Sodium Selenite, Zinc Gluconate (Ph. Eur.)"
408,"Chromic Chloride, Copper Gluconate, Manganese Gluconate, Potassium Iodide, Sodium Fluoride, Sodium Molybdate, Sodium Selenite, Ferrous Gluconate Hydrate Ph.Eur., Zinc Gluconate (Ph. Eur.)"
409,Sodium Chloride
410,Potassium Chloride
411,Methylphenidate Hydrochloride
412,Ammonium Chloride
413,"Potassium Hydroxide, Dipotassium Hydrogen Phosphate Trihydrate"
414,Trometamol
415,"Fusidic Acid, Betamethasone"
416,"Disodium Phosphate Dihydrate, Potassium Dihydrogen Phosphate, Potassium Hydroxide"
417,Hyoscine Butylbromide
418,Ampicillin
419,"Desogestrel, Ethinylestradiol"
420,Prednisolone Sodium Phosphate
421,Riociguat
422,Adenosine
423,"Phytolacca Americana Dil. D4, Clematis Recta D1, Scrophularia Nodosa Ø"
424,"Adenosinum Triphosphoricum D200, Adenosinum Triphosphoricum D30, Adenosinum Triphosphoricum D6, Adenosinum Triphosphoricum D10"
425,"Ethinylestradiol, Levonorgestrel"
426,Amitriptyline Hydrochloride
427,Lanolin
428,Everolimus
429,Glyceryl Trinitrate
430,Camellia Sinensis
431,Trimetazidine Dihydrochloride
432,Dexamfetamine Sulfate
433,"Metformin Hydrochloride, Sitagliptin"
434,Sulfadiazine
435,Lisinopril Dihydrate
436,Nystatin
437,Dienogest
438,"Dienogest, Ethinylestradiol"
439,Lactose.
440,Dimethyl Fumarate
441,Tamoxifen
442,Tamoxifen Citrate
443,Desmopressin
444,Anastrozole
445,Lisdexamfetamine Dimesylate
446,Diltiazem Hydrochloride
447,"Polysorbate 80, Squalene, Split Influenza Virus (Inactivated) Of Strain A/Vietnam/1194/2004 (H5n1) Like Strain Used (Nibrg-14), Dl-Alpha-Tocopherol"
448,Sertraline Hydrochloride
449,"Berberis Vulgaris D12, Cardiospermum Halicacabum D12, Acidum Formicicum D12, Natrium Chloratum D12, Thryallis Glauca D12, Zincum Isovalerianicum D12"
450,"Calcium Carbonicum Hahnemanni D6, Delphinium Staphisagria D6, Calcium Fluoratum D6, Matricaria Recutita D4, Podophyllum Peltatum D6, Atropa Bella-Donna D8"
451,"Ambra Grisea D12, Argentum Nitricum D12, Kalium Bromatum D12, Phosphorus D12, Zincum Isovalerianicum D12"
452,"Acidum Formicicum D 6, Euphrasia 3c D4, Thryallis Glauca D12, Lobaria Pulmonaria D4, Allium Cepa D4, Schoenocaulon Officinale D4"
453,"Kalium Chloratum D6, Acidum Silicicum D6, Berberis Vulgaris D6, Thuja Occidentalis D4, Zincum Metallicum D12"
454,"Nicotiana Tabacum D12, Veratrum Album D4, Anamirta Cocculus D4, Argentum Nitricum D12, Strychnos Nux-Vomica D6"
455,Tenoxicam
456,Allopurinol
457,Tapentadol
458,"Ibuprofen, Paracetamol"
459,"Gelsemium Sempervirens Dil. D4, Schoenocaulon Officinale Dil. D3, Spigelia Anthelmia Dil. D 3, Menyanthes Trifoliata Dil. D3, Piper Methysticum Spag. Peka Dil. D8, Aconitum Napellus Dil. D12, Bryonia Spag. Peka Dil. D3, Semecarpus Anacardium Dil. D6"
460,"Naloxone Hydrochloride, Oxycodone Hydrochloride"
461,Dexketoprofen
462,Healing Earth
463,"Paracetamol, Propyphenazone, Caffeine"
464,Ibuprofen Lysine
465,"Adonis Vernalis Ferm 33d Dil. D2, Crataegus Laevigata/Monogyna E Foliis Et Fructibus Ferm 33d Dil. D2 (Hab, Vs. 33d)"
466,"Kalmia Latifolia Dil. D 2, Adonis Vernalis Dil. D4, Nerium Oleander Dil. D4, Cactus Dil. D2, Kalium Carbonicum Dil. D3, Crataegus Dil. D2"
467,Tacrolimus
468,Zolpidem Tartrate
469,Risperidone
470,Epinephrine
471,Epinephrine Bitartrate
472,Epinephrine Hydrochloride
473,Adrenaline Acid Tartrate Bp
474,Carbazochrome
475,Iodine (123i) Iobenguane
476,Doxorubicin Hydrochloride
477,Anagrelide
478,Levodropropizine
479,"Acidum Formicicum D8, Histaminum Dihydrochloricum D22, Histaminum Dihydrochloricum D8, Ledum Palustre D8, Acidum Sulfuricum D22, Arctium D8, Pix Liquida D10, Tellurium Metallicum D10, Histaminum Dihydrochloricum D12, Arnica Montana D6, Acidum Arsenicosum"
480,"Sulfur Trit. D 12, Strychnos Ignatii Trit. D6, Tellurium Metallicum Trit. D10, Acidum Arsenicosum Trit. D8, Acidum Formicicum Trit. D8, Acidum Sulfuricum Trit. D22, Arctium Trit. D8, Arnica Montana Trit. D6, Graphites Trit. D10, Histaminum Dihydrochloricu"
481,Lacosamide
482,Sugammadex
483,"Colecalciferol, Alendronate Sodium"
484,Tralokinumab
485,Donepezil Hydrochloride
486,Glycerol
487,"Cetylpyridinium Chloride, Guaifenesin"
488,Oxazepam
489,Octocog Alfa
490,Temozolomide
491,Fesoterodine
492,Eribulin Mesylate
493,Rurioctocog Alfa Pegol
494,Radamts13
495,Olanzapine
496,"Helium, Carbon Monoxide"
497,"Air, Medicinal"
498,Flunisolide
499,"Beclometasone Dipropionate, Formoterol Fumarate Dihydrate"
500,"Desloratadine, Pseudoephedrine Sulphate"
501,"Fluticasone Propionate, Salmeterol"
502,Desloratadine
503,Beclometasone Dipropionate
504,Beclometasone Dipropionate Anhydrous
505,Simeticone
506,Terbutaline Sulfate
507,"Dimeticone, Metoclopramide"
508,Salbutamol
509,Salbutamol Sulfate
510,Fluticasone Furoate
511,Bisacodyl
512,Isoflurane
513,Escin
514,"Heparin Sodium, Diethylamine Salicylate, Escin"
515,"Dry Extract From Horse-Chestnut Equivalent To 1.1 - 2.5 G Fresh Seeds Corresponding To 50 Mg Aescin, Extraction Solvent: Ethanol 68% (V/V)"
516,Aesculus Hippocastanum L. Seed Dry Extract
517,"Hippocastani Corticis Extractum Siccum, Lidocaine Hydrochloride"
518,Aesculus Hippocastanum D2
519,"Arnica Montana Dil D2, Collinsonia Canadensis Dil. D1, Aesculus Hippocastanum Dil. D1, Carduus Marianus Dil. D1, Calcium Fluoratum Dil. D6"
520,"Aesculus Hippocastanum E Semine La 25% Sicc. (Hab, Vs. 12m), Borago Officinalis Ex Herba La 20% (Hab, Vs. 12c), Prunus Spinosa E Fructibus La 25% (Hab, Vs. 12o), Quercus Robur/Petraea E Cortice, Decoctum La 10% (Hab, Vs. 12k), Solidago Virgaurea Ex Herba"
521,"Vipera Berus Dil. D12, Placenta Totalis Suis D30, Pulsatilla Pratensis Dil. D30, Aesculus Hippocastanum Dil. D30, Atropa Bella-Donna Dil. D12, Silybum Marianum Dil. D12, Calcium Fluoratum Dil. D30, Secale Cornutum Dil. D30, Daphne Mezereum Dil. D12, Hamam"
522,"Aesculus Hippocastanum Dil. D12, Aesculus Hippocastanum Dil. D200, Aesculus Hippocastanum Dil. D30"
523,"Aesculus Hippocastanum Dil. D6, Secale Cornutum Dil. D8, Silybum Marianum Dil. D12, Hamamelis Virginiana Dil. D6"
524,"Dry Extract Of Horse-Chestnut Corresponding To 21 Mg Of Triterpene Glycosides, Expressed As Protoaescigenin: Extraction Solvent: Ethanol 50% (M/M)"
525,"Aesculus Seed Dry Extract, Standardised"
526,"Dry Extract Of Horse Chestnut, Standardised (Der 5-7:1), Adjusted To 12.5 Mg Of Triterpene Glycosides Calculated As Protoaescigenin, Extraction Solvent: Ethanol 50% (M/M)"
527,"Nicotiana Tabacum Dil D6, Aesculus Hippocastanum Dil. D6, Potentilla Anserina Dil. D6, Cuprum Aceticum Dil. D6, Veratrum Album Dil. D6, Secale Cornutum Dil. D6"
528,Lauromacrogol 400
529,Ethyl Chloride
530,Voriconazole
531,Fosfomycin Trometamol
532,Afatinib Dimaleate
533,Afatinib
534,"Ascorbic Acid, Paracetamol, Acetylsalicylic Acid"
535,"Paracetamol, Acetylsalicylic Acid"
536,Fluoxetine
537,Paroxetine
538,Metamizole Sodium Monohydrate
539,Apremilast
540,Metoclopramide Hydrochloride
541,Metoclopramide Hydrochloride Monohydrate
542,Aflibercept
543,Cefixime Trihydrate
544,Dexamethasone Phosphate
545,Triflusal
546,Sertraline
547,Alclometasone Dipropionate
548,Fluconazole
549,Mirtazapine
550,"Eupatorium Perfoliatum D4, Baptisia Tinctoria D4, Ferrum Phosphoricum D8, Gelsemium Sempervirens D6, Aconitum Napellus D6"
551,"Euphorbium D6, Hydrargyrum Biiodatum D12, Luffa Operculata D12, Pulsatilla Pratensis D6, Sinapis Nigra D2"
552,"Sarcolacticum Acidum D12, Aconitum Napellus D6, Gentiana Lutea D1, Bryonia Cretica D6, Ferrum Phosphoricum D12"
553,"Sarcolacticum Acidum D12, Bryonia D6, Aconitum Napellus D6, Gentiana Lutea D1, Ferrum Phosphoricum D12"
554,"Bryonia D6, Aconitum Napellus D6, Gentiana Lutea D1, Ferrum Phosphoricum D12, Acidum Lacticum D12"
555,"Lachesis D 12, Mercurius Solubilis Hahnemanni D12, Phytolacca Americana D6, Atropa Bella-Donna D6, Salvia Officinalis D1"
556,Fluphenazine Decanoate
557,A/Turkey/Turkey/1/05 (H5n1)-Like Strain (Nibrg-23)
558,Alprazolam
559,Theophylline Anhydrous
560,Fosfomycin
561,Theophylline
562,"Levomenthol, Boric Acid, Resorcinol, Thymol"
563,Methotrexate
564,Lonoctocog Alfa
565,"Zinc Sulphate, Lidocaine Hydrochloride"
566,"Benzalkonium Chloride, Hydrocortisone Hydrogen Succinate"
567,Fulvestrant
568,Atomoxetine
569,Atomoxetine Hydrochloride
570,Vamorolone
571,Pentoxifylline
572,Tenofovir Disoproxil
573,Nintedanib
574,"Argentum Metallicum Praeparatum Dil. D6 Aquos., Aspidium Filix-Mas, Spora Dil. D3, Conchae Dil. D7 Aquos., Amanita Muscaria Dil. D8, Phosphorus Dil. D6"
575,"Aspidium Filix-Mas, Spora Dil. D3, Argentum Metallicum Praeparatum Dil. D6, Conchae Dil. D7, Amanita Muscaria Dil. D8, Phosphorus Dil. D6"
576,Vildagliptin
577,"Metformin Hydrochloride, Vildagliptin"
578,Meropenem Anhydrous
579,Meropenem
580,Tirofiban Hydrochloride Monohydrate
581,Levofloxacin
582,Ticagrelor
583,Dantrolene Sodium
584,"Ispaghula Seed, Ispaghula Husk"
585,"Plantago Ovata Forsk (Seed), Ispaghula Husk"
586,"Ispaghula Seed, Cassia Angustifolia Vahl. (Polvo De Frutos)"
587,"Ispaghula Seed, Ispaghula Husk, Senna Pods"
588,"Ispaghula Seed, Senna Pods, Tinnevelly, Ispaghula Husk"
589,"Senna Pods, Tinnevelly, Ispaghula Husk, Plantaginis Ovatae Semen"
590,"Senna Pods, Tinnevelly, Plantago Ovata Forsk(Seed), Ispaghula Husk"
591,Trihexyphenidyl Hydrochloride
592,"Cinnarizine, Dimenhydrinate"
593,Lactose Monohydrate
594,Meloxicam
595,"Dry Extract From Agnus Castus Fruit (7-13:1), Extraction Solvent: 60% M/M"
596,"Dry Extract From Chaste Tree Fruits (7-11:1), Extraction Solvent: Ethanol 70% (V/V)"
597,"Agnus Castus Ø, Pulsatilla Trit D3, Rosmarinus Officinalis Trit D2, Apis Mellifica Trit D3"
598,"Dry Extract From Agnus Castus Fruit Equivalent To 23.4-31.2 Mg Of Fruit, Extraction Solvent: Ethanol 75% (V/V)"
599,Agnus Castus Fruit Dry Extract (10-16:1)
600,Vitex Agnus-Castus Mother Tincture
601,"Cimicifuga Racemosa Dil. D 2, Zincum Valerianicum Dil. D3, Agnus Castus Ø, Pulsatilla Dil. D4"
602,"Dry Extract From Chaste Tree Fruits (7-13:1), Extraction Solvent: Ethanol 60% (M/M)"
603,Agomelatine
604,Progesterone
605,Agomelatine Citric Acid
606,Lansoprazole
607,Levomethadone Hydrochloride
608,Testosterone Isobutyrate
609,"Ferrum Sidereum D10, Aurum Metallicum D10"
610,Clopidogrel Hydrogen Sulfate
611,Minoxidil
612,"Agropyron Repens E Radice Ferm 33c Dil. D3 (Hab, Vs. 33c), Kalium Carbonicum E Cinere Fagi Silvaticae Dil. D9 Aquos. (Hab, Vs. 5b), Taraxacum Officinale E Planta Tota Ferm 34c Dil. D4 (Hab, Vs. 34c), Zinnober Dil. D6"
613,"Dextromethorphan Hydrobromide, Pseudoephedrine Hydrochloride, Paracetamol"
614,"Coriandrum Sativum, Hyssopus Officinalis, Matricaria Recutita, Tila Tomentosa, Melissa Officinalis, Angelica Archangelica Root, Lemon Verbena, Nutmeg, Cinnamomum Zeylanicum"
615,Hydrogen Peroxide
616,Meclozine Hydrochloride
617,Ethanol (96 Per Cent)
618,Oxaceprol
619,Desogestrel
620,Brinzolamide
621,"Dextromethorphan Hydrobromide, Pseudoephedrine Hydrochloride, Ascorbic Acid, Paracetamol"
622,Rasagiline
623,"Phenylephrine Hydrochloride, Ascorbic Acid, Paracetamol"
624,Lactose Anhydrous
625,"Acidum Arsenicosum Dil. D6, Silybum Marianum D15, Cinchona Pubescens Spag. Peka D6, Glechoma Hederacea Spag. Peka D6, Grindelia Robusta Spag. Peka D6, Ceanothus Americanus D4, Amanita Muscaria D4, Natrium Chloratum D12"
626,Human Coagulation Factor Ix
627,Erenumab
628,"Dienogest, Estradiol Valerate"
629,Estradiol Valerate
630,Placebo
631,Oxygen
632,"Artemether, Lumefantrine"
633,"Budesonide, Formoterol Fumarate Dihydrate"
634,"Budesonide, Formoterol Fumarate Dihydrate Ph.Eur."
635,Ciclesonide
636,"Fluticasone Propionate, Salmeterol Xinafoate"
637,"Fluticasone, Salmeterol"
638,"Salmeterol Xinafoate, Fluticasone"
639,"Allergen Extract From Pollen Of Dactylis Glomerata, Anthoxanthum Odoratum, Lolium Perenne, Poa Pratensis And Phleum Pratense"
640,Benzododecinium Bromide 10% Solution
641,Fremanezumab
642,Bromazepam
643,Polihexanide
644,"Niraparib, Abiraterone Acetate"
645,Quetiapine
646,Verapamil Hydrochloride
647,Biperiden Hydrochloride
648,Biperiden Lactate
649,Latanoprost
650,"Timolol Maleate, Latanoprost"
651,Lorazepam
652,"Ethinylestradiol, Gestodene"
653,Trifarotene
654,Clonazepam
655,"Carbo Vegetabilis, Caraway Oil, Bitter Fennel Fruit Oil, Amethyst, Betula Pendula Ferm 34e Ø, Cochlearia Officinalis Ex Herba Ferm 33b Ø (Hab, Vs. 33b), Fucus Vesiculosus E Planta Tota Ferm 51 Ø (Hab, Vs. 51), Fumaria Officinalis Ex Herba Ferm 33c Ø (Hab,"
656,"Clindamycin, Benzoyl Peroxide"
657,"Sulfur Dil. D6, Pulsatilla Dil. D4, Rhus Toxicodendron Dil. D6"
658,"Zinc Oxide, Ichthammol"
659,"Benzoyl Peroxide, Hydrous"
660,Clindamycin Hydrochloride
661,"Tropaeolum Majus Ex Herba La 20% (Hab, Vs. 12c), Aesculus Hippocastanum E Cortice, Decoctum La 10% (Hab, Vs. 12k), Anthyllis Vulneraria Ex Herba La 20% (Hab, Vs. 12c), Bellis Perennis Ex Herba La 20% (Hab, Vs. 12c), Calendula Officinalis E Floribus La 20%"
662,Sodium Bituminosulfonate Light
663,"Sodium Bituminosulfonate Light, Salicylic Acid"
664,Nabumetone
665,"Cafedrine Hydrochloride, Theodrenaline Hydrochloride"
666,Glycopyrronium Bromide
667,Axitinib
668,Retinol Palmitate
669,"Amoxicillin Sodium, Clavulanic Acid"
670,"Amoxicillin Trihydrate, Potassium Clavulanate"
671,Imiquimod
672,Fluticasone Propionate
673,Amisulpride
674,Isopropyl Alcohol
675,"Cola Dil. D2, Camphora D3, Crataegus Mother Tincture, Kalium Carbonicum Dil. D3"
676,"Zingiber Officinale D3, Solidago Virgaurea Mother Tincture, Pulsatilla Pratensis D4, Acidum Benzoicum E Resina D4, Acidum Nitricum D4, Apis Mellifica D3, Lytta Vesicatoria D4, Populus Tremuloides D2"
677,"Acidum Benzoicum E Resina Dil. D4, Lytta Vesicatoria Dil. D 4, Populus Tremuloides Spag. Peka D2, Pulsatilla Pratensis Spag. Peka D4, Zingiber Officinale D3, Solidago Virgaurea Mother Tincture, Acidum Nitricum D4, Apis Mellifica Dil. D3"
678,Inosine Pranobex
679,"Palonosetron, Fosnetupitant"
680,"Palonosetron, Netupitant"
681,"Formoterol Fumarate Dihydrate, Beclometasone Dipropionate Anhydrous"
682,5-Aminolevulinic Acid
683,Sodium Cromoglicate
684,"Ramipril, Amlodipine Besilate"
685,Allantoin
686,"Dexpanthenol, Allantoin"
687,Rivastigmine
688,"Senna Pods, Tinnevelly, Sennae Folium"
689,"Aloe Juice Dried, Powdered, Frangulae Corticis Extractum Siccum"
690,Betamethasone Sodium Phosphate
691,Cilostazol
692,"St. John's Wort Dry Extract (3.5-6.0:1), Extraction Solvent: Ethanol 60% (M/M)"
693,Albendazole
694,"Amylmetacresol, 2,4 Dichlorobenzyl Alcohol"
695,Bromhexine Hydrochloride
696,Labetalol Hydrochloride
697,Apis Mellifera Venom
698,Wasp Venom
699,Clotrimazole
700,"Candida Albicans E Volumine Cellulae (Lyophil., Steril.) D3"
701,"Candida Albicans E Volumine Cellulae (Lyophil., Steril.) D4"
702,"Candida Albicans E Volumine Cellulae (Lyophil., Steril.) D5"
703,Lisinopril Anhydrous
704,Human Serum Albumin
705,"Olmesartan Medoxomil, Amlodipine"
706,"Olmesartan Medoxomil, Amlodipine, Hydrochlorothiazide"
707,Human Albumin Solution
708,Policresulen
709,Pemetrexed Diacid Monohydrate
710,Human Plasma Protein
711,Iodinated (125i) Human Serum Albumin
712,Proxymetacaine Hydrochloride
713,"Trometamol Citrate, Anhydrous Disodium Citrate, Dipotassium Hydrogen Citrate"
714,Clonidine Hydrochloride
715,"Allii Sativi Extractum, Echinaceae Purpureae Herbae"
716,Alfuzosin Hydrochloride
717,2-Propanol (Ph. Eur.)
718,"Iodine, Potassium Iodide"
719,"Cetylpyridinium Chloride, Ethanol (96 Per Cent)"
720,"Cetylpyridinium Chloride, Ethanol 70% (V/V)"
721,Atropine Sulfate
722,Ethanol 70 %
723,"Ethanol, Tartrazine, Camphor, Synthetic"
724,Ethanol 70% (V/V)
725,Sodium Oleate
726,Simvastatin
727,"Ethanol (96 Per Cent), 1-Propanol"
728,Rosuvastatin
729,Sodium Oxybate
730,"Altizide, Spironolactone"
731,"Hydrochlorothiazide, Spironolactone"
732,Potassium Canrenoate
733,Spironolactone
734,"Amlodipine, Perindopril Arginine"
735,Eplerenone
736,Paliperidone
737,Warfarin Sodium
738,"Framycetin Sulfate, Triamcinolone Acetonide"
739,"Chlortalidone, Spironolactone"
740,Methyldopa
741,Methyldopa Sesquihydrate
742,Lormetazepam
743,"Timolol, Travoprost"
744,Laronidase
745,Alectinib Hydrochloride
746,"Carbidopa, Levodopa"
747,Alendronate Sodium (Ph. Eur.)
748,"Alendronate Sodium Trihydrate, Cholecalciferol Concentrate (Powder Form)"
749,"Refined And Standardized Dry Extract Of Milk Thistle Fruit (24-27:1), Extraction Solvent: Acetone And Water (95:5)"
750,"Phenobarbital, Anhydrous Caffeine"
751,Fexofenadine Hydrochloride
752,"Betamethasone Valerate, Fluocinolone Acetonide"
753,"Antazoline Phosphate, Naphazoline Hydrochloride"
754,Levocetirizine Dihydrochloride
755,Rupatadine
756,Loratadine
757,Mometasone Furoate
758,Dimetindene Maleate
759,Donepezil Hydrochloride Monohydrate
760,Alfacalcidol
761,Letrozole
762,Isoprenaline Hydrochloride
763,Isoprenaline Sulfate
764,Cytarabine
765,Alpha Amylase
766,"Betamethasone Sodium Phosphate, Naphazoline Nitrate, Tetracycline Hydrochloride"
767,Ceftazidime
768,Human Alpha1-Proteinase Inhibitor
769,Terazosin
770,Nitrous Oxide
771,Hydrocortisone Butyrate
772,Diclofenac Diethylamine
773,"Betamethasone Sodium Phosphate, Chloramphenicol, Colistimethate Sodium, Tetracycline"
774,Cefaclor
775,Cefaclor Monohydrate
776,Alfentanil Hydrochloride
777,Alfentanil
778,Betahistine Dihydrochloride
779,Bioactive Concentrate Of Small Marine Fish
780,"Bioactive Concentrate Of Small Marine Fish, Rosemary Oil"
781,Alimemazine Tartrate
782,Alfuzosin
783,"Diethylamine Salicylate, Myrtecaine Lauryl Sulfate"
784,"Myrtecaine, Diethylamine Salicylate"
785,"Myrtecaine, Salicylic Acid, Diethylamine"
786,"Salicylic Acid, Diethylamine"
787,"Ascorbic Acid, Paracetamol, Codeine Phosphate Hemihydrate"
788,"Metamizole Sodium Monohydrate, Pitofenone Hydrochloride, Fenpiverinium Bromide"
789,"Metamizole Sodium Monohydrate, Pitofenone Hydrochloride"
790,"Pitofenone Hydrochloride, Metamizole Sodium"
791,"Paracetamol, Caffeine"
792,Metamizole Magnesium
793,Clonixin Lysinate
794,"Menthol, Guaiacol, Methyl Salicylate"
795,"Sodium Hydrogen Carbonate, Sodium Alginate"
796,"Mephenesin, Hydroxyethyl Salicylate, Methyl Nicotinate"
797,"Menthol, Camphor, Turpentine Oil"
798,"Paracetamol, Codeine Phosphate Hemihydrate"
799,"Paracetamol, Codeine Phosphate"
800,"Ibuprofen, Caffeine"
801,Drotaverine Hydrochloride
802,Goserelin
803,Metamizole Sodium
804,"Drotaverine Hydrochloride, Metamizole Sodium, Caffeine"
805,"Tramadol Hydrochloride, Paracetamol"
806,Concizumab
807,"Chlorphenamine Maleate, Ascorbic Acid, Paracetamol"
808,Duloxetine
809,Alimemazine
810,Pemetrexed
811,Alitretinoin
812,Pitavastatin
813,"Cyproterone Acetate, Ethinylestradiol"
814,Indometacin
815,"Apis Mellifera (801), Aluminium Hydroxide"
816,"Felis Domesticus (555), Aluminium"
817,Apis Mellifera (801)
818,Alternaria Alternata (402)
819,Arachis Hypogaea (762)
820,Aspergillus Fumigatus (405)
821,Bos Spp. (713)
822,Cancer Pagurus (729)
823,Clupea Harengus (725)
824,Pandalus Borealis (731)
825,Prunus Dulcis (764)
826,Triticum Aestivum (779)
827,Histamine Dihydrochloride
828,Betaine Citrate
829,"Potassium Hydrogen Carbonate, Sodium Hydrogen Carbonate, Sodium Citrate Ph. Eur."
830,Sodium Hydrogen Carbonate
831,"Sodium Hydrogen Carbonate, Citric Acid Anhydrous, Acetylsalicylic Acid"
832,"Chlorhexidine Dihydrochloride, Triamcinolone Acetonide"
833,"Betula Verrucosa (108), Aluminium"
834,"Dermatophagoides Farinae (504), Dermatophagoides Pteronyssinus (503), Aluminium"
835,"Dermatophagoides Pteronyssinus (503), Aluminium"
836,"Phleum Pratense (225), Aluminium"
837,"Phleum Pratense (225), Arrhenatherum Elatius (205), Dactylis Glomerata (214), Festuca Pratensis (218), Lolium Perenne (223), Poa Pratensis (228), Secale Cereale (231), Aluminium"
838,"Vespula Spp. (802), Aluminium Hydroxide"
839,Melphalan
840,Melphalan Hydrochloride
841,Vespula Spp. (802)
842,Ambrosia Artemisiifolia (302)
843,Chenopodium Album (322)
844,Cladosporium Herbarum (417)
845,Gallus Spp. (701)
846,Glycine Max (778)
847,Plantago Lanceolata (342)
848,Platanus Acerifolia (132)
849,Prunus Persica (613)
850,Artemisia Vulgaris (312)
851,Betula Verrucosa (108)
852,Canis Familiaris (553)
853,Dermatophagoides Farinae (504)
854,Dermatophagoides Pteronyssinus (503)
855,Felis Domesticus (555)
856,Phleum Pratense (225)
857,"Chlorhexidine Dihydrochloride, Dexpanthenol, Alphatocopherol Acetate, Vitamin A Concentrate (Oily Form), Synthetic"
858,"Phenylephrine Hydrochloride, Guaifenesin, Paracetamol"
859,"Diclofenac Sodium, Heparin Sodium"
860,"Diphenhydramine Hydrochloride, Lidocaine Hydrochloride Monohydrate"
861,Frovatriptan
862,Diphenhydramine Hydrochloride
863,"Euphrasia 3c D6, Argentum Nitricum D6, Sabadilla D6, Apis Mellifica D6"
864,"Acidum Formicicum Dil D6, Acidum Arsenicosum Dil. D8, Cuprum Metallicum Dil. D6"
865,Levocabastine
866,"Thryallis Glauca D4, Luffa Operculata D6, Schoenocaulon Officinale D4, Cardiospermum Halicacabum D4"
867,"Apis Mellifica Dil. D4, Acidum Formicicum Dil. D 4, Hydrocotyle Asiatica D3, Cardiospermum Dil. D2, Galphimia Glauca Dil. D3, Luffa Operculata Dil. D4"
868,Mometasone Furoate Monohydrate
869,"Aralia Racemosa D3, Acidum Arsenicosum D6, Apis Mellifica D3"
870,Chloropyramine Hydrochloride
871,"Chlorphenamine Maleate, Sodium Cromoglicate"
872,Ketotifen Hydrogen Fumarate
873,"Aluminium Hydroxide, Orchard Grass Pollen Allergoid, Chemically Modified, Meadow Fescue Pollen Allergoid, Chemically Modified, Kentucky Blue Grass Pollen Allergoid, Chemically Modified, Velvet Grass Pollen Allergoid, Chemically Modified, Rye Grass Pollen"
874,"Orchard Grass Pollen Allergoid, Chemically Modified, Meadow Fescue Pollen Allergoid, Chemically Modified, Kentucky Blue Grass Pollen Allergoid, Chemically Modified, Velvet Grass Pollen Allergoid, Chemically Modified, Rye Grass Pollen Allergoid, Chemically"
875,"Betula, Corylus Avellana, Alnus, Aluminium Hydroxide"
876,"Betula, Corylus Avellana, Alnus, Aluminium Hydroxide, Beech"
877,"Artemisia Vulgaris, Aluminium Hydroxide"
878,"Betula, Aluminium Hydroxide"
879,"Alnus, Aluminium Hydroxide"
880,"Corylus Avellana, Alnus, Aluminium Hydroxide"
881,"Triticum Aestivum, Phleum Pratense, Holcus Lanatus, Aluminium Hydroxide, Dactylis Glomerata, Festuca Pratensis, Lolium Perenne, Poa Pratensis, Secale Cereale, Oat, Hordeum Vulgare"
882,"Aluminium Hydroxide, Wall Pellitory"
883,"Aluminium Hydroxide, Rye Pollen Allergoid, Chemically Modified, Orchard Grass Pollen Allergoid, Chemically Modified, Meadow Fescue Pollen Allergoid, Chemically Modified, Kentucky Blue Grass Pollen Allergoid, Chemically Modified, Velvet Grass Pollen Allerg"
884,"Phleum Pratense, Holcus Lanatus, Aluminium Hydroxide, Dactylis Glomerata, Festuca Pratensis, Lolium Perenne, Poa Pratensis, Secale Cereale"
885,"Aluminium Hydroxide, Rye Pollen Allergoid, Chemically Modified, Orchard Grass Pollen Allergoid, Chemically Modified, Mugwort Pollen Allergoid, Chemically Modified, Meadow Fescue Pollen Allergoid, Chemically Modified, Kentucky Blue Grass Pollen Allergoid,"
886,"Phleum Pratense, Holcus Lanatus, Artemisia Vulgaris, Aluminium Hydroxide, Dactylis Glomerata, Festuca Pratensis, Lolium Perenne, Poa Pratensis, Secale Cereale"
887,"Aluminium Hydroxide, Birch Pollen Allergoid, Chemically Modified, Rye Pollen Allergoid, Chemically Modified, Orchard Grass Pollen Allergoid, Chemically Modified, Meadow Fescue Pollen Allergoid, Chemically Modified, Kentucky Blue Grass Pollen Allergoid, Ch"
888,"Betula, Phleum Pratense, Holcus Lanatus, Aluminium Hydroxide, Dactylis Glomerata, Festuca Pratensis, Lolium Perenne, Poa Pratensis, Secale Cereale"
889,"Plantago Lanceolata, Phleum Pratense, Holcus Lanatus, Aluminium Hydroxide, Dactylis Glomerata, Festuca Pratensis, Lolium Perenne, Poa Pratensis, Secale Cereale"
890,"Triticum Aestivum, Phleum Pratense, Holcus Lanatus, Artemisia Vulgaris, Aluminium Hydroxide, Dactylis Glomerata, Festuca Pratensis, Lolium Perenne, Poa Pratensis, Secale Cereale, Oat, Hordeum Vulgare"
891,"Betula, Triticum Aestivum, Phleum Pratense, Holcus Lanatus, Aluminium Hydroxide, Dactylis Glomerata, Festuca Pratensis, Lolium Perenne, Poa Pratensis, Secale Cereale, Oat, Hordeum Vulgare"
892,"Plantago Lanceolata, Triticum Aestivum, Phleum Pratense, Holcus Lanatus, Aluminium Hydroxide, Dactylis Glomerata, Festuca Pratensis, Lolium Perenne, Poa Pratensis, Secale Cereale, Oat, Hordeum Vulgare"
893,"Plantago Lanceolata, Phleum Pratense, Holcus Lanatus, Artemisia Vulgaris, Aluminium Hydroxide, Dactylis Glomerata, Festuca Pratensis, Lolium Perenne, Poa Pratensis, Secale Cereale"
894,"Betula, Plantago Lanceolata, Phleum Pratense, Holcus Lanatus, Aluminium Hydroxide, Dactylis Glomerata, Festuca Pratensis, Lolium Perenne, Poa Pratensis, Secale Cereale"
895,"Corylus Avellana, Aluminium Hydroxide"
896,"Aluminium Hydroxide, Secale Cereale"
897,"Plantago Lanceolata, Aluminium Hydroxide"
898,Chlorphenamine Maleate
899,"Levomenthol, Camphor, Racemic, Pumilio Pine Oil"
900,Orlistat
901,"Urticae Folium, Allium Sativum"
902,Allium Sativum Bulb
903,Allium Cepa Trit. D4
904,"Garlic Powder, Nettle Leaf Powder, Charcoal, Activated, Dry Animal Bile Powder"
905,Allopurinol Bp
906,Allopurinol (Ph. Eur.)
907,Olopatadine
908,"Dry Extract Of Valerian Root (5 - 8:1 ), Extraction Solvent : Methanol 45 % (M / M), Dry Extract Of Hop Cones (7 - 10:1): Extract Solvent: Methanol 45% (M / M)"
909,Botulinum Toxin Type A - Haemagglutinin Complex
910,Botulinum Toxin Type A For Injection Ph. Eur.
911,Amoxicillin
912,Almagate
913,"Benzocaine, Aluminium Hydroxide Gel, Magnesium Hydroxide"
914,Flecainide Acetate
915,"Salbutamol Sulfate, Ipratropium Bromide"
916,"Valsartan, Hydrochlorothiazide"
917,Aluminium Hydroxide
918,"Magnesium Oxide, Light, Aluminium Aminoacetate"
919,"Perindopril Tert-Butylamine, Amlodipine Besilate"
920,Almotriptan
921,Almotriptan Malate
922,Chlorphenamine Maleate Bp
923,Bisacodyl Ph. Eur.
924,Levonorgestrel
925,Chloramphenicol
926,Bisacodyl Bp
927,Prochlorperazine Maleate
928,Pseudoephedrine Hydrochloride
929,Naproxen
930,Citric Acid Monohydrate Bp
931,"Acetylsalicylic Acid, Caffeine, Codeine Phosphate Hemihydrate"
932,Pethidine Hydrochloride
933,"Cetylpyridinium Chloride, Chlorobutanol Hemihydrate, Eugenol"
934,Alogliptin
935,Lodoxamide
936,Lodoxamide Trometamol
937,"Hydrochlorothiazide, Nebivolol"
938,Promethazine Hydrochloride
939,"Dimeticone, Loperamide Hydrochloride"
940,Haloperidol
941,Haloperidol Decanoate
942,Celiprolol Hydrochloride
943,"Losartan Potassium, Amlodipine"
944,"Bisoprolol Fumarate, Amlodipine Besilate"
945,Palonosetron
946,Miristalkonium Chloride
947,"Belladonna D6, Chamomilla D 6, Ferrum Phosphoricum D6, Hepar Sulfuris D12, Pulsatilla Pratensis D6"
948,"Cypripedium Parviflorum Var. Pubescens D4, Zincum Valerianicum D12, Magnesium Carbonicum D10"
949,"Calcium Carbonicum Hahnemanni D6, Calcium Fluoratum D6, Calcarea Phosphorica D6, Sulfur Jodatum D12"
950,"Staphisagria D12, Matricaria Recutita D12, Valeriana D6, Kalium Phosphoricum D6"
951,"Fennel, Bitter, Plantago Lanceolata, Thyme, Liquorice Root"
952,A-Amyl Cinnamaldehyde
953,"Articaine Hydrochloride, Epinephrine Hydrochloride"
954,Cefepime
955,Hexyl Cinnamic Aldehyde
956,"Alpha-Lipoic Acid, Meglumine Salt"
957,"Human Coagulation Factor Viii, Human Von Willebrand Factor"
958,"Influenza Virus B/Austria/1359417/2021-Like Strain (B/Austria/1359417/2021, Bvr-26), Influenza A/Victoria/4897/2022 Ivr-238 (H1n1), Inactivated, Influenza A Virus, A/Croatia/10136rv/2023 (H3n2) Like Strain X-425a, Inactivated"
959,"B/Phuket/3073/2013-Like Virus (B/Phuket/3073/2013, Wild Type), Influenza Virus B/Austria/1359417/2021-Like Strain (B/Austria/1359417/2021, Bvr-26), Influenza A/Victoria/4897/2022 Ivr-238 (H1n1), Inactivated, Influenza A Virus, A/Croatia/10136rv/2023 (H3n2"
960,Coal Tar
961,"Prednisolone, Salicylic Acid"
962,"Estradiol Benzoate, Prednisolone, Salicylic Acid"
963,"Betamethasone Valerate, Fusidic Acid"
964,"Ivy Leaf Dry Extract (Der 6-7:1), Extraction Solvent: 40% (M/M)"
965,Althaea Syrup
966,"Liquid Extract Of Passionflower Herb (1:6-10), Extraction Solvent: Ethanol 45% (V/V)"
967,"Dry Extract Valerian Root (3-6:1), Dry Extract Of Passion Flower (5-7:1)"
968,Prazosin Hydrochloride
969,Alprostadil
970,Eftrenonacog Alfa
971,Alprostadil Alfadex
972,Ketoprofen
973,Valsartan
974,Riluzole
975,Memantine
976,"Alverine Citrate, Simeticone"
977,"Isopropyl Alcohol, 1-Propanol"
978,Aluminium Acetate Tartrate Solution
979,Aluminium Acetotartrate
980,"Bacitracin, Neomycin"
981,Promelase
982,Methenamine Hippurate
983,Marshmallow Root
984,Tetanus Toxoid Adsorbed On Aluminium Hydroxide
985,Olmesartan Medoxomil
986,"Olmesartan Medoxomil, Hydrochlorothiazide"
987,"Amlodipine Besilate, Candesartan Cilexetil"
988,"Sulfadiazine Silver, Sodium Hyaluronate"
989,Chondroitin Sulfate Sodium
990,Urofollitropin
991,Alternaria Alternata
992,Alternaria Alternata Extract
993,Althaeae Radicis Maceratio
994,Cortivazol
995,"Atorvastatin, Ezetimibe"
996,Efanesoctocog Alfa
997,"Magnesium Hydroxide, Aluminium Hydroxide"
998,Dihydroxyaluminum Sodium Carbonate
999,"Aluminium Oxide, Magnesium Hydroxide"
1000,Brigatinib
1001,Orciprenaline Sulfate Ph. Eur.
1002,Aluminium Phosphate Gel
1003,Lurasidone
1004,Alnus Glutinosa L.
1005,"Alnus Glutinosa L., Parietaria Judaica L."
1006,"Alnus Glutinosa L., Salsola Kali L."
1007,Ambrosia Artemisiifolia
1008,Anthoxanthum Odoratum L.
1009,Artemisia Vulgaris L.
1010,"Avena Fatua Whole., Bromus Inermis Whole, Dactylis Glomerata L., Phleum Pratense L., Anthoxanthum Odoratum L., Lolium Perenne L., Poa Pratensis L., Holcus Lanatus, Festuca Pratensis Hudson, Agrostis Capillaris L., Cynodon Dactylon (L.) Pers., Arrhenatheru"
1011,"Avena Sativa L., Triticum Aestivum, Dactylis Glomerata L., Phleum Pratense L., Anthoxanthum Odoratum L., Lolium Perenne L., Poa Pratensis L., Zea Mays L., Hordeum Vulgare L."
1012,"Avena Sativa L., Triticum Aestivum, Zea Mays L., Hordeum Vulgare L."
1013,Betula
1014,"Betula, Corylus Avellana L., Alnus Glutinosa L."
1015,"Betula, Corylus Avellana L., Carpinus Betulus L., Alnus Glutinosa L."
1016,Blomia Tropicalis
1017,Carpinus Betulus L.
1018,Cat Epithelia
1019,Corylus Avellana L.
1020,"Cynodon Dactylon (L.) Pers., Alnus Glutinosa L."
1021,Dactylis Glomerata L.
1022,"Dactylis Glomerata L., Phleum Pratense L."
1023,"Dactylis Glomerata L., Phleum Pratense L., Anthoxanthum Odoratum L., Lolium Perenne L., Poa Pratensis L."
1024,"Dactylis Glomerata L., Phleum Pratense L., Lolium Perenne L."
1025,"Dactylis Glomerata L., Phleum Pratense L., Lolium Perenne L., Poa Pratensis L."
1026,Dermatophagoides Farinae
1027,Dermatophagoides Pteronyssinus
1028,Dog Epithelia
1029,Fraxinus Excelsior L.
1030,"Juniperus Ashei Buchholz, Alnus Glutinosa L."
1031,Lolium Perenne L.
1032,Olea Europaea L.
1033,Parietaria Officinalis L.
1034,Phleum Pratense L.
1035,Poa Pratensis L.
1036,Secale Cereale L.
1037,"Avena Fatua Whole., Triticum Aestivum, Dactylis Glomerata L., Phleum Pratense L., Anthoxanthum Odoratum L., Lolium Perenne L., Poa Pratensis L., Zea Mays L., Hordeum Vulgare L."
1038,Cynodon Dactylon (L.) Pers.
1039,Juniperus Ashei Buchholz
1040,Parietaria Judaica L.
1041,Salsola Kali L.
1042,Brassica Napus L.
1043,Castanea Sativa
1044,Cupressus Sempervirens
1045,Fagus Sylvatica L.
1046,Lepidoglyphus Destructor
1047,Ligustrum Vulgare L.
1048,Plantago Lanceolata
1049,Platanus Acerifolia
1050,Populus Alba
1051,Quercus Robur L.
1052,Salix Caprea L.
1053,Acacia Dealbata Link.
1054,Acarus Siro
1055,Acer Pseudoplatanus L.
1056,Aedes Communis
1057,Aesculus Hippocastanum L.
1058,Agrostis Capillaris L.
1059,Amarantus Retroflexus L.
1060,Arrhenatherum Elatius
1061,Aspergillus Fumigatus
1062,Aspergillus Nidulans
1063,Aspergillus Niger
1064,Aureobasidium Pullulans
1065,Avena Fatua Whole.
1066,Avena Sativa L.
1067,Bagasse
1068,Blatella Germanica
1069,Botrytis Cinerea
1070,Brassica Nigra
1071,Candida Albicans
1072,Chaetomium Globosum
1073,Chenopodium Album L.
1074,Chrysanthemum Leucanthemum L.
1075,Cladosporium Cladosporioides
1076,Cladosporium Herbarum Extract
1077,Cupressus Arizonica Whole
1078,"Duck Feathers, Chicken Feathers, Goose Feathers"
1079,Elymus Repens
1080,Ephestia Kuehniella
1081,Epicoccum Purpurascens
1082,Epidermophyton Floccosum
1083,Euroglyphus Maynei Extract
1084,Festuca Pratensis Hudson
1085,Fusarium Solani
1086,Glyciphagus Domesticus
1087,Guinea Pig Epithelia
1088,Hamster Epithelia
1089,Helianthus Annuus L.
1090,Helminthosporium Halodes
1091,Holcus Lanatus
1092,Hordeum Vulgare L.
1093,Horse Epithelia
1094,Horse Fly
1095,Humulus Lupulus
1096,Juglans Regia L.
1097,Juniperus Communis L.
1098,Medicago Sativa L.
1099,Morus Alba L.
1100,Mouse Epithelia
1101,Mucor Racemosus
1102,"Oak Sawdust, Wild Cherry Sawdust, Beech Sawdust, Pine Sawdust"
1103,Paspalum Notatum
1104,Penicillium Digitatum
1105,Penicillium Expansum
1106,Penicillium Notatum
1107,Phoenix Dactylifera
1108,Pinus Sylvestris L.
1109,Pleospora Herbarum
1110,Prosopis Glandulosa Torr
1111,Pyroglyphus Africanus
1112,Rabbit Epithelia
1113,Rat Epithelia
1114,Rhizopus Nigricans
1115,Robinia Pseudoacacia L.
1116,Rumex Acetosa L.
1117,Saccharomyces Cerevisiae
1118,Saccharomyces Minor
1119,Sambucus Nigra L.
1120,Serpula Lacrimans
1121,Smooth Brome
1122,Solidago Canadensis L.
1123,Sorghum Halepense Whole
1124,Taraxacum Officinale
1125,Tilia
1126,Trichophyton Rubrum
1127,Trichothecium Roseum
1128,Trifolium Pratense L.
1129,Triticum Aestivum
1130,Tyrophagus Putrescentiae
1131,Ulmus Campestris L.
1132,Urtica Dioica L.
1133,Ustilago Avenae
1134,Ustilago Holci
1135,Ustilago Tritici
1136,Ustilago Zeae
1137,Wheat Flour
1138,Xanthium Strumarium L.
1139,Zea Mays L.
1140,"Canis Familiaris (553), Aluminium"
1141,"Equus Caballus (552), Aluminium"
1142,"Phleum Pratense (225), Alopecurus Pratensis (203), Dactylis Glomerata (214), Festuca Pratensis (218), Lolium Perenne (223), Aluminium"
1143,"Aluminium Oxide, Hydrated, Magnesium Trisilicate"
1144,Valganciclovir Hydrochloride
1145,Diosmin
1146,Venlafaxine
1147,"Phospholipid Fraction, Bovine Lung"
1148,Alverine Citrate
1149,Amiloride Hydrochloride Dihydrate
1150,"Hawthorn Berries, Crataegi Folium Cum Flore, Matricariae Flos, Hyperici Herba, Menthae Piperitae Herba, Melissae Herba, Visci Herba, Equiseti Herba"
1151,"Valsartan, Amlodipine"
1152,Iron
1153,Iron Sucrose
1154,"Calcium Ion, Sulfate, Hydrogen Carbonate"
1155,"Tezacaftor, Deutivacaftor, Vanzacaftor"
1156,Betula Pollen Extract
1157,Wasp Venom (Polistes Spp)
1158,Wasp Venom (Vespula Spp)
1159,Albumen
1160,Allium Cepa
1161,Allium Sativum
1162,Almond
1163,Apple Fruit
1164,Apricot
1165,Arachis Hypogaea
1166,Artichoke
1167,Avocado
1168,Banana Fruit
1169,Barley Cream
1170,Bay Leaf
1171,Bean Mixture
1172,Carp
1173,Celery
1174,Chicken
1175,Citrus Limon
1176,Cod
1177,Coffea
1178,Crab
1179,Cumin
1180,Curry
1181,Daucus Carota
1182,Egg Yolk
1183,"Egg, Whole"
1184,Fragaria X Ananassa Fruit
1185,Hake
1186,Hazelnut
1187,Juglans Regia
1188,Kiwi Fruit
1189,Malt Extract
1190,Mango Fruit
1191,Melon Fruit
1192,Mussel
1193,Mustard
1194,Nutmeg
1195,Olive Fruit
1196,Orange
1197,Orfe
1198,Oryza Sativa
1199,Oyster
1200,Paprika
1201,Passion Fruit
1202,Peach Fruit
1203,Perch
1204,Pike
1205,Pimpinella Anisum
1206,Piper Nigrum
1207,Pisum Sativum
1208,Pork
1209,Rye Flour
1210,Sardine
1211,Sesamum Indicum
1212,Shrimp
1213,Solanum Tuberosum
1214,Soy
1215,Spinach
1216,Spiny Lobster
1217,Sugar Cane
1218,Tea Leaf
1219,Theobroma Cacao
1220,Tomato
1221,Tuna
1222,Latex
1223,"Aesculus Hippocastanum L., Robinia Pseudoacacia L., Acer Pseudoplatanus L., Tilia, Platanus Acerifolia"
1224,"Aspergillus Fumigatus, Aspergillus Niger, Aspergillus Nidulans"
1225,"Castanea Sativa, Fagus Sylvatica L., Quercus Robur L."
1226,"Chenopodium Album L., Amarantus Retroflexus L."
1227,"Cladosporium Herbarum Extract, Cladosporium Cladosporioides"
1228,"Glyciphagus Domesticus, Lepidoglyphus Destructor, Tyrophagus Putrescentiae, Acarus Siro"
1229,Green Bean
1230,"Ligustrum Vulgare L., Olea Europaea L., Fraxinus Excelsior L."
1231,Maize Starch
1232,"Maize Starch, Barley Cream, Oatmeal, Wheat Flour, Oryza Sativa, Rye Flour, Wholewheat Flour"
1233,"Medicago Sativa L., Trifolium Pratense L., Rumex Acetosa L., Urtica Dioica L., Brassica Nigra"
1234,"Penicillium Digitatum, Penicillium Expansum, Penicillium Notatum"
1235,"Pike, Carp, Perch"
1236,"Populus Alba, Salix Caprea L."
1237,"Saccharomyces Minor, Saccharomyces Cerevisiae"
1238,"Ustilago Avenae, Ustilago Tritici, Ustilago Holci, Ustilago Zeae"
1239,Whiting
1240,"Xanthium Strumarium L., Chrysanthemum Leucanthemum L., Solidago Canadensis L., Taraxacum Officinale"
1241,Lupin Flour
1242,Wholewheat Flour
1243,"Dactylis Glomerata L., Phleum Pratense L., Anthoxanthum Odoratum L., Lolium Perenne L., Poa Pratensis L., Secale Cereale L."
1244,Codeine Phosphate
1245,Coconut
1246,Codeine Phosphate Hemihydrate
1247,Felis Domesticus
1248,Pepper
1249,Sesame Seed
1250,"Refined And Quantified Dry Extract Of Ginkgo Biloba Leaves (35-67:1) Quantified To 22.0 To 27.0 % Of Flavonoids Expressed As Flavone Glycosides, 2.8 To 3.4 % Of Ginkgolides A, B And C, And 2.6 To 3.2 % Of Bilobalide. Extraction Solvent: Acetone 60% (M/M)"
1251,Diosmectite
1252,"Ezetimibe, Rosuvastatin Calcium"
1253,Azithromycin
1254,"Memantine Hydrochloride, Donepezil Hydrochloride"
1255,Lamotrigine
1256,"Amlodipine, Atorvastatin"
1257,Amantadine Hemisulfate
1258,Amantadine Hydrochloride
1259,Amantadine
1260,Amantadine Hydrochloride Ph. Eur.
1261,Amantadine Sulfate
1262,"Eschscholtzia Californica Flowering Top, Cryoground"
1263,"Artemisia Absinthium Ø, Achillea Millefolium, Flos, Ethanol. Infusum Ø, Gentiana Lutea, Ethanol. Decoctum Ø, Juniperus Communis, Summitates, Ethanol. Infusum Ø, Cichorium Intybus Planta Tota Rec. Ø, Erythraea Centaurium Herba Rec. Ø, Imperatoria Ostruthiu"
1264,"Cinchona Bark, Gentian Root, Bitter Orange Peel, Cinnamomi Cortex"
1265,"Artemisia Absinthium, Herba Rec., Ethanol. Extr. 1:2,3, Centaurium Erythraea, Herba Rec., Ethanol. Extr. 1:2,3, Cichorium Intybus, Planta Tota Rec., Ethanol. Extr. 1:2,3, Gentiana Lutea, Ethanol. Decoctum Ø, Juniperus Communis, Summitates, Ethanol. Infusu"
1266,Glimepiride
1267,"Phenylbutazone Sodium, Lidocaine Hydrochloride"
1268,Ambrisentan
1269,"Aluminium Phosphate, Hepatitis A Virus (Inactivated ) Adsorbed On Aluminium Hydroxide Hydrated Produced On Human Diploid (Mrc-5) Cells, Hepatitis B Surface Antigen (Rdna) Adsorbed On Aluminium Phosphate [produced In S. Cerevisae Cells By Rdna], Algeldrate"
1270,Cerebrolysin Concentrate
1271,Tetracycline Hydrochloride
1272,"Sepia Officinalis Trit. D4, Strychnos Ignatii Trit D3, Hyoscyamus Niger Trit D3, Ambra Grisea Trit. D2"
1273,"Ambroxol Hydrochloride, Isomalt"
1274,Ambroxol Acefyllinate
1275,Ambroxol
1276,Amcinonide
1277,"Dutasteride, Tamsulosin Chloride"
1278,"Chlormadinone Acetate, Ethinylestradiol"
1279,Dexamethasone
1280,Amerchol L-101
1281,"Amiloride Hydrochloride, Hydrochlorothiazide"
1282,Levofloxacin Hemihydrate
1283,"Amlodipine, Lisinopril"
1284,Tetracaine
1285,"Amphotericine B, Liposome"
1286,Adalimumab
1287,Glibenclamide
1288,Candesartan Cilexetil
1289,"Bupivacaine Hydrochloride, Anhydrous"
1290,Amikacin Sulfate
1291,Amikacin
1292,"Ethinylestradiol, Norgestimate"
1293,"Chlortalidone, Amiloride Hydrochloride Dihydrate"
1294,"Lisinopril Dihydrate, Hydrochlorothiazide"
1295,Propamidine Isetionate
1296,"Glycopyrronium Bromide, Indacaterol Maleate"
1297,"Meglumine Amidotrizoate, Sodium Amidotrizoate"
1298,Amifampridine
1299,Amifampridine Phosphate
1300,Sumatriptan Succinate
1301,"Amiloride, Hydrochlorothiazide"
1302,"Hydrochlorothiazide, Amiloride Hydrochloride Dihydrate"
1303,Amiloride Hydrochloride Bp
1304,Anhydrous Amiloride Hydrochloride
1305,Amiloride Hydrochloride
1306,Pyridostigmine Bromide
1307,"Isoleucine, L-Leucine, L-Valine"
1308,"Valine, Isoleucine, Leucine"
1309,"L-Isoleucine, L-Leucine, L-Valine"
1310,"L-Lysine Hydrochloride, L-Tryptophan, L-Histidine, L-Isoleucine, L-Leucine, L-Methionine, L-Threonine, L-Valine, L-Phenylalanine"
1311,"Glycine, L-Lysine Acetate, L-Tryptophan, L-Arginine, L-Histidine, L-Isoleucine, L-Leucine, L-Methionine, L-Proline, L-Serine, L-Threonine, L-Tyrosine, L-Valine, L-Phenylalanine, L-Alanine"
1312,"Valine, Histidine, Isoleucine, Leucine, Lysine, Methionine, Phenylalanine, Threonine, Tryptophan"
1313,"Glycine, L-Lysine Acetate, L-Tryptophan, L-Arginine, L-Histidine, L-Isoleucine, L-Leucine, L-Methionine, L-Proline, L-Serine, L-Threonine, L-Valine, L-Phenylalanine, L-Alanine"
1314,Levocarnitine
1315,Levocarnitine Tartrate
1316,Aminophylline Hydrate
1317,Aminophylline
1318,Aminophylline Dihydrate
1319,"Acetylcysteine, Glutamic Acid, Glycine, N-Acetyltyrosine, Magnesium Chloride Hexahydrate, Potassium Chloride, Sodium Chloride, Sodium Hydroxide, Calcium Chloride Dihydrate, L-Lysine Acetate, Sodium Acetate Trihydrate, L-Tryptophan, L-Arginine, L-Histidine"
1320,"Acetylcysteine, Glutamic Acid, Glycine, N-Acetyltyrosine, Magnesium Chloride Hexahydrate, Potassium Chloride, Sodium Chloride, Sodium Hydroxide, Calcium Chloride Dihydrate, Sodium Acetate Trihydrate, L-Tryptophan, L-Arginine, L-Histidine, Lysine Acetate,"
1321,"Acetylcysteine, Glycine, L-Lysine Acetate, L-Tryptophan, Glycyl-Tyrosine, L-Arginine, L-Histidine, L-Isoleucine, L-Leucine, L-Methionine, L-Proline, L-Serine, L-Threonine, L-Tyrosine, L-Valine, L-Phenylalanine, L-Alanine"
1322,"Acetylcysteine, Glycine, N-Acetyltyrosine, L-Lysine Acetate, L-Tryptophan, L-Arginine, L-Histidine, L-Isoleucine, L-Leucine, L-Methionine, L-Proline, L-Serine, L-Threonine, L-Valine, L-Phenylalanine, L-Glutamic Acid, L-Alanine"
1323,"Valine, Acetylcysteine, Alanine, Arginine, Histidine, Isoleucine, Leucine, Methionine, Phenylalanine, Proline, Serine, Threonine, Glutamic Acid, Glycine, N-Acetyltyrosine, Tryptophan, Lysine Acetate"
1324,"Valine, Acetylcysteine, Alanine, Arginine, Histidine, Isoleucine, Leucine, Methionine, Phenylalanine, Proline, Serine, Threonine, Tyrosine, Glycine, Tryptophan, Glycyl-Tyrosine, Lysine Acetate"
1325,"Valine, Alanine, Arginine, Histidine, Isoleucine, Leucine, Methionine, Phenylalanine, Proline, Serine, Taurine, Threonine, Tyrosine, Acetic Acid, Glacial, Glycine, Tryptophan, Magnesium Chloride Hexahydrate, Potassium Hydroxide, Sodium Chloride, Zinc Chlo"
1326,"Valine, Alanine, Arginine, Histidine, Isoleucine, Leucine, Methionine, Phenylalanine, Proline, Serine, Taurine, Threonine, Tyrosine, Acetic Acid, Glacial, Glycine, Tryptophan, Glucose Monohydrate, Lysine Acetate"
1327,"Taurine, Glycine, Potassium Chloride, Calcium Chloride Dihydrate, L-Lysine Acetate, Glucose Monohydrate, Magnesium Sulfate Heptahydrate, Sodium Acetate Trihydrate, Sodium Glycerophosphate, L-Tryptophan, L-Arginine, L-Histidine, L-Isoleucine, L-Leucine, L-"
1328,"Valine, Acetylcysteine, Alanine, Arginine, Histidine, Isoleucine, Leucine, Methionine, Phenylalanine, Proline, Serine, Taurine, Threonine, Aspartic Acid, Glutamic Acid, Glycine, N-Acetyltyrosine, Tryptophan, Citric Acid Anhydrous, Glutamic Acid Lysine Sal"
1329,Aminophylline Hydrate Bp
1330,"Valine, Acetylcysteine, Alanine, Arginine, Histidine, Isoleucine, Leucine, Methionine, Phenylalanine, Proline, Serine, Threonine, Tyrosine, Aspartic Acid, Glutamic Acid, Glycine, Tryptophan, Lysine Monohydrate"
1331,"Valine, Alanine, Arginine, Histidine, Isoleucine, Leucine, Methionine, Phenylalanine, Proline, Serine, Threonine, Tyrosine, Aspartic Acid, Glutamic Acid, Glycine, Tryptophan, Lysine Acetate, Lysine Monohydrate"
1332,"Valine, Alanine, Arginine, Histidine, Isoleucine, Leucine, Methionine, Phenylalanine, Proline, Serine, Threonine, Tyrosine, Aspartic Acid, Disodium Phosphate Dodecahydrate, Glutamic Acid, Glycine, Tryptophan, Magnesium Chloride Hexahydrate, Sodium Hydroxi"
1333,"Valine, Alanine, Arginine, Histidine, Isoleucine, Leucine, Methionine, Phenylalanine, Proline, Serine, Threonine, Tyrosine, Aspartic Acid, Disodium Phosphate Dodecahydrate, Glutamic Acid, Glycine, Tryptophan, Magnesium Chloride Hexahydrate, Sodium Chlorid"
1334,"Valine, Alanine, Arginine, Histidine, Isoleucine, Leucine, Methionine, Phenylalanine, Proline, Serine, Threonine, Tyrosine, Aspartic Acid, Glutamic Acid, Glycine, Tryptophan, Magnesium Chloride Hexahydrate, Sodium Chloride, Sodium Hydroxide, Lysine Hydroc"
1335,"Valine, Ornithine Hydrochloride, Acetylcysteine, Alanine, Arginine, Histidine, Isoleucine, Leucine, Methionine, Phenylalanine, Proline, Serine, Threonine, Aspartic Acid, Glutamic Acid, Glycine, N-Acetyltyrosine, Tryptophan, Lysine Acetate, Asparagine Mono"
1336,"Valine, Ornithine Hydrochloride, Acetylcysteine, Alanine, Arginine, Histidine, Isoleucine, Leucine, Methionine, Phenylalanine, Proline, Serine, Threonine, Aspartic Acid, Glutamic Acid, Glycine, Tryptophan, Lysine Acetate, Asparagine Monohydrate"
1337,"Valine, Acetylcysteine, Alanine, Arginine, Histidine, Isoleucine, Leucine, Methionine, Phenylalanine, Proline, Serine, Taurine, Threonine, Aspartic Acid, Glutamic Acid, Glycine, N-Acetyltyrosine, Tryptophan, Lysine Monohydrate"
1338,"Acetylcysteine, Glycine, L-Lysine Acetate, L-Tryptophan, L-Arginine, L-Histidine, L-Isoleucine, L-Leucine, L-Methionine, L-Proline, L-Serine, L-Threonine, L-Valine, L-Phenylalanine, L-Alanine"
1339,"Acetylcysteine, Acetic Acid, Glacial, Glycine, L-Lysine Acetate, L-Tryptophan, L-Arginine, L-Histidine, L-Isoleucine, L-Leucine, L-Methionine, L-Proline, L-Serine, L-Threonine, L-Valine, L-Phenylalanine, L-Alanine"
1340,"Valine, Acetylcysteine, Alanine, Arginine, Histidine, Isoleucine, Leucine, Methionine, Phenylalanine, Proline, Serine, Threonine, Glycine, Tryptophan, Lysine Acetate"
1341,"Valine, Acetylcysteine, Alanine, Arginine, Histidine, Isoleucine, Leucine, Methionine, Phenylalanine, Proline, Serine, Threonine, Acetic Acid, Glacial, Glycine, Tryptophan, Lysine Acetate"
1342,"Valine, Alanine, Arginine, Histidine, Isoleucine, Leucine, Methionine, Phenylalanine, Proline, Serine, Taurine, Threonine, Tyrosine, Glycine, Tryptophan, Lysine Acetate"
1343,"Acetylcysteine, Taurine, Glycine, N-Acetyltyrosine, L-Lysine Acetate, L-Tryptophan, L-Arginine, L-Histidine, L-Isoleucine, L-Leucine, L-Methionine, L-Proline, L-Serine, L-Threonine, L-Valine, L-Phenylalanine, L-Malic Acid, L-Alanine"
1344,"Valine, Acetylcysteine, Alanine, Arginine, Histidine, Isoleucine, Leucine, Methionine, Phenylalanine, Proline, Serine, Taurine, Threonine, Glycine, N-Acetyltyrosine, Tryptophan, Lysine Acetate, L-Malic Acid"
1345,"Valine, Acetylcysteine, Alanine, Arginine, Histidine, Isoleucine, Leucine, Methionine, Phenylalanine, Proline, Serine, Threonine, Glycine, N-Acetyltyrosine, Tryptophan, Lysine Acetate, L-Malic Acid"
1346,Ethambutol Hydrochloride
1347,Amiodarone Hydrochloride
1348,Amitriptylinoxide Dihydrate
1349,"Dorzolamide Hydrochloride, Timolol Maleate"
1350,"Amlodipine, Hydrochlorothiazide, Ramipril"
1351,"Simvastatin, Ezetimibe"
1352,Amitriptyline
1353,Amitriptyline Hydrochloride - Bp
1354,Artesunate
1355,Idebenone
1356,Carbamazepine
1357,"Perindopril Tert-Butylamine, Amlodipine"
1358,"Perindopril Tert-Butylamine, Amlodipine, Indapamide"
1359,Amlodipine Mesilate
1360,"Valsartan, Amlodipine Besilate"
1361,"Valsartan, Hydrochlorothiazide, Amlodipine Besilate"
1362,Amlodipine Mesilate Monohydrate
1363,"Valsartan, Amlodipine, Hydrochlorothiazide"
1364,"Amlodipine, Candesartan Cilexetil"
1365,"Olmesartan Medoxomil, Hydrochlorothiazide, Amlodipine Besilate"
1366,"Olmesartan Medoxomil, Amlodipine Besilate"
1367,"Amlodipine, Ramipril"
1368,Amlodipine Maleate
1369,Amsacrine
1370,"Ammi Visnaga E Fructibus Ferm 35b Ø (Hab, Vs. 35b), Atropa Belladonna Ex Herba Ferm 33a Ø (Hab, Vs. 33a), Chamomilla Recutita E Radice Ferm 33c Ø (Hab, Vs. 33c), Nicotiana Tabacum E Foliis Ferm 33b Ø (Hab, Vs. 33b)"
1371,Sodium Phenylbutyrate
1372,Ammonium Persulfate
1373,Ammonium Thioglycolate
1374,"Talc, Zinc Oxide"
1375,"Amoxicillin Trihydrate, Clavulanic Acid"
1376,Amodiaquine
1377,"Bisoprolol Fumarate, Amlodipine"
1378,Amorolfine
1379,"Menthol, Peppermint Oil, Cinnamon Oil, Citronella Oil, Clove Oil, Lavender Oil, Lemon Oil"
1380,Amorolfine Hydrochloride
1381,Ammonia
1382,"Ammonia Solution, Concentrated"
1383,Didecyldimethylammonium Chloride
1384,Amoxicillin Trihydrate
1385,"Amoxicillin Sodium, Potassium Clavulanate"
1386,"Amoxicillin, Potassium Clavulanate"
1387,Amoxicillin Trihydrate Bp
1388,Amoxicillin Sodium
1389,"Amoxicillin Trihydrate, Silica, Colloidal Anhydrous"
1390,"Amoxicillin Trihydrate, Amoxicillin, Clavulanic Acid, Potassium Clavulanate"
1391,Ampicillin Sodium
1392,"Ampicillin, Sulbactam"
1393,"Sulbactam Sodium, Ampicillin"
1394,"Amoxicillin Trihydrate, Sulbactam Sodium"
1395,"Ampicillin Sodium, Sulbactam Sodium"
1396,"Ampicillin Sodium, Sulbactam Sodium, Lidocaine Hydrochloride"
1397,Triclosan
1398,Chloroprocaine Hydrochloride
1399,"Hydrochlorothiazide, Ramipril"
1400,Propolis Mother Tincture
1401,Chlorine
1402,Sodium Hypochlorite
1403,Betaine Anhydrous
1404,Vutrisiran
1405,Bifonazole
1406,"Bifonazole, Urea"
1407,Terbinafine
1408,Terbinafine Hydrochloride
1409,"Amylmetacresol, 2,4 Dichlorobenzyl Alcohol, Lidocaine Hydrochloride"
1410,Florbetapir (18f)
1411,"Ascorbic Acid, Cetylpyridinium Chloride, Sodium Ascorbate, Lidocaine Hydrochloride"
1412,Metronidazole Ph. Eur.
1413,Nandrolone Decanoate
1414,"Vincamine, Piracetam"
1415,"Magnesium Hydroxide, Algeldrate"
1416,Cloxacillin
1417,"Paracetamol, Acetylsalicylic Acid, Caffeine Citrate"
1418,"Fragaria Vesca, Fructuarium Rec., Ethanol./Sacch. Extr. 1:0,9, Urtica Dioica, Planta Tota Rec., Ethanol./Sacch. Extr. 1:0,9, Honey"
1419,Clomipramine
1420,Clomipramine Hydrochloride
1421,"Anagallis Arvensis E Planta Tota Ferm 33b Dil. D2 (Hab, Vs. 33b), Cichorium Intybus E Planta Tota Ferm 33c Dil. D5 (Hab, Vs. 33c), Kalium Carbonicum E Cinere Fagi Silvaticae Dil. D5 Aquos. (Hab, Vs. 5b), Silybum Marianum E Fructibus Ferm 36 Dil. D2 (Hab,"
1422,"Taraxacum Officinale E Planta Tota Ferm 34c Dil. D4 (Hab, Vs. 34c), Anagallis Arvensis E Planta Tota Ferm 33b Dil. D4 (Hab, Vs. 33b), Cichorium Intybus E Planta Tota Ferm 33c Dil. D6 (Hab, Vs. 33c), Kalium Carbonicum E Cinere Fagi Silvaticae Dil. D6 Aquos"
1423,Anagrelide Hydrochloride
1424,Anagrelide Hydrochloride Monohydrate
1425,"Metamizole Sodium Monohydrate, Caffeine"
1426,"Metamizole Sodium, Caffeine"
1427,"Metamizole Sodium Monohydrate, Caffeine, Codeine Phosphate Hemihydrate"
1428,"Codeine Phosphate Sesquihydrate, Metamizole Sodium, Caffeine"
1429,"Paracetamol, Caffeine, Codeine Phosphate Hemihydrate"
1430,"Pitofenone Hydrochloride, Fenpiverinium Bromide, Metamizole Sodium"
1431,Pravastatin Sodium
1432,"Lidocaine, Prilocaine"
1433,Nilutamide
1434,Propranolol Hydrochloride
1435,Cefuroxime Sodium
1436,Chlorpromazine Hydrochloride
1437,Danazol
1438,Glucosamine Sulfate
1439,Fluorescein Sodium
1440,"Neomycin Sulfate, Polymyxin B Sulfate, Lidocaine Hydrochloride"
1441,"Chlorocresol, Cetylpyridinium Chloride, Lidocaine Hydrochloride"
1442,Antithrombin Iii Human
1443,"Atorvastatin Calcium, Ezetimibe"
1444,Flucytosine
1445,Losartan Potassium
1446,"Losartan Potassium, Hydrochlorothiazide"
1447,Sucralfate
1448,"Cilastatin Sodium, Imipenem Monohydrate"
1449,Garadacimab
1450,Fluoxetine Hydrochloride
1451,Androstanolone
1452,"Sodium Hydrogen Carbonate, Magnesium Sulfate Dihydrate, Citric Acid"
1453,Bicalutamide
1454,Testosterone
1455,Testosterone Undecanoate
1456,"Phentolamine Mesilate, Papaverine Hydrochloride"
1457,Testosterone Enantate
1458,Iron(Iii) Ion
1459,Galantamine Hydrobromide
1460,Tianeptine Sodium
1461,Propofol
1462,"Articaine Hydrochloride, Epinephrine"
1463,"Chlorhexidine Dihydrochloride, Benzocaine"
1464,Oxybuprocaine Hydrochloride
1465,Netilmicin
1466,Tetracaine Hydrochloride
1467,"Thiamine Hydrochloride, Nicotinamide, Riboflavin, Pyridoxine Hydrochloride"
1468,Flumazenil
1469,"Cistus Canadensis Dil. D15, Guajacum Dil. D15, Lobaria Pulmonaria Dil. D15"
1470,"Guajacum D15, Lobaria Pulmonaria D15, Cistus Canadensis D15"
1471,Etidronate Disodium
1472,"Chlorhexidine Dihydrochloride, Lidocaine Hydrochloride"
1473,"Chlorhexidine Gluconate, Lidocaine Hydrochloride"
1474,"Drospirenone, Estradiol"
1475,Artichoke Leaf Dry Extract
1476,Flurbiprofen
1477,"Echinacea Mother Tincture, Apis Mellifica Dil. D3, Matricaria Recutita Mother Tincture"
1478,"Chlorhexidine Dihydrochloride, Benzocaine, Enoxolone"
1479,"Chlorhexidine Dihydrochloride, Lidocaine Hydrochloride Monohydrate"
1480,"Chlorhexidine Gluconate, Lidocaine Hydrochloride Monohydrate"
1481,"Apis Mellifica D4, Atropa Bella-Donna D4, Arnica Montana D4, Hepar Sulfuris D6, Hydrargyrum Bicyanatum D8, Phytolacca Americana D4"
1482,"Apis Mellifica D4, Atropa Bella-Donna D4, Arnica Montana D4, Hepar Sulfuris D6, Hydrargyrum Bicyanatum D8, Solanum Dulcamara D4, Phytolacca Americana D4"
1483,"Apis Mellifica Dil. D4, Phytolacca Americana Dil. D4, Arnica Montana Dil. D4, Hepar Sulfuris Dil. D6, Atropa Belladonna Dil. D4"
1484,"Arnica Montana Trit. D 4, Hepar Sulfuris Trit. D 6, Phytolacca Americana Trit D 4, Atropa Bella-Donna Trit. D4, Hydrargyrum Bicyanatum Trit. D8, Apis Mellifica D4"
1485,"Hydrargyrum Bichloratum D5, Apis Mellifica D4, Atropa Bella-Donna D4, Phytolacca Americana D4, Kalium Bichromicum D4, Calcium Iodatum D4, Teucrium Marum D6"
1486,"Apis Mellifica Dil. D4, Atropa Belladonna Dil. D4, Kalium Bichromicum Dil. D4, Calcium Iodatum Dil. D4, Teucrium Marum Dil. D6, Mercurius Sublimatus Corrosivus Dil. D5, Phytolacca Dil. D4"
1487,"Arnica Montana Dil D2, Aurum Chloratum Dil D4, Calcium Arsenicosum Dil. D8, Kalmia Latifolia Dil. D4, Kalium Carbonicum Dil. D4, Spigelia Dil. D4, Crataegus Mother Tincture, Cactus Dil. D2, Strophanthus Gratus Dil. D3, Iberis Amara Dil. D3"
1488,Cetylpyridinium Chloride Monohydrate
1489,"Benzocaine, Dequalinium Chloride, Trypsin"
1490,"Hydrocortisone Acetate, Tyrothricin, Dequalinium Chloride, B Glycyrrhetinic Acid, Lidocaine Hydrochloride"
1491,"Hydrocortisone Acetate, Tyrothricin, Enoxolone, Dequalinium Chloride, Lidocaine Hydrochloride"
1492,"Lachesis Mutus Dil. D8, Gelsemium Sempervirens Dil. D4, Ailanthus Altissima Dil. D 1, Apis Mellifica Dil. D 2, Hydrargyrum Bichloratum Dil. D6, Kalium Stibyltartaricum Dil. D 8, Aconitum Napellus Dil. D4, Eupatorium Perfoliatum Dil. D1, Kalium Chloratum D"
1493,Sodium Pyrophosphate Decahydrate
1494,Diltiazem
1495,Sulodexide
1496,"Convallaria Majalis Dil. D 2, Lobelia Inflata Dil. D3, Aether Dil D1, Adonis Vernalis Mother Tincture, Crataegus Mother Tincture, Cactus Mother Tincture"
1497,"Pulsatilla Vulgaris Dil. D4, Honey Bee D4, Mercurius Solubilis Hahnemanni D 8, Atropa Bella-Donna D4, Hydrargyrum Bichloratum D8, Phytolacca Americana D4"
1498,Isosorbide Mononitrate
1499,"Horse-Radish Root, Tropaeolum Majus Herb"
1500,Mentzelia Scabra Stem And Twig
1501,Misoprostol
1502,Aluminium Chloride Hexahydrate
1503,Anidulafungin
1504,Serrapeptase
1505,"Plumbum Iodatum D10, Plumbum Iodatum D200, Plumbum Iodatum D30, Acidum Formicicum Dil. D30, Acidum Formicicum Dil. D200, Asclepias Tuberosa Dil. D30, Asclepias Tuberosa Dil. D200, Selenicereus Grandiflorus Dil. D10, Selenicereus Grandiflorus Dil. D30, Sel"
1506,Dexchlorpheniramine
1507,Star Anise Oil
1508,Anis-Pyrit Trit. D2
1509,Cyanocobalamin
1510,Pancreatin
1511,Buspirone Hydrochloride
1512,Nogapendekin Alfa Inbakicept
1513,Cholecalciferol Concentrate (Powder Form)
1514,Desmopressin Acetate
1515,"Allantoin, Lidocaine Hydrochloride"
1516,"Cinchocaine Hydrochloride, Hydrocortisone"
1517,Atropa Belladonna Dil. D4
1518,"Echinacea Mother Tincture, Cinchona Pubescens D2"
1519,"Umeclidinium Bromide, Vilanterol"
1520,"Thiamine Hydrochloride, Cyanocobalamin, Pyridoxine Hydrochloride"
1521,"Aconitum Napellus Trit. D 4, Eucalyptus Globulus Trit D2, Gelsemium Sempervirens Trit. D 4, Mercurius Solubilis Hahnemanni Trit. D 8, Natrium Sulfuricum Trit. D 3, Solanum Lycopersicum (Hab 34) Trit. D 3, Baptisia (Hab 34) D3, Cephaelis Ipecacuanha Trit."
1522,Linezolid
1523,Benperidol
1524,Rifabutin
1525,Ketazolam
1526,Doxofylline
1527,Diazepam
1528,Buspirone
1529,"Diazepam, Sulpiride"
1530,"Triamcinolone Acetonide, Pentosan Polysulfate Sodium, Lidocaine Hydrochloride"
1531,Disulfiram
1532,"Simeticone, Aluminium Oxide, Hydrated, Magnesium Hydroxide"
1533,Cefotaxime Sodium
1534,Cefotaxime
1535,Magnesium Hydroxide
1536,Gentamicin
1537,Ibuprofen Sodium Dihydrate
1538,"Ibuprofen, Codeine Phosphate Hemihydrate"
1539,Mepyramine Maleate
1540,Mepyramine Maleate Bp
1541,Anthrax Antigens (Alum Precipitated Sterile Filtrate)
1542,"Crimean–congo Hemorrhagic Fever Virus Antigen, Strain V 42/81, Inactivated, Aluminium Hydroxide"
1543,"Euphrasia 3c D6, Sabadilla D6, Apis Mellifica D6"
1544,"Euphrasia 3c D6, Schoenocaulon Officinale D6, Apis Mellifica D6"
1545,"Neomycin Sulfate, Polymyxin B Sulfate, Fluocinolone Acetonide"
1546,Lactobacillus Casei
1547,Lactobacillus Rhamnosus
1548,Cefuroxime
1549,"Chlorphenamine Maleate, Phenylephrine Hydrochloride, Paracetamol"
1550,Cefepime Hydrochloride
1551,Sodium Laurilsulfate
1552,Physostigmine Salicylate
1553,Echinacea Purpurea L. Moench Dry Extract
1554,"Maize Starch, Zinc Oxide"
1555,Edrophonium
1556,"Caraway Fruit, Rhamnus Frangula L. Cortex, Menthae Piperitae Folium, Taraxacum Officinale Root, Milk Thistle Dry Extract, Refined And Standardised (22-27:1) Of Nominal Content Of Silymarin, Expressed As Silibinin 58%, Extraction Solvent: 95% Acetone (V/V)"
1557,"Paracetamol, Acetylsalicylic Acid, Caffeine, Ethylmorphine Hydrochloride"
1558,Ferric Ferrocyanide
1559,Aluminium Chloride
1560,"Echinacea Dil. D2, Dactylopius Coccus Dil. D 3, Baptisia (Hab 34) Dil. D 3, Gelsemium Sempervirens Dil. D 6, Phosphorus Dil. D10, Aconitum Napellus Dil. D4, Eupatorium Perfoliatum Dil. D2, Lachesis D10 Dil."
1561,"Dry Extract From Mate Leaf, Extraction Solvent: Water, Dry Extract From Ginger Rhizome, Extraction Solvent: Supercritical Carbon Dioxide, Dry Extract From Melissa Leaf, Extraction Solvent: Methanol 30 % V/V, Dry Extract From Javanese Turmeric Rhizome, Ext"
1562,"Glycyrrhiza Glabra L. Radix, Zingiber Officinale Rhizome, Curcumae Xanthorrhizae Rhizoma, Caffeine, Glycyrrhizic Acid, Camellia Sinensis, Melissa Officinalis L. Folium"
1563,"Ascorbic Acid, Paracetamol"
1564,"Ascorbic Acid, Paracetamol, Anhydrous Caffeine"
1565,"Acetylsalicylic Acid, Caffeine, Ascorbic Acid (Ethylcellulose Coated)"
1566,"Phenylephrine Hydrochloride, Paracetamol"
1567,"Hydrocortisone Acetate, Neomycin Sulfate, Benzocaine, Tannic Acid"
1568,Methenamine
1569,Sodium Polystyrene Sulfonate
1570,"Dexamethasone Sodium Phosphate, Neomycin Sulfate"
1571,"Ezetimibe, Rosuvastatin"
1572,"Iris Dil. D3, Gelsemium Dil. D4, Cyclamen Dil. D4, Paris Quadrifolia Dil. D4"
1573,"Iris Trit. D3, Gelsemium Trit. D4, Cyclamen Trit. D4, Paris Quadrifolia Trit. D4"
1574,Antimonit Trit. D1
1575,Antimonit Trit. D4
1576,"Antimonit Dil. D6 Aquos., Antimonit D10, Antimonit D20, Antimonit D30"
1577,Stibium Metallicum D6
1578,"Valerian Root Tincture (1:4 - 4.5). Extraction Solvent: Ethanol 70% V/V, Hawthorn Tincture (1:3.25 – 3.75). Extraction Solvent: Ethanol 60% V/V, Tincture Of Hop Strobile (1:5), Extraction Solvent: Ethanol 60% V/V"
1579,"Phenylephrine Hydrochloride, Paracetamol, Caffeine"
1580,"Zinc Oxide, Ichthammol, Salicylic Acid"
1581,Butamirate Citrate
1582,"Benzocaine, Permethrin, Benzyl Benzoate"
1583,Miconazole Nitrate
1584,Cetylpyridinium Chloride
1585,Cetrimide
1586,"Chlorhexidine Gluconate, Phenol"
1587,Phenol Bp
1588,"Cetrimide Ph. Eur., Dimeticone 20 Ph. Eur."
1589,"Chlorhexidine Gluconate, Dexpanthenol"
1590,"Naphazoline Hydrochloride, Sulfacetamide Sodium, Zinc Phenolsulfonate, Lidocaine Hydrochloride"
1591,"Belladonna Dry Extract, Papaverine Hydrochloride"
1592,Vitis Viniferae Folii Extractum Aquosum Siccum (4–6:1)
1593,"Dry Extract From Vitis Vinifera Leaf (Der 4-6: 1), Extraction Solvent: Water"
1594,"Antazoline Sulfate, Naphazoline Nitrate"
1595,"Lavandulae Flos, Melissa Leaf, Humulus Lupulus L. Flos"
1596,"Lupuli Flos, Melissa Leaf, Valerianae Radix, Motherwort"
1597,"Sage Leaf Fluid Extract (Der 1:4-5, Extraction Medium Ethanol 50% V/V)"
1598,Antithrombin Iii
1599,Omeprazole Magnesium
1600,Calcium Folinate Hydrate
1601,Folinic Acid
1602,"Nifedipine, Lidocaine Hydrochloride"
1603,"Ascorbic Acid, Acetylsalicylic Acid, Caffeine"
1604,"Boric Acid, Salicylic Acid"
1605,"Botulinum Antitoxin Type A, Botulinum Antitoxin Type B, Botulinum Antitoxin Type E"
1606,Viper Antivenom
1607,"Hydrocortisone Acetate, Phenylephrine Hydrochloride, Tetracaine Hydrochloride, Lidocaine Hydrochloride"
1608,"Bismuth Oxide, Zinc Oxide Pheur, Balsam Peru Ph.Eur."
1609,"Hydrocortisone Acetate, Peru Balsam, Zinc Oxide, Benzyl Benzoate, Bismuth Oxide, Bismuth Subgallate"
1610,"Peru Balsam, Zinc Oxide, Bismuth Oxide"
1611,"Peru Balsam, Zinc Oxide, Bismuth Oxide, Bismuth Subgallate"
1612,"Dry Extract From Passion Flower (Der 3.5-5:1), Extraction Solvent: 60% (V/V)"
1613,"Dry Extract Of Passionflower Herb (Der 4 -6: 1), Extraction Solvent: Ethanol 70% V/V"
1614,Mequinol
1615,Delgocitinib
1616,Acamprosate
1617,Ranitidine Hydrochloride
1618,Indapamide
1619,Isothipendyl Hydrochloride
1620,Apatit Trit. D3
1621,Peppermint Oil
1622,"Liquid Extract (1:1) Of Yarrow, White Horehound, Melissa Leaf, Fennel Bitter (3:2:3:2), Extraction Solvent: Purified Water"
1623,Borax
1624,Sodium Borate
1625,Insulin Glulisine
1626,Montelukast Sodium
1627,"Sulfogaiacol, Ammonium Chloride"
1628,"Sodium Chloride, Glucose Monohydrate"
1629,"Magnesium Chloride Hexahydrate, Potassium Chloride, Sodium Chloride, Calcium Chloride Dihydrate, Glucose Monohydrate, Sodium Acetate Trihydrate, Trisodium Citrate Dihydrate"
1630,"Sodium Lactate Solution, Potassium Chloride, Sodium Chloride, Calcium Chloride Dihydrate"
1631,"Potassium Chloride, Sodium Chloride, Calcium Chloride Dihydrate"
1632,"Apis Mellifica Ex Animale Toto Gl Dil. D4 (Hab, Vs. 41c), Atropa Belladonna E Fructibus Ferm 33a Dil. D3 (Hab, Vs. 33a)"
1633,"Arnica Montana Dil. D10, Berberis, Ethanol. Decoctum Dil. D3, Colchicum Autumnale, Ethanol. Digestio Dil. D4, Gelsemium, Ethanol. Decoctum Dil. D3, Formica Dil. D4, Leontopodium Alpinum, Planta Tota Rec. Dil. D3, Apis Mellifica Dil. D3"
1634,Apis Cum Levistico Dil. D3 Aquos.
1635,"Apis Mellifica Ex Animale Toto Gl Dil. D6 (Hab, Vs. 41c)"
1636,Apis Mellifica Dil. D3
1637,Apis Mellifica Dil. D30
1638,Apis Mellifica Dil. D6
1639,"Apis Regina Tota Gl Dil. D16 (Hab, Vs. 41c), Truncus Cerebri Bovis Gl Dil. D7 (Hab, Vs. 41a)"
1640,"Apis Mellifica Ex Animale Toto Gl Dil. D4 (Hab, Vs. 41c), Arnica Montana E Planta Tota Ferm 33c Dil. D2 (Hab, Vs. 33c)"
1641,"Apis Mellifica Ex Animale Toto Gl Dil. D4 (Hab, Vs. 41c), Atropa Belladonna E Fructibus Ferm 33a Dil. D3 (Hab, Vs. 33a), Mercurius Solubilis Hahnemanni Dil. D14 Aquos."
1642,"Bryonia Cretica Ferm 33b Dil. D2, Apis Mellifica Ex Animale Toto Gl Dil. D4 (Hab, Vs. 41c)"
1643,"Apis Mellifica Ex Animale Toto Gl Dil. D3 (Hab, Vs. 41c), Levisticum Officinale E Radice Ferm 33c Dil. D2 (Hab, Vs. 33c)"
1644,"Apis Mellifica Ex Animale Toto Gl Dil. D4 (Hab, Vs. 41c), Levisticum Officinale E Radice Ferm 33c Dil. D3 (Hab, Vs. 33c)"
1645,"Apis Mellifica D4, Apis Mellifica D10, Apis Mellifica D1000, Apis Mellifica D200, Apis Mellifica D30, Apisinum D30, Apisinum D8, Kalium Stibyltartaricum D10, Kalium Stibyltartaricum D200, Kalium Stibyltartaricum D30, Kalium Stibyltartaricum D4, Urginea Ma"
1646,"Apis Mellifica Dil. D 2, Kalium Stibyltartaricum Dil. D2, Kalium Stibyltartaricum Dil. D10, Kalium Stibyltartaricum Dil. D200, Kalium Stibyltartaricum Dil. D30, Apis Mellifica Dil. D10, Apis Mellifica Dil. D30, Apis Mellifica Dil. D1000, Apis Mellifica Di"
1647,"Apis Mellifica Dil. D12, Apis Mellifica Dil. D30, Apis Mellifica Dil. D200"
1648,Sulfogaiacol
1649,"Lactose., Apixaban"
1650,"Piperacillin, Tazobactam"
1651,Apomorphine Hydrochloride Hemihydrate
1652,Nitrazepam
1653,Doxazosin
1654,Zopiclone
1655,Famotidine
1656,Flutamide
1657,Anhydrous Apomorphine Hydrochloride
1658,Desonide
1659,"Nystatin, Zinc Oxide"
1660,Sumatriptan
1661,Doxepin Hydrochloride
1662,Lacidipine
1663,Propiverine Hydrochloride
1664,Dipyridamole
1665,Phytosterol
1666,"Gnaphalium Polycephalum Dil. D4, Guajacum Dil. D6, Arnica Montana Spag. Peka Dil. D12, Bryonia Spag. Peka Dil. D4, Solanum Dulcamara Dil. D12, Taraxacum Officinale Dil. D12, Colchicum Autumnale Dil. D12"
1667,"Chlorphenamine Maleate, Paracetamol"
1668,"Pseudoephedrine Hydrochloride, Acetylcysteine, Paracetamol"
1669,"Paracetamol, Lidocaine Hydrochloride"
1670,"Arnica Tincture (Der: 1:7-9), Extraction Solvent: Ethanol 70% (V/V)"
1671,Thiamine Hydrochloride
1672,"Thiamine Hydrochloride, Calcium Pantothenate, Nicotinamide, Riboflavin, Pyridoxine Hydrochloride"
1673,"Pilocarpus Dil. D 4, Atropa Bella-Donna Dil. D6, Sambucus Nigra Dil. D4, Amanita Muscaria Dil. D4, Salvia Officinalis Dil. D4, Calcium Carbonicum Hahnemanni Dil. D12, Matricaria Recutita Dil. D4, Acidum Sulfuricum Dil. D4"
1674,"Hepar Sulfuris Dil. D8, Sulfur Dil. D6, Artemisia Abrotanum Dil. D4, Graphites Dil. D8, Kalium Iodatum Dil. D4"
1675,"Calcium Carbonicum Hahnemanni Dil. D8, Rhus Toxicodendron Dil. D12, Sulfur Dil. D30, Apis Mellifica Dil. D30, Graphites Dil. D8, Acidum Formicicum Dil D6, Natrium Chloratum Dil. D6, Acidum Arsenicosum Dil. D12"
1676,"Acidum Arsenicosum Dil D5, Rhus Toxicodendron Dil. D5, Acidum Formicicum Dil. D5, Euphrasia 3c Dil. D5, Apis Mellifica Dil. D5, Pulsatilla Pratensis Dil. D5, Allium Cepa Dil. D5, Aconitum Napellus Dil. D5"
1677,"Atropa Bella-Donna Dil D5, Rhus Toxicodendron Dil. D5, Euphrasia 3c Dil. D5, Apis Mellifica Dil. D5, Euphorbium Dil. D5, Ruta Graveolens Dil. D5, Schoenocaulon Officinale Dil. D5, Mercurius Sublimatus Corrosivus Dil. D5"
1678,"Colchicum Autumnale D9, Marsdenia Cundurango D4, Ceanothus Americanus D4, Artemisia Abrotanum D4, Calcium Phosphoricum Dil. D8, Lycopodium Dil. D6"
1679,"Barium Iodatum Dil. D4, Auri Solutio Colloidalis Dil. D5, Arnica Montana Dil. D4, Conium Maculatum Dil. D6, Kalium Iodatum Dil. D4, Crataegus Dil. D4"
1680,"Bryonia Dil. D6, Fabiana Imbricata Dil. D4, Dulcamara Dil. D4, Rhus Toxicodendron Dil. D4, Symphytum Dil. D6, Ledum D4 Dil."
1681,"Chondrodendron Dil. D3, Belladonna Dil. D6, Petroselinum Crispum Convar. Crispum Dil D1, Solanum Dulcamara Dil. D3, Cantharis D6"
1682,"Barium Iodatum Dil. D4, Arnica Montana Dil. D4, Viscum Album Dil. D4, Nitroglycerinum Dil. D6, Urginea Maritima Dil. D4, Crataegus Dil. D4, Aurum Chloratum Dil. D5, Secale Cornutum Dil. D6"
1683,"Chininum Arsenicosum Dil. D 6, Cinchona Pubescens Dil. D6, Veratrum Album Dil. D 4, Prunus Laurocerasus D6, Kalium Carbonicum Dil. D4, Convallaria Majalis Dil. D6, Cytisus Scoparius Dil. D6, Nerium Oleander Dil. D6, Crataegus Dil. D4"
1684,"Hyoscyamus Niger Dil. D6, Stannum Jodatum Dil. D12, Cuprum Aceticum Dil. D4, Bryonia Dil. D12, Kalium Iodatum Dil. D6, Psychotria Ipecacuanha Dil. D4, Ammonium Bromatum Dil. D4, Grindelia Robusta Dil. D4, Antimonium Sulfuratum Aurantiacum Dil. D8"
1685,"Atropa Bella-Donna D4, Atropa Bella-Donna D6, Atropa Bella-Donna D12"
1686,"Aconitum Napellus D18, Aconitum Napellus D12, Aconitum Napellus D30"
1687,"Kalium Bichromicum D12, Kalium Bichromicum D6, Kalium Bichromicum D4"
1688,"Allium Cepa D2, Allium Cepa D6, Allium Cepa D4"
1689,"Phytolacca Americana D3, Phytolacca Americana D4, Phytolacca Americana D6"
1690,"Phosphorus D6, Phosphorus D4, Phosphorus D12"
1691,"Psychotria Ipecacuanha D12, Psychotria Ipecacuanha D4, Psychotria Ipecacuanha D6"
1692,"Luffa Operculata D12, Luffa Operculata D4, Luffa Operculata D6"
1693,"Drosera D4, Drosera D3, Drosera D6"
1694,"Sulfur D18, Sulfur D12, Sulfur D30"
1695,"Echinacea Purpurea D4, Echinacea Purpurea D12, Echinacea Purpurea D6"
1696,"Chininum Arsenicosum Dil. D 8, Phosphorus Dil. D 12, Cinchona Pubescens Dil. D5, Acidum Arsenicosum Dil. D12, Acidum Phosphoricum Dil. D4"
1697,"Strychnos Nux-Vomica Dil. D4, Lycopodium Clavatum Dil D 6, Phosphorus Dil. D 12, Pulsatilla Pratensis Dil. D12, Cinchona Pubescens Dil. D5, Atropa Belladonna Dil. D4, Stibium Sulfuratum Nigrum Dil. D8, Bryonia Dil. D4, Argentum Nitricum Dil. D6, Matricari"
1698,"Barium Chloratum D4, Arnica Montana Dil. D4, Nitroglycerinum D6, Cuprum Aceticum Dil. D6, Nicotiana Tabacum D4, Calcium Iodatum Dil. D4, Secale Cornutum Dil. D4"
1699,"Calcium Carbonicum Hahnemanni Dil. D8, Kalium Arsenicosum Dil. D6, Graphites Dil. D8, Mercurius Solubilis Hahnemanni Dil. D9, Mahonia Aquifolium Dil. D6, Stibium Sulfuratum Nigrum Dil. D8, Barium Carbonicum Dil. D8, Sulfur Dil. D12"
1700,"Veratrum Album Dil. D 4, Camphora Dil. D4, Nitroglycerinum Dil. D6, Crataegus Dil. D4, Tabacum Dil. D4"
1701,"Galphimia Glauca Dil. D6, Apis Mellifica Dil. D5, Schoenocaulon Officinale Dil. D6, Luffa Operculata Dil. D4, Rhus Toxicodendron Dil. D6"
1702,"Acidum Arsenicosum Dil. D 12, Citrullus Colocynthis Dil. D 4, Gnaphalium Polycephalum Dil. D4, Ammonium Carbonicum Dil. D4, Mandragora Ex Herba Dil. D6, Strychnos Nux-Vomica Dil. D12, Aconitum Napellus Dil. D4, Bryonia Dil. D4, Sulfur Dil. D12, Rhus Toxic"
1703,"Chelidonium Majus Dil. D 6, Lycopodium Clavatum Dil D 6, Mentha Piperita Dil. D4, Taraxacum Officinale Dil. D4, Silybum Marianum Dil. D4, Atropa Belladonna Dil. D4, Berberis Vulgaris Dil. D4, Lachesis Dil. D12"
1704,"Acidum Arsenicosum Dil. D6, Phosphorus Dil. D 12, Argentum Nitricum Dil. D4, Bryonia Dil. D6, Strychnos Nux-Vomica Dil. D6, Pulsatilla Pratensis Dil. D12, Atropa Belladonna Dil. D4, Matricaria Recutita Dil. D4"
1705,"Gelsemium Sempervirens Dil. D4, Apis Mellifica Dil. D6, Iris Versicolor Dil. D4, Atropa Bella-Donna Dil. D6, Strychnos Nux-Vomica Dil. D12, Ammi Visnaga Dil. D4, Calcium Phosphoricum Dil. D12, Spigelia Anthelmia Dil. D4, Coffea Arabica Dil. D4, Secale Cor"
1706,"Apis Mellifica Dil. D4, Teucrium Marum Dil. D4, Echinacea Dil D4, Arnica Montana Dil. D4, Atropa Bella-Donna Dil. D6, Sulfur Dil. D6, Arum Maculatum Dil. D4, Mercurius Solubilis Hahnemanni Dil. D9"
1707,"Gelsemium Sempervirens Dil. D4, Arsenicum Album Dil. D6, Atropa Bella-Donna Dil. D6, Kalmia Latifolia Dil. D4, Verbascum Densiflorum Dil. D4, Plantago Major Dil. D4, Aconitum Napellus Dil. D4, Magnesium Phosphoricum Dil. D8, Spigelia Anthelmia Dil. D4, Ci"
1708,"Serenoa Repens Dil. D4, Lytta Vesicatoria Dil. D 6, Digitalis Purpurea Dil. D4, Atropa Bella-Donna Dil. D6, Hydrargyrum Bichloratum Dil. D9, Chimaphila Umbellata Dil. D4, Fabiana Imbricata Dil. D4, Populus Tremuloides Dil. D4, Ferrum Picrinicum Dil. D4"
1709,"Acidum Arsenicosum Dil. D6, Centella Asiatica Dil. D 4, Smilax Dil. D 4, Sulfur Dil D4, Mahonia Aquifolium Dil. D4, Thuja Occidentalis Dil. D4, Acidum Nitricum Dil. D4, Calcium Carbonicum Hahnemanni Dil. D30, Graphites Dil. D8"
1710,"Citrullus Colocynthis Dil. D6, Auri Solutio Colloidalis Dil. D5, Pulsatilla Pratensis Dil. D12, Lilium Lancifolium Dil. D4, Viburnum Opulus D4, Crocus Dil. D4, Secale Cornutum Dil. D6"
1711,"Solanum Dulcamara Dil. D 4, Mandragora Ex Herba Dil. D4, Lytta Vesicatoria Dil. D6, Mercurius Solubilis Hahnemanni Dil. D9, Petroselinum Crispum Convar. Crispum Dil. D4"
1712,"Hyoscyamus Niger Dil. D6, Anamirta Cocculus Dil D6, Strophanthus Gratus Dil. D4, Zincum Isovalerianicum Dil. D12, Coffea Arabica Dil. D12, Avena Sativa Dil. D4, Valeriana Officinalis D4, Passiflora Incarnata D4"
1713,"Gelsemium Sempervirens Dil. D4, Echinacea Dil D4, Schoenocaulon Officinale Dil. D4, Baptisia Tinctoria Dil. D4, Aconitum Napellus Dil. D4, Ferrum Phosphoricum Dil. D8, Eupatorium Perfoliatum Dil. D4, Bryonia Dil. D4"
1714,"Cinchona Pubescens Dil. D6, Strychnos Ignatii Dil. D 6, Phosphorus Dil. D6, Acidum Phosphoricum Dil. D4"
1715,"Conium Maculatum Dil. D 4, Barium Iodatum Dil. D4, Viscum Album Dil. D4, Strychnos Nux-Vomica Dil. D12, Kalium Iodatum Dil. D4, Anamirta Cocculus Dil. D4"
1716,"Calcium Sulfuricum Dil. D6, Kalium Bichromicum Dil. D12, Luffa Operculata Dil. D4, Acidum Silicicum Dil. D8, Hydrastis Canadensis Dil. D4"
1717,"Turnera Diffusa Dil D4, Panax Ginseng Dil. D 4, Barium Iodatum Dil. D4, Selenium D6, Delphinium Staphisagria Dil. D4, Strychnos Nux-Vomica Dil. D30, Vitex Agnus-Castus Dil. D4, Acidum Phosphoricum D6"
1718,"Hypericum Perforatum D5, Platinum Metallicum Dil. D 10, Sepia Officinalis Dil. D 6, Strychnos Ignatii Dil. D 6, Auri Solutio Colloidalis Dil. D5, Mandragora Ex Herba Dil. D4, Acidum Phosphoricum D6"
1719,"Chininum Arsenicosum Dil. D 8, Avena Sativa D4, Veratrum Album Dil. D 4, Atropa Belladonna Dil. D4, Coffea Arabica D12, Lachesis Dil. D12, Lycopus Virginicus D4"
1720,"Lycopodium Clavatum Dil D 6, Magnesium Chloratum Dil. D 4, Aluminium Oxydatum D12, Strychnos Nux-Vomica D12, Bryonia Dil. D4, Sulfur Dil. D12, Natrium Chloratum Dil. D6"
1721,"Vipera Berus Dil. D12, Arnica Montana Dil. D4, Sepia Gruneris Dil. D4, Strophanthus Gratus Dil. D4, Aesculus Hippocastanum Dil. D4, Strychnos Nux-Vomica Dil. D6, Silybum Marianum Dil. D4, Hamamelis Virginiana Dil. D4"
1722,"Sepia Officinalis Dil. D 6, Sulfur Dil. D 12, Belladonna Dil. D6, Pulsatilla D6, Strychnos Ignatii D6, Lachesis Dil. D12, Sanguinaria Canadensis Dil. D4, Acidum Sulfuricum Dil. D4"
1723,"Metformin Hydrochloride, Empagliflozin"
1724,Apraclonidine
1725,Naproxen Sodium Anhydrous
1726,"Esomeprazole, Naproxen"
1727,Ivabradine Hydrochloride
1728,Aprepitant
1729,Hydralazine Hydrochloride
1730,Cabotegravir
1731,"Amlodipine, Irbesartan"
1732,Opipramol Hydrochloride
1733,Aprotinin
1734,Tipranavir
1735,"Methane, Acetylene, Carbon Monoxide"
1736,Helium
1737,"Kalium Stibyltartaricum Dil. D6, Phosphorus Dil. D10, Hedera Helix Spag. Peka Dil. D8, Bryonia Spag. Peka Dil. D4, Allium Cepa Spag. Peka Dil. D4, Hyoscyamus Niger Spag. Peka Dil. D4, Pulmonaria Officinalis Dil. D4, Polygala Senega Dil. D4"
1738,Oxcarbazepine
1739,Levacetylleucine
1740,Quinine Sulfate Dihydrate
1741,Water
1742,"Copper Sulfate, Zinc Sulphate"
1743,Sea Water
1744,"Prunus Spinosa, Summitates Rh Dil. D5, Aqua Maris Dil. D3 Aquos."
1745,"Orthosiphon Leaves Dry Extract (5-7: 1) Extraction Solvent: Water, Dry Extract Of Goldenrod (4-7:1), Ononis Spinosa Dry Extract"
1746,Carbomer
1747,Carbomer 974p
1748,"Liquid Paraffin Bp, White Soft Paraffin Bp"
1749,"Water, Purified"
1750,"Zinc Oxide, Calamine"
1751,"Cetostearyl Alcohol, Sodium Laurilsulfate"
1752,Quetiapine Fumarate
1753,"Taraxacum Officinale E Planta Tota Ferm 34c Dil. D2 (Hab, Vs. 34c), Chelidonium Majus E Floribus Ferm 34b Dil. D2 (Hab, Vs. 34b), Dryopteris Filix-Mas E Radice Ferm 33c Dil. D2 (Hab, Vs. 33c), Phyllitis Scolopendrium E Foliis Ferm 34h Dil. D2 (Hab, Vs. 34"
1754,"Taraxacum Officinale E Planta Tota Ferm 34c Dil. D4 (Hab, Vs. 34c), Chelidonium Majus E Floribus Ferm 34b Dil. D4 (Hab, Vs. 34b), Dryopteris Filix-Mas E Radice Ferm 33c Dil. D4 (Hab, Vs. 33c), Phyllitis Scolopendrium E Foliis Ferm 34h Dil. D4 (Hab, Vs. 34"
1755,Atogepant
1756,Arachis Oil Bp
1757,"Chlorphenamine, Paracetamol, Phenylephrine"
1758,"Allium Cepa Dil. D 3, Aralia Racemosa Dil. D2, Euphrasia 3c D6, Schoenocaulon Officinale D8, Acidum Silicicum Dil. D8"
1759,"Grindelia Robusta Trit. D 4, Hyoscyamus Niger Trit. D 4, Lobelia Inflata Trit. D4, Cephaelis Ipecacuanha Trit. D4"
1760,Darbepoetin Alfa
1761,"Berberis Vulgaris Urt., Cynara Scolymus Ø, Taraxacum Officinale Ø, Lycopodium Clavatum Dil. D4"
1762,"Acidum Arsenicosum Dil. D 4, Berberis Vulgaris Urt., Toxicodendron Quercifolium Dil. D2, Urtica Urens E Planta Tota Rec. Flor. Ø, Citrullus Colocynthis Dil. D4"
1763,"Calcium Carbonicum Hahnemanni Trit. D6, Calcium Phosphoricum Trit. D6, Acidum Silicicum Trit. D6, Alchemilla Vulgaris Trit. D6, Equisetum Arvense Trit. D6, Ilex Aquifolium Trit. D6, Symphytum Officinale D6"
1764,"Convallaria Majalis Urtinktur, Selenicereus Grandiflorus Dil. D 1, Coffea Arabica Dil. D2, Atropa Belladonna Dil. D4, Crataegus Mother Tincture"
1765,"Drospirenone, Ethinylestradiol Micronized"
1766,Nitrofurantoin
1767,Azithromycin Dihydrate
1768,Leflunomide
1769,Losartan
1770,Azelaic Acid
1771,"Extractum Spissum Compositum Ex: Arnicae Et Calendulae Anthodis, Der: 3-7:1, Ekstrahent: Metanol 90 %), Hippocastani Corticis Extractum Siccum: Der: 40-90:1, Ekstrahent: Metanol 90 %"
1772,Sulbutiamine
1773,"Archangelica, Ethanol. Decoctum Ø"
1774,"Angelica Archangelica E Radice Ferm 33c Dil. D2 (Hab, Vs. 33c), Argentum Nitricum Dil. D14 Aquos. (Hab, Vs. 5b), Hyoscyamus Niger Ex Herba Ferm 33d Dil. D3 (Hab, Vs. 33d), Salvia Officinalis E Foliis Ferm 33d Ø (Hab, Vs. 33d), Pyrit Trit. D2"
1775,Meropenem Trihydrate
1776,Rhodiola Rosea
1777,Rhodiola Rosea Root And Rhizome Dry Extract
1778,Dry Bearberry Leaf Extract (Der 2.5 - 4.5:1)
1779,Ketoprofen Lysine
1780,Arginine Hydrochloride
1781,"Disodium Phosphate Dodecahydrate, Sodium Dihydrogen Phosphate Dihydrate"
1782,"Potassium Chloride, Sodium Chloride, Sodium Lactate"
1783,"Magnesium Chloride Hexahydrate, Potassium Chloride, Sodium Acetate, Sodium Chloride, Calcium Chloride Hexahydrate"
1784,"Magnesium Chloride Hexahydrate, Potassium Chloride, Sodium Chloride, Calcium Chloride Hexahydrate, Sodium Lactate"
1785,"Magnesium Chloride Hexahydrate, Potassium Chloride, Sodium Chloride, Calcium Chloride Hexahydrate, Glucose, Sodium Lactate"
1786,"Sodium Chloride, Glucose"
1787,"Potassium Chloride, Sodium Chloride, Calcium Chloride Hexahydrate"
1788,"Potassium Chloride, Sodium Chloride, Calcium Chloride Hexahydrate, Glucose"
1789,"Potassium Chloride, Sodium Chloride, Calcium Chloride Hexahydrate, Sodium Lactate"
1790,Glucose
1791,Mannitol
1792,"Dry Extract From Ginseng Root (3-4,5:1), Extraction Solvent Ethanol 30 % (M/M)"
1793,"Thyme Herb Dry Extract (6-10:1), Extracting Agent: Ethanol 70% (V/V)"
1794,"Artichoke Leaf Dry Extract (4-6:1), Extraction Agent: Water"
1795,Artichoke Leaf Dry Extract (4-6:1): Extraction Agent: Water
1796,"Dry Extract From Hawthorn Leaf And Flower (4-7:1), Extraction Solvent: Ethanol 45 % (V/V)"
1797,Tryptophan
1798,"Milk Thistle Dry Extract 162.5 - 250 Mg (20-35:1), Corresponding To 105 Mg Silymarine (Calculated As Silibinin), Extraction Solvent: Ethyl Acetate"
1799,Milk Thistle Fruit Extract
1800,Orthosiphon Leaves Dry Extract (5-7: 1) Extraction Solvent: Water
1801,"Dry Hydroalcoholic Extract Of Valerian Root (4-7:1), Extraction Solvent: Ethanol 70% V/V, Dry Extract From Hop Strobile (4–8:1), Extraction Solvent: Ethanol 40 % (V/V)"
1802,"Amoxicillin, Bromhexine"
1803,Hydroxycarbamide
1804,Pipecuronium Bromide
1805,Chloroquine Phosphate
1806,Teriflunomide
1807,Fingolimod
1808,Edoxaban
1809,Diclofenac Potassium
1810,Lercanidipine Hydrochloride
1811,Sugammadex Sodium
1812,"Stimulon, Respiratory Syncytial Virus, Glycoprotein F, Recombinant, Stabilised In The Pre-Fusion Conformation, Adjuvanted With As01e, 3-O-Desacyl-4'-Monophosphoryl Lipid A"
1813,Clindamycin
1814,Argatroban Monohydrate
1815,Silver Nitrate
1816,Silver Protein
1817,"Argentum Metallicum Praeparatum Dil. D20, Berberis, Fructus Rh Dil. D3, Quarz Dil. D12"
1818,"Argentum Nitricum D4, Bismutum Subnitricum D8, Atropinum Sulfuricum D5"
1819,"Argentum Metallicum Dil. D30, Echinacea Angustifolia, Planta Tota Rh Dil. D6"
1820,"Argentum Metallicum Dil. D19 Aquos., Quarz Dil. D29 Aquos."
1821,"Argentum Metallicum Praeparatum Dil. D20, Argentum Metallicum Praeparatum Dil. D8, Argentum Metallicum Praeparatum Dil. D12, Argentum Metallicum Praeparatum Dil. D30"
1822,"Argentum Metallicum Praeparatum Dil. D8 Aquos., Argentum Metallicum Praeparatum Dil. D6 Aquos., Argentum Metallicum Praeparatum Dil. D20, Argentum Metallicum Praeparatum Dil. D12, Argentum Metallicum Praeparatum Dil. D30"
1823,Argentum Metallicum Praeparatum Trit. D1
1824,"Argentum Metallicum Praeparatum Trit. D6, Argentum Metallicum Praeparatum Trit. D12, Argentum Metallicum Praeparatum Trit. D20, Argentum Metallicum Praeparatum Trit. D30"
1825,"Argentum Nitricum Dil. D19 Aquos. (Hab, Vs. 5b), Chlorophyceae Ferm 33e Dil. D2 (Hab, Vs. 33e), Eucalyptus Globulus E Foliis Ferm 33d Ø (Hab, Vs. 33d), Echinacea Pallida E Planta Tota Ferm 33c Dil. D1 (Hab, Vs. 33c), Thuja Occidentalis E Summitatibus Ferm"
1826,"Argentum Metallicum Dil. D5, Saccharum Sacchari Dil. D9 Aquos. (Hab, Vs. 5b)"
1827,Argentum-Corpus Vitreum Bovis Dil. D6 Aquos.
1828,"Sorbitol (E420), L-Arginine Hydrochloride"
1829,Arginine L(+) Hydrochloride
1830,"Amlodipine, Indapamide, Perindopril Arginine"
1831,"Emtricitabine, Tenofovir Disoproxil Succinate"
1832,Argipressin
1833,Venlafaxine Hydrochloride
1834,"Cinnamomum Cassia Essential Oil, Menthol, Peppermint Oil, Lemon Oil, Melissa Oil, Thymus Essential Oil, Coriander Oil, Myristica Fragrans Essential Oil, Caryophylli Floris Aetheroleum"
1835,Mesalazine
1836,Levosulpiride
1837,Sulfathiazole Silver
1838,"Ephedrine Hydrochloride, Silver Protein"
1839,"Soft Extract Of Fresh Salvia Officinalis Inflorescences (2,2-2,7:1), Extraction Solvent: Ethanol 68 % (V/V)"
1840,"Air, Compressed"
1841,"Betamethasone, Calcipotriol"
1842,Paricalcitol
1843,Paliperidone Palmitate
1844,Fesoterodine Fumarate
1845,Risedronate Monosodium Hemi-Pentahydrate
1846,Fondaparinux Sodium
1847,Paroxetine Hydrochloride
1848,"Cynara Scolymus Leaf, Cryoground"
1849,"Hamamelis Virginiana Leaf, Cryoground"
1850,"Nettle Root, Cryoground"
1851,"Ruscus Aculeatus Rhizome, Cryoground"
1852,Arctostaphylos Uva-Ursi Leaf
1853,Eschscholtzia Powder From The Aerial Flower Part
1854,Filipendula Ulmaria Flowering Top
1855,Hypericum Perforatum (Dry Extract Of Flower Head)
1856,Mate Leaf
1857,Melissa Leaf Powder
1858,Orthosiphon Folium
1859,Valerianae Radix Pulverata
1860,Fingolimod Hydrochloride
1861,"Perindopril Tert-Butylamine, Indapamide"
1862,"Dry Extract Of Polypodium Leucotomos Root (Der 4-6: 1), Corresponding To 2.5 - 6.25 Mg Of Quinic Acid, Extraction Solvent: Ethanol 12.5% V/V"
1863,Rrr-Alpha-Tocopherol
1864,"Oxycodone Hydrochloride, Naloxone Hydrochloride Dihydrate"
1865,Ranitidine
1866,"Arnica, Planta Tota Dil. D20, Betula, Cortex, Ethanol. Decoctum Dil. D2, Plumbum Mellitum Dil. D20"
1867,"Arnica, Planta Tota Rh Dil. D20, Betula, Cortex, Decoctum Dil. D2, Formica 42a Dil. D6"
1868,"Arnica, Planta Tota Rh Dil. D3, Levisticum Officinale Rh Dil. D3, Apis Mellifica 42b Dil. D2 Aquos."
1869,"Arnica, Planta Tota Rh Dil. D6, Levisticum Officinale Rh Dil. D6, Apis Mellifica Dil. D6"
1870,"Arnica Montana, Planta Tota Rec., Ethanol. Extr. 1:1,1, Betulae Folium, Ethanol. Decoctum 20%, Mandragora, Ethanol. Decoctum Ø, Mandragora E Radice Siccata H 10 %, Symphytum Officinale, Radix Rec., Ethanol. Decoctum 1:4,2, Rosemary Oil, Larix Decidua Resi"
1871,"Calendula, Arnica Ad Usum Externum"
1872,"Arnica Montana Planta Tota Rec., Ethanol. Extr. (1:2)"
1873,"Tincture From Arnica Montana, Extraction Solvent: Ethanol 61% V/V"
1874,"Arnica Montana, Planta Tota Rec., Ethanol. Extr. 1:1,1, Betulae Folium, Ethanol. Decoctum 20%, Mandragora, Ethanol. Decoctum Ø, Apis Mellifica 42b Ø, Rosemary Oil, Aconitum Napellus Mother Tincture"
1875,"Cuprum Metallicum Praeparatum, Lavender Oil, Rosemary Oil, Arnicae Flos / Betulae Folium / Calendula Herba (3:4:1), Oil Extract (Der 1,2:10)"
1876,"Arnica Montana, Planta Tota Rec., Ethanol. Extr. 1:1,1, Betulae Folium, Ethanol. Decoctum 20%, Formica, Glycerol. Extr. 1:3, Mandragora, Ethanol. Decoctum Ø, Rosemary Oil, Aconitum Napellus Mother Tincture"
1877,"Formica, Glycerol. Extr. 1:3, Lavender Oil, Rosemary Oil, Arnicae Flos / Betulae Folium / Calendula Herba (3:4:1), Oil Extract (Der 1,2:10)"
1878,"Strychnos Nux-Vomica, China Rubra D3, Ruta Graveolens D8, Belladonna D4, Achillea Millefolium D3, Bryonia D3, Aconitum Napellus D3, Arnica Montana D4, Hypericum Perforatum D3, Sambucus Nigra D3"
1879,"Arnica Montana Dil. D3, China Rubra D3, Ruta Graveolens D8, Belladonna D4, Achillea Millefolium D3, Bryonia D3, Aconitum Napellus D3, Strychnos Nux-Vomica D4, Hypericum Perforatum D3, Sambucus Nigra D3"
1880,Arnica Tincture
1881,"Arnica Montana E Planta Tota Ferm 33c Dil. D2 (Hab, Vs. 33c)"
1882,"Liquid Extract Of Arnica Flower/Birch Leaf (1:1) (Der 1:10.94), Extraction Solvent: Ethanol/Sunflower Oil (2.3/97.7)"
1883,Arnica Montana Mother Tincture
1884,Arnica Montana Dil. D20
1885,Arnica Montana D6
1886,"Arnica Montana E Floribus W 5% (Hab, Vs. 12g Mit Nativem Olivenöl)"
1887,"Apis Mellifica Dil. D 2, Arnica Montana Dil D2, Kalium Chloratum Dil. D3, Mercurius Bijodatus Dil. D8, Sulfur Jodatum Dil. D4"
1888,Arnica Montana Ex Planta Tota Ø
1889,"Arnica Montana, Planta Tota Rec., Ethanol. Extr. 1:1,1"
1890,"Arnica, Planta Tota 2b Ø"
1891,"Arnica, Planta Tota Rh Dil. D10, Cor Bovis Dil. D10"
1892,"Arnica, Planta Tota Dil. D3"
1893,"Arnica, Planta Tota Rh Dil. D3"
1894,"Arnica Montana E Planta Tota Ferm 33c Dil. D5 (Hab, Vs. 33c), Aurum Metallicum Dil. D9"
1895,"Arnica Montana E Planta Tota Ferm 33c Dil. D19 (Hab, Vs. 33c), Aurum Metallicum Dil. D29 Aquos."
1896,"Arnica Montana E Planta Tota Ferm 33c Dil. D28 (Hab, Vs. 33c), Betula Pendula E Cortice, Decoctum Ø (Hab, Vs. 23a), Cerebellum Suis Gl Dil. D15 (Hab, Vs. 41a), Corpora Quadrigemina Suis Gl Dil. D15 (Hab, Vs. 41a), Epiphysis Suis Gl Dil. D15 (Hab, Vs. 41a)"
1897,"Arnica Montana E Planta Tota Ferm 33c Dil. D28 (Hab, Vs. 33c), Betula Pendula E Cortice, Decoctum Ø (Hab, Vs. 23a), Iris Bovis Gl Dil. D15 (Hab, Vs. 41b), Cerebellum Suis Gl Dil. D15 (Hab, Vs. 41a), Corpora Quadrigemina Suis Gl Dil. D15 (Hab, Vs. 41a), Hy"
1898,"Arnica Montana E Planta Tota Ferm 33c Dil. D28 (Hab, Vs. 33c), Betula Pendula E Cortice, Decoctum Dil. D3 (Hab, Vs. 23a), Cerebellum Bovis Gl Dil. D15 (Hab, Vs. 41a), Corpora Quadrigemina Bovis Gl Dil. D15 (Hab, Vs. 41a), Hypophysis Bovis Gl Dil. D15 (Hab"
1899,"Arnica Montana E Planta Tota Ferm 33c Dil. D28 (Hab, Vs. 33c), Betula Pendula E Cortice, Decoctum Dil. D3 (Hab, Vs. 23a), Cerebellum Bovis Gl Dil. D15 (Hab, Vs. 41a), Corpora Quadrigemina Bovis Gl Dil. D15 (Hab, Vs. 41a), Epiphysis Bovis Gl Dil. D15 (Hab,"
1900,"Arnica Montana E Planta Tota Ferm 33c Dil. D29 (Hab, Vs. 33c), Plumbum Mellitum Dil. D29 Aquos. (Hab, Vs. 6)"
1901,"Liquid Extract Of Arnica Flower (Der 1:20), Extraction Solvent: Ethanol 58% (V/V)"
1902,"Tincture From Arnica Montana Flower (Der 1:5), Extraction Solvent: Ethanol 60%"
1903,"Arnica Montana Dil. D12, Arnica Montana Dil. D30, Arnica Montana Dil. D200"
1904,Arnica Montana C9
1905,"Liquid Extract From Fresh Arnica Flower, Extraction Solvent: Ethanol 58% V/V"
1906,"Liquid Extract From Arnica Chamissonis Flower (Der 1:1), Extraction Solvent: Ethanol 60% (V/V)"
1907,"Arnica Tincture, Hydroxyethyl Salicylate"
1908,"Arnica Montana E Floribus La 20% (Hab, Vs. 12c)"
1909,"Arnica Montana E Planta Tota Ferm 33c Ø (Hab, Vs. 33c), Formica Rufa Ex Animale Toto Gl Ø (Hab, Vs. 41c), Symphytum Officinale E Radice Ferm 34c Ø (Hab, Vs. 34c)"
1910,Arnica Flower Tincture (1:10) Extracting Solvent: Ethanol 70 % (V/V)
1911,Arnica Tincture Dev (1:10): Extraction Medium Ethanol 70% (V/V)
1912,"Extract From Arnica Chamissonis, Extraction Solvents: Ethanol And Paraffin, White Soft"
1913,"Arnica Montana C9, Bryonia C5, Rhus Toxicodendron C15"
1914,"Camphor, Racemic, Menthol, Juniper Oil, Pine Oil, Turpentine Oil"
1915,Exemestane
1916,"Levomenthol, Cinnamon Bark Oil, Ceylon, Mint Oil, Partly Dementholised, Citronella Oil, Clove Oil, Lavender Oil, Lemon Oil"
1917,"Peru Balsam, Camphor, Eucalyptus Oil, Rosemary Oil"
1918,Enoxaparin Sodium
1919,"Folic Acid, Iron"
1920,Sapropterin Dihydrochloride
1921,"Indapamide, Amlodipine Besilate, Perindopril Arginine"
1922,Arpraziquantel
1923,Perindopril Arginine
1924,"Sumbulus Moschatus (Hab 34) Dil. D2 [hab, V. 4a, Ø Mit Ethanol 62% (M/M)], Oleander Dil. D3, Spartium Scoparium Dil. D2, Iberis Amara Dil. D3, Leonurus Cardiaca Dil. D2"
1925,Arsenic Trioxide
1926,"Acidum Arsenicosum Dil. D1000, Acidum Arsenicosum Dil. D200, Acidum Arsenicosum Dil. D30, Acidum Arsenicosum Dil. D12"
1927,"Natrium Sulfuricum Dil. D 6, Carbo Vegetabilis Dil. D 12, Eriodictyon Californicum Dil. D12, Acidum Arsenicosum Dil. D8"
1928,Melarsoprol
1929,Diacerein
1930,Trihexyphenidyl Hydrochloride Bp
1931,Atorvastatin Calcium
1932,Manidipine Dihydrochloride
1933,Hypromellose
1934,"Micronised Purified Flavonoic Fraction, Consisting Of 90% Diosmin And 10% Flavonoids Expressed As Hesperidin"
1935,"Acetic Acid 80% Pure, Tincture (1:5) From Wormwood Herb And Tansy Herb With Acetic Acid 80%"
1936,"Harpagophytum Procumbens Mother Tincture, Arnica Montana Mother Tincture"
1937,Carteolol Hydrochloride
1938,Noradrenaline Hydrochloride
1939,"Arteria Suis Dil. D30, Arteria Suis Dil. D200, Arteria Suis D10"
1940,"Diclofenac Sodium, Misoprostol"
1941,Glucosamine Sulfate Sodium Chloride
1942,"Apis Mellifica Dil. D6, Ferrum Phosphoricum Dil. D8, Bryonia Cretica D6"
1943,"Ethanol, Lithium Carbonicum Dil. D4, Berberis Dil. D3"
1944,"Strychnos Nux-Vomica Dil. D4, Filipendula Ulmaria Dil. D4, Solanum Dulcamara Dil. D6, Bryonia Dil. D4, Gnaphalium Polycephalum Dil. D2, Kalium Stibyltartaricum Dil. D4, Ledum D4 Dil."
1945,Sulindac
1946,"Diclofenac Sodium, Omeprazole"
1947,"Bellis Perennis D2, Echinacea D2, Hypericum Perforatum D2, Mercurius Solubilis Hahnemanni D6, Achillea Millefolium D3, Atropa Bella-Donna D2, Calendula Officinalis D2, Aconitum Napellus D2, Arnica Montana D2, Hepar Sulfuris D6, Matricaria Recutita D3, Sym"
1948,"Sulfur D6, Cartilago Suis D6, Coenzym A D8, Embryo Totalis Suis D6, Acidum Thiocticum D8, Arnica Montana D4, Funiculus Umbilicalis Suis D6, Nadidum D8, Natrium Diethyloxalaceticum D8, Placenta Totalis Suis D6, Sanguinaria Canadensis D4, Solanum Dulcamara"
1949,"Berberis Vulgaris Trit. D 3, Bryonia Trit. D 3, Ledum Palustre Trit. D 3, Apis Mellifica Trit D3"
1950,"Formica Dil. D4, Colchicum D4, Ledum Dil D2, Thuja Dil D1, Lithium Carbonicum D6, Berberis Vulgaris Mother Tincture, Rhus Toxicodendron Dil. D3"
1951,"Formica Rufa Dil. D4, Colchicum Autumnale Dil. 4, Berberis, Ledum Dil D2, Thuja Dil D1, Lithium Carbonicum D6, Rhus Toxicodendron Dil. D3"
1952,"Berberis Vulgaris Dil. D12, Ledum Palustre Dil. D12, Colchicum Autumnale Dil. D12"
1953,"Colchicum Autumnale D12, Ledum Palustre D12, Berberis Vulgaris Dil. D12"
1954,Naproxen Bp
1955,"Devil's Claw Root Dry Extract (1,5-2:1), Extraction Liquid: Ethanol 40 % V/V"
1956,Sodium Hyaluronate
1957,Crystalline Glucosamine Sulfate
1958,Glucosamine
1959,"Glucosamine Sulfate, Lidocaine Hydrochloride"
1960,"Articaine Hydrochloride, Epinephrine Bitartrate"
1961,Perindopril Tosilate
1962,"Dry Extract Of Fresh Artichoke Leaf (1:30-31), Extraction Solvent: Ethanol 65% V/V, Dry Extract Of Milk Thistle Fruit (1:2.0-2.1), Extraction Solvent: Ethanol 58% V/V, Dry Extract Of Fresh Dandelion Herb With Root (1:17-18), Extraction Solvent: Ethanol 51"
1963,Hydroxocobalamin
1964,"Articulatio Coxae Bovis Gl Dil. D5 (Hab, Vs. 41b)"
1965,"Articulatio Genus Bovis Gl Dil. D5 (Hab, Vs. 41b)"
1966,"Allium Cepa Ferm 34a Dil. D2, Arnica Montana E Planta Tota Ferm 33c Dil. D4 (Hab, Vs. 33c), Articulatio Subtalaris Bovis Gl Dil. D8 (Hab, Vs. 41b), Articulatio Subtalaris Bovis Gl Dil. D4 (Hab, Vs. 41b), Articulatio Talocruralis Bovis Gl Dil. D8 (Hab, Vs."
1967,Meglumine Gadoterate
1968,"Dipotassium Phosphate, Potassium Dihydrogen Phosphate, Magnesium Chloride Hexahydrate, Potassium Chloride, Sodium Chloride, Calcium Chloride Dihydrate"
1969,"Artichoke Leaf Dry Extract (4-6:1): Extraction Agent: Water, Cynara Scolymus Leaf Powder"
1970,"Artichoke Leaf Dry Extract (5.8-7.5:1), Extraction Agent: Water, Dry Extract Of Milk Thistle Fruit (25-40:1), Extraction Solvent: Acetone"
1971,"Aprotinin, Human Fibrinogen, Calcium Chloride Dihydrate, Human Thrombin"
1972,"Dimethyl Sulfoxide, Fluocinolone Acetonide, Phenylbutazone, Methyl Salicylate"
1973,"Dry Extract From Devil's Claw Root (Der 1.5-3:1), Extraction Solvent: Ethanol 60% (V/V)"
1974,"Diclofenac, Misoprostol"
1975,Povidone K30
1976,"Argentum Metallicum Dil. D10, Arisaema Triphyllum Dil. D2, Arum Maculatum Dil. D2, Acidum Arsenicosum Dil. D10, Zingiber Officinale Dil. D4"
1977,"Arum Triphyllum Dil D2, Ammonium Bromatum Dil D2, Hydrargyrum Bichloratum Dil D8, Aesculus Hippocastanum Dil. D1"
1978,Timolol Maleate
1979,Timolol Maleate Ph. Eur.
1980,Triptorelin
1981,Micronised Purified Flavonoic Fraction
1982,"Arnica Montana Dil. D30, Phosphorus Dil. D30, Calcium Carbonicum Hahnemanni Dil. D30, Argentum Nitricum Dil. D12, Arum Maculatum Dil. D12"
1983,Propafenone Hydrochloride
1984,Paroxetine Hydrochloride Hemihydrate
1985,Eucalyptus Oil
1986,Dorzolamide
1987,"Dorzolamide, Timolol"
1988,"Asa Foetida Dil. D2, Ignatia Dil. D3, Nux Moschata Dil. D3, Zincum Isovalerianicum Dil. D5, Leonurus Cardiaca Dil. D1"
1989,"Acetylsalicylic Acid, Rosuvastatin"
1990,Rasagiline Tartrate
1991,Carbasalate Calcium
1992,Piperazine Hydrate Bp
1993,"Ibandronic Acid Monosodium Salt, Monohydrate"
1994,"Ascorbic Acid, Ferrous Gluconate"
1995,Ferrous Ascorbate
1996,"Ascorbic Acid, Rutoside Trihydrate"
1997,"Thonzylamine Hydrochloride, Mebechinium Metilsulfate"
1998,Zolmitriptan
1999,"Aluminium Oxide, Hydrated, Acetylsalicylic Acid, Magnesium Hydroxide"
2000,Guaifenesin Bp
2001,Glycerin Bp
2002,Hexylresorcinol Bp
2003,Hexylresorcinol
2004,"Levomenthol Bp, Aniseed Oil Bp, Capsicum Tincture Bpc"
2005,"Levomenthol, Cajuput Oil, Eucalyptus Oil, Methyl Salicylate"
2006,Nicotine Resinate
2007,"Ammonium Chloride Bp, Diphenhydramine Hydrochloride Bp"
2008,"Bisoprolol Fumarate, Perindopril Arginine"
2009,"Tincture From Matricaria Flower (1:4-5), Extraction Solvent: Ethanol 70% (V/V)"
2010,Milrinone
2011,Itopride Hydrochloride
2012,Magnesium Aspartate Tetrahydrate
2013,"Pyridoxine Hydrochloride, Magnesium Aspartate Tetrahydrate"
2014,"Magnesium, Pyridoxine Hydrochloride"
2015,Formoterol Fumarate Dihydrate
2016,Salmeterol
2017,Cytisinicline
2018,"Potassium Hydrogen Aspartate Hemihydrate, Magnesium Aspartate Tetrahydrate"
2019,"Paracetamol, Acetylsalicylic Acid, Codeine Phosphate Hemihydrate"
2020,"Magnesium Aspartate, Potassium Hydrogen Aspartate"
2021,"Magnesium Aspartate Tetrahydrate, Potassium Aspartate Hemihydrate"
2022,"Asparagus Root Powder, Parsley Powder"
2023,"Potassium Hydrogen Aspartate, Magnesium Aspartate Tetrahydrate"
2024,"Pyridoxine Hydrochloride, L-Aspartic Acid"
2025,Pegcetacoplan
2026,"Soft Extract From Thyme (1.7 -2.5: 1), Extraction Solvents: Ammonia Solution 10 % (M/M), Glycerol 85%, Ethanol 90%, Water (1:20:70:109)"
2027,"Liquid Extract From Thyme Herb (Der 1:2-2,5), Extraction Solvents: Ammonia Solution 10 % (M/M), Glycerol 85%, Ethanol 90%, Water (1:20:70:109)"
2028,"Amylmetacresol, 2,4 Dichlorobenzyl Alcohol, Anhydrous Lidocaine Hydrochloride"
2029,"Lidocaine Hydrochloride Monohydrate, Amylmetacresol, 2,4 Dichlorobenzyl Alcohol"
2030,"Acetylsalicylic Acid, Magnesium Oxide"
2031,Aspirin Bp
2032,"Pseudoephedrine Hydrochloride, Acetylsalicylic Acid"
2033,"Chlorphenamine Maleate, Phenylephrine Bitartrate, Acetylsalicylic Acid"
2034,"Acetylsalicylic Acid, Caffeine Monohydrate, Codeine Phosphate Hemihydrate"
2035,Roxithromycin
2036,Itraconazole
2037,Ganirelix
2038,Aster Pollen
2039,Erdosteine
2040,"Grindelia Robusta Dil. D3, Blatta Orientalis Dil. D 5, Euspongia Officinalis Dil. D 5, Ammi Visnaga Dil. D 7, Cetraria Islandica Dil. D 5, Chamomilla Recutita Dil. D 5, Natrium Sulfuricum Dil. D 6, Psychotria Ipecacuanha Dil. D6, Eriodictyon Californicum"
2041,"Cuprum Aceticum Dil. D6, Drosera Dil. D1, Hyoscyamus Dil. D2, Eriodictyon Californicum Dil. D2"
2042,Siberian Ginseng Root
2043,"Natrium Phosphoricum Dil. D4, Atropa Bella-Donna Spag. Peka Dil. D4, Strychnos Nux-Vomica Spag. Peka Dil. D4, Robinia Pseudoacacia Spag. Peka Dil. D6, Achillea Millefolium Mother Tincture, Stibium Sulfuratum Nigrum Dil. D8, Colchicum Autumnale Dil. D6, Ci"
2044,Fludrocortisone
2045,Torasemide
2046,"Amlodipine Besilate, Rosuvastatin Calcium"
2047,Metopimazine
2048,"Hydrochlorothiazide, Candesartan Cilexetil"
2049,"Guaifenesin, Paracetamol, Caffeine"
2050,Hydroxyzine Dihydrochloride
2051,Hydroxyzine Hydrochloride
2052,Atazanavir
2053,Atazanavir Sulfate
2054,Atenolol
2055,"Atenolol, Chlortalidone"
2056,"Hydrocortisone Acetate, Polymyxin B Sulfate, Oxytetracycline"
2057,"Mometasone Furoate, Indacaterol"
2058,Ipratropium Bromide Monohydrate
2059,Human Plasma Derived Antithrombin
2060,Atenolol Ph. Eur.
2061,"Atenolol, Nifedipine"
2062,"Adenosine 5' Triphosphate, Disodium Salt"
2063,"Glycine, Adenosine Triphosphate"
2064,"Anti-T Lymphocyte Immunoglobulin For Human Use, Horse"
2065,"Ezetimibe, Atorvastatin Calcium Trihydrate"
2066,"Cyanocobalamin, Folic Acid, Pyridoxine"
2067,"Tolnaftate Bp, Benzalkonium Chloride Solution Bp"
2068,Thiamazole
2069,Tapentadol Hydrochloride
2070,Naftifine Hydrochloride
2071,"Solanum Dulcamara D6, Sambucus Nigra D1, Natrium Sulfuricum D6, Arsenicum Album D12, Tartarus Emeticus D12"
2072,Prazosin
2073,Tacrolimus Monohydrate
2074,Atorvastatin Calcium Trihydrate
2075,Atosiban
2076,Atosiban Acetate
2077,Ondansetron
2078,Somatostatin
2079,Atovaquone
2080,"Proguanil Hydrochloride, Atovaquone"
2081,"Enalapril Maleate, Lercanidipine Hydrochloride"
2082,"Cyanocobalamin, Folic Acid, Ferrous Fumarate, Potassium Iodide"
2083,Cefoxitin Sodium
2084,Nelarabine
2085,"Valsartan, Sacubitril"
2086,Dexibuprofen
2087,"Fenoterol Hydrobromide, Ipratropium Bromide Monohydrate"
2088,"Salbutamol Sulfate, Ipratropium Bromide Monohydrate"
2089,"Chondroitin Sulfate Sodium, Glucosamine Sulfate Sodium Chloride"
2090,"Tincture From Arnica Montana Flower (Der 1:20), Extraction Solvent: Ethanol 57.9% (V/V)"
2091,"Tincture From Fresh Arnica Montana, Extraction Solvent: Ethanol 50% (M/M)"
2092,Atropine Sulfate Monohydrate
2093,Atropine Sulfate Ph. Eur.
2094,Atropine
2095,Atropine Sulphate Bp
2096,"Dry Extract From Devil's Claw Root Corresponding To 720 - 1440 Mg Of Dried Root, Extraction Solvent: 60% (V/V)"
2097,Ipratropium Bromide
2098,Ipratropium Bromide Anhydrous
2099,"Fenoterol Hydrobromide, Ipratropium Bromide Anhydrous"
2100,"Fenoterol Hydrobromide, Ipratropium Bromide"
2101,Azathioprine
2102,Diflunisal
2103,"Gelsemium Sempervirens Dil. D4, Arum Maculatum Dil. D4, Cuprum Aceticum Dil. D4, Hedera Helix Spag. Peka Dil. D6, Lactuca Virosa Dil. D4, Cochlearia Armoracia Dil. D4, Bryonia Spag. Peka Dil. D4, Dactylopius Coccus Spag. Peka Dil. D2"
2104,Hawthorn (Flowering Top Powder)
2105,Obecabtagene Autoleucel
2106,Betamethasone
2107,Choline Salicylate
2108,Choline Salicylate Solution Bp
2109,"Choline Salicylate, Glycerol"
2110,Ofloxacin
2111,"Cucurbita Pepo, Flos Rec. Trit. D2, Apatit Trit. D5"
2112,"Conchae Trit. D1, Quercus, Ethanol. Decoctum Trit. D3"
2113,"Conchae, Quercus, Ethanol. Decoctum Trit. D3"
2114,"Euphrasia 3c D6, Argentum Nitricum D6, Hepar Sulfuris D12, Atropa Bella-Donna D6"
2115,"Euphrasia 3c D6, Hydrargyrum Bichloratum D15, Argentum Nitricum D6, Atropa Bella-Donna D6"
2116,Midodrine Hydrochloride
2117,Repotrectinib
2118,"Dextran 70, Hypromellose"
2119,Aumolertinib Mesilate
2120,Phenytoin Sodium
2121,"Chlortetracycline Hydrochloride, Triamcinolone Acetonide"
2122,Chlortetracycline Hydrochloride
2123,Citalopram
2124,"Dexamethasone Sodium Phosphate, Nystatin, Polymyxin B Sulfate, Oxytetracycline Hydrochloride"
2125,"Hexamidine Diisetionate, Lidocaine Hydrochloride"
2126,Mebeverine Hydrochloride
2127,"Prednisolone Caproate, Dexpanthenol, Lidocaine Hydrochloride"
2128,"Acetylsalicylic Acid, Clopidogrel"
2129,"Diosmin, Hesperidin"
2130,Felodipine
2131,Moclobemide
2132,"Aurum Metallicum Praeparatum Dil. D10 Aquos., Hyoscyamus Niger, Planta Tota Rh Dil. D5, Stibium Metallicum Praeparatum Dil. D6 Aquos."
2133,"Aurum Metallicum Praeparatum Dil. D10, Hyoscyamus Dil. D5, Stibium Metallicum Praeparatum Dil. D6"
2134,"Aurum Metallicum Praeparatum Dil. D4, Rosae Aetheroleum Extractum, Lavender Oil"
2135,"Aurum Metallicum Trit. D3, Myrrh, Olibanum"
2136,"Aurum Metallicum Trit. D6, Myrrha Trit. D3 (Hab, Vs. 6), Olibanum Trit. D3 (Hab, Vs. 6)"
2137,"Aurum Metallicum Trit. D7, Myrrha Trit. D4 (Hab, Vs. 6), Olibanum Trit. D4 (Hab, Vs. 6)"
2138,"Aurum Metallicum Praeparatum Dil. D10 Aquos., Cor Bovis Dil. D4"
2139,"Aurum Metallicum Praeparatum Dil. D10 Aquos., Ferrum Sidereum Dil. D10 Aquos."
2140,"Aurum Metallicum Praeparatum Dil. D10 Aquos., Stibium Metallicum Praeparatum Dil. D8 Aquos."
2141,"Aurum Metallicum Praeparatum Dil. D30, Equisetum Arvense Rh Dil. D20"
2142,"Digitalis Purpurea D3, Arnica Montana D3, Crataegus D2, Selenicereus Grandiflorus D4, Spigelia Anthelmia D3, Aconitum Napellus D6, Prunus Laurocerasus D3, Aurum Chloratum D6"
2143,"Aurum Metallicum Dil. D12, Aurum Metallicum Praeparatum Dil. D10 Aquos., Aurum Metallicum Praeparatum Dil. D30, Aurum Metallicum Praeparatum Dil. D15, Aurum Metallicum Praeparatum Dil. D6 Aquos., Aurum Metallicum Dil. D20"
2144,"Aurum Metallicum Dil. D12, Aurum Metallicum Praeparatum Dil. D10, Aurum Metallicum Praeparatum Dil. D30, Aurum Metallicum Praeparatum Dil. D15, Aurum Metallicum Dil. D20"
2145,"Aurum Metallicum Praeparatum Trit. D10, Aurum Metallicum Trit. D12, Aurum Metallicum Trit. D20, Aurum Metallicum Trit. D30"
2146,"Aurum Metallicum Dil. D5, Camphora Dil. D3 Aquos. (Hab, Sv 5b), Selenicereus Grandiflorus Ex Herba Ferm 33d Dil. D2 (Hab, Vs. 33d), Strophanthus Kombe E Semine Ferm 35b Dil. D3 (Hab, Vs. 35b), Valeriana Officinalis E Radice Ferm 33c Dil. D2 (Hab, Vs. 33c)"
2147,"Aurum Metallicum Dil. D9, Camphora Dil. D3 Aquos. (Hab, Sv 5b), Selenicereus Grandiflorus Ex Herba Ferm 33d Dil. D3 (Hab, Vs. 33d), Strophanthus Kombe E Semine Ferm 35b Dil. D5 (Hab, Vs. 35b), Valeriana Officinalis E Radice Ferm 33c Dil. D2 (Hab, Vs. 33c)"
2148,"Apis Regina Tota Gl Dil. D5 (Hab, Vs. 41c), Aurum Chloratum Dil. D6 Aquos. (Hab, Vs. 5b), Avena Sativa Ferm 33c Dil. D2, Hypericum Perforatum Ex Herba Ferm 33c Dil. D2 (Hab, Vs. 33c), Strychnos Ignatii E Semine Ferm 35b Dil. D4 (Hab, Vs. 35b), Acidum Phos"
2149,"Aurum Metallicum Dil. D9, Atropa Belladonna Ex Herba Ferm 33a Dil. D9 (Hab, Vs. 33a), Plumbum Mellitum Dil. D11 Aquos. (Hab, Vs. 6)"
2150,"Aurum Metallicum Dil. D9, Equisetum Arvense Ex Herba Ferm 35b Dil. D14 (Hab, Vs. 35b)"
2151,"Aurum Metallicum Dil. D29 Aquos., Equisetum Arvense Ex Herba Ferm 35b Dil. D14 (Hab, Vs. 35b)"
2152,"Aurum Metallicum Dil. D9, Prunus Spinosa E Floribus Et Summitatibus Ferm 33d Dil. D5 (Hab, Vs. 33d)"
2153,"Aurum Metallicum Dil. D9, Hyoscyamus Niger Ex Herba Ferm 33d Dil. D4 (Hab, Vs. 33d), Stibium Metallicum Dil. D7"
2154,"Aurum Metallicum Dil. D9, Strophanthus Kombe E Semine Ferm 35b Dil. D5 (Hab, Vs. 35b)"
2155,"Aconitum Dil. D6, Cactus Dil. D4, Crataegus Mother Tincture, Arnica Dil. D3, Aurum Chloratum Dil. D6"
2156,"Convallaria Majalis D2, Cytisus Scoparius D1, Arnica Montana D1, Natrium Tetrachloroauratum D6, Valeriana Officinalis D1, Crataegus Mother Tincture"
2157,"Aurum Metallicum Dil. D12, Aurum Metallicum Dil. D200, Aurum Metallicum Dil. D30"
2158,"Nitrofurantoin, Macrocrystalline"
2159,Aluminium Potassium Sulphate Dodecahydrate
2160,Deutetrabenazine
2161,Extract Of Fresh Maple Mistletoe Herb
2162,"Metformin Hydrochloride, Linagliptin"
2163,"Benzyl Alcohol, Isopropyl Alcohol, Ethanol (96% Denatured With Mek)"
2164,Hydroxychloroquine Sulfate
2165,"Adonis Vernalis Dil. D 3, Crataegus Dil. D 3, Selenicereus Grandiflorus Dil. D 4, Convallaria Majalis Dil. D3"
2166,Retinol
2167,"Retinol Palmitate, Dl-Alpha Tocopherol Acetate"
2168,"Retinol, Alphatocopherol Acetate"
2169,Alphatocopherol Acetate
2170,"Algeldrate, Inactivated Hepatitis A Virus (Gbm Strain)"
2171,"Aluminium Hydroxide, Inactivated Hepatitis A Virus (Gbm Strain)"
2172,"Avena Sativa Ferm 33c Dil. D2, Calcium Carbonicum Hahnemanni Dil D6, Sulfur Dil. D24 Aquos., Valeriana Officinalis E Radice Ferm 33c Dil. D2 (Hab, Vs. 33c), Phosphorus Dil. D24"
2173,Avena Sativa Mother Tincture
2174,"Avena Sativa 2b Ø, Coffea Tosta, Ethanol. Decoctum Dil. D60, Valeriana, Ethanol. Decoctum Ø, Passiflora Incarnata Mother Tincture, Humulus Lupulus Ø"
2175,"Tincture From Pressed Juice From Avena Sativa Herb, (Der 1:1.2) Extraction Solvent: Ethanol 51% V/V"
2176,"Amylocaine Hydrochloride, Adrenalinum D3, Ficaria Verna Mother Tincture, Paeonia Officinalis Mother Tincture"
2177,"Krameria Triandra C3, Aesculus Hippocastanum C3, Adrenalinum D3, Paeonia Officinalis Mother Tincture, Hamamelis Virginiana D1"
2178,"Paeonia Officinalis D1, Krameria Triandra C3, Aesculus Hippocastanum C3, Hamamelis Virginiana D1"
2179,"Dry Extract Of Rhapontic Rhubarb Root Der (16 - 26 : 1), Extraction Solvent: Aqueous Calcium Hydroxide Solution (Calcium Oxide : Water 1: 38 (M/M))"
2180,Betahistine
2181,"Dronabinol, Cannabidiol"
2182,Dimenhydrinate
2183,"Dimenhydrinate, Caffeine"
2184,Tretinoin
2185,Promethazine Teoclate
2186,Interferon Beta-1a
2187,Tocilizumab
2188,Insulin Icodec
2189,Bupropion Hydrochloride
2190,Esomeprazole Magnesium Trihydrate
2191,Glycopyrronium
2192,Heparin Sodium
2193,"Sitagliptin, Dapagliflozin"
2194,Pidotimod
2195,Ciclopirox
2196,Cefixime
2197,Fluciclovine (18f)
2198,"Ezetimibe, Rosuvastatin Zinc"
2199,Diamorphine Hydrochloride
2200,Clozapine
2201,Avapritinib
2202,Azacitidine
2203,Aztreonam
2204,"Brinzolamide, Timolol"
2205,Tripelennamine Hydrochloride
2206,Azathioprine Bp
2207,Azelastine
2208,Cefazolin
2209,Azithromycin Monohydrate
2210,Anhydrous Azithromycin
2211,Trazodone Hydrochloride
2212,Nitric Oxide
2213,"Liquid Extract From Matricaria Flower (1: 1), Extraction Solvent: Ethanol 70% (V/V), Liquid Extract From Calendula Flower (1: 1), Extraction Solvent: Ethanol 70% (V/V)"
2214,Patent Blue V (E131)
2215,"Liquid Extract Of Matricaria Flower (Der 1:2), Extraction Solvent: Ethanol 70% (V/V)"
2216,Sulfasalazine
2217,"Betula, Olive"
2218,"Butacaine, Dimercaprol"
2219,Thiamine Nitrate
2220,Cobamamide
2221,Thiamine
2222,12 Grass Pollen Mixture
2223,"Mixture Of Allergen Extracts From alnus Spp., Fraxinus Spp., Fagus Spp., Betula Spp., Ulmus Spp., Corylus Spp., Quercus Spp., Planatus Spp., Populus Spp. And Salix Spp."
2224,Weed And Shrub Pollen Mixture
2225,Pyridoxine Hydrochloride
2226,"Zinc Oxide, Castor Oil"
2227,Matricaria Recutita D3
2228,"Eucalyptus Oil, Thyme Oil, Turpentine Oil"
2229,Glycerol (85 Per Cent)
2230,Bacampicillin Hydrochloride
2231,"Bacitracin, Neomycin Sulfate"
2232,"Bacitracin, Hydrocortisone Acetate, Colistimethate Sodium"
2233,"Bacitracin Zinc, Neomycin Sulfate"
2234,"Bacillus Cereus E Volumine Ex Muris Cellulae (Lyophil., Steril.) D6"
2235,"Bacillus Cereus E Volumine Ex Muris Cellulae (Lyophil., Steril.) D4"
2236,"Bacitracin Zinc, Chlorhexidine Acetate"
2237,"Anthrax Antigen Filtrate, Algeldrate"
2238,Bacitracin
2239,"Bacitracin, Retinol"
2240,Baclofen
2241,Baclofen Ph. Eur.
2242,Mupirocin
2243,Benzyl Alcohol
2244,"Colibacillinum D12, Colibacillinum Nosode D200, Colibacillinum D30"
2245,Ebastine
2246,"Chlorhexidine Gluconate, Isopropyl Alcohol"
2247,Bosentan
2248,Lactobacillus Plantarum P 17630
2249,Vancomycin Hydrochloride
2250,"Sulfamethoxazole, Trimethoprim"
2251,Mupirocin Calcium
2252,"Calcium Ion, Hydrogen Carbonate"
2253,"Calcium Ion, Silicic Acid, Hydrogen Carbonate"
2254,"Coriander, Caraway Fruit, Fennel, Bitter, Pimpinella Anisum"
2255,"Magnesium, Sodium Ion, Hydrogen Carbonate"
2256,"Calcium Ion, Carbon Dioxide"
2257,"Calcium Ion, Sodium Ion, Chloride Ion, Hydrogen Carbonate"
2258,"Calcium, Sulfate"
2259,Bigas Flavones Solitaria A Scutellaria Baicalensis Radix
2260,"Allantoin, Bigas Flavones Solitaria A Scutellaria Baicalensis Radix"
2261,Colistin Sulfate
2262,"Guaifenesin, Theophylline"
2263,"Magnesium Chloride Hexahydrate, Sodium Chloride, Calcium Chloride Dihydrate, Glucose Monohydrate, Sodium (S)-Lactate Solution"
2264,"Calcium Carbonate, Magnesium Hydroxide"
2265,"Dry Extract Of Valerian Root (6,0 - 7,4 : 1), Extraction Solvent : Ethanol 70 % (V/V)"
2266,"Tincture Of Valerian Root (1:5), Extraction Liquid: Ethanol 70 V/V"
2267,"Valerian Root Dry Extract (3-6:1), Ethanol 70 %(V/V)"
2268,"Valerianae Extractum Siccum (3 - 6 : 1), Ethanol 70% (V/V)"
2269,"Tincture From Valerian Root (1:5), Extraction Solvent: Ethanol 70% (V/V)"
2270,Valerian Tincture
2271,"Dry Extract Of Melissa Leaf (4-6:1), Extraction Agent: Methanol 30% (V/V), Valerian Root Dry Extract (3-6:1), Ethanol 70 %(V/V)"
2272,Valerianae Tinctura (1:5)
2273,"Valerian Root Dry Extract (4-7:1), Dry Extract From Hop Strobile (4–8:1), Extraction Solvent: Ethanol 40 % (V/V)"
2274,"Valerian Root Dry Extract (3-6:1), Ethanol 70 %(V/V), Dry Extract From Hop Strobile (4–8:1), Extraction Solvent: Ethanol 40 % (V/V)"
2275,"Crataegi Folium Cum Flore, Lupuli Flos, Melissa Leaf Powder, Weißdornfrüchte-Pulver, Valerianae Radix Pulverata"
2276,Valeriana Root Tincture
2277,Valerianae Radix
2278,"Dry Extract Of Valerian Root (5.5-7.4:1), Extraction Solvent: Ethanol 85% (M/M)"
2279,"Valerian Root Dry Hydroalcoholic Extract (3-6:1, Extraction Solvent: Ethanol 70% V/V)"
2280,"Dry Extract From Melissa Leaf (4-6:1), Extraction Solvent: Water, Valerian Root Dry Extract (3-6:1), Ethanol 70 %(V/V), Dry Extract From Hop Strobile (4–8:1), Extraction Solvent: Ethanol 40 % (V/V)"
2281,Valerianae Radix Dry Extract
2282,Omega-3-Acid Ethyl Esters 90 With A Specific Composition For Epa And Dha Not Lower Than 85%.
2283,Urea
2284,"Menthol, Camphor, Methyl Salicylate"
2285,"Capsicum Oleoresin, Methyl Salicylate Ph. Eur., Menthol Bp, Camphor Bp"
2286,"Levomenthol, Camphor, Capsicum Oleoresin, Methyl Salicylate"
2287,Soya Oil
2288,Soya-Bean Oil Refined
2289,"Paraffin, Light Liquid, Arachis Oil"
2290,"Lauromacrogol 400, Soya Oil"
2291,"Macrogol Lauryl Ether, Urea"
2292,Ivermectin
2293,"2.1% Sodium Chloride-Water (Brine) Sulfide, Iodide"
2294,Melissengeist Konzentrat
2295,"Menthol, Benzyl Nicotinate, Salicylic Acid"
2296,"Menthol, Capsaicin, Methyl Salicylate, Salicylic Acid"
2297,Methyl Salicylate
2298,"Menthol, Camphor, Methyl Salicylate, Turpentine Essential Oil"
2299,"Camphor, Racemic, Chlorobutanol Hemihydrate, Menthol, Methyl Salicylate"
2300,"Levomenthol, Chlorobutanol Hemihydrate"
2301,Peru Balsam
2302,"Levomenthol, Eucalyptus Oil, Niaouli Essential Oil, Benzoin Siam"
2303,"Bromhexine Hydrochloride, Sulfamethoxazole, Trimethoprim"
2304,Erdafitinib
2305,Balsalazide Disodium
2306,Bambuterol Hydrochloride
2307,"Phyllostachys E Nodo Ferm 35c Dil. D3 (Hab, Vs. 35c)"
2308,"Acetylsalicylic Acid, Anhydrous Caffeine"
2309,Vortioxetine Hydrobromide
2310,Calcium Citrate Tetrahydrate
2311,"Timolol Maleate, Bimatoprost"
2312,Glucagon
2313,Entecavir
2314,"Arctium Lappa Root, Cryoground"
2315,Arctostaphylos Uva-Ursi
2316,Barium Sulfate
2317,"Arnica Montana Trit. D 4, Kalium Phosphoricum Trit. D6, Causticum Hahnemanni Trit. D6, Barium Carbonicum Trit. D12, Datura Stramonium Trit. D4, Aconitum Napellus Trit. D12, Semecarpus Anacardium Trit. D6, Strychnos Ignatii Trit. D6, Calcium Iodatum Trit."
2318,Prilocaine Hydrochloride
2319,"Barium Citricum Trit. D3, Berberis, Ethanol. Decoctum Trit. D3, Conchae Trit. D10, Zinnober Trit. D6"
2320,"Barium Citricum Dil. D9 (Hab, Vs. 6), Carbo Vegetabilis Dil. D5, Cichorium Intybus E Planta Tota Ferm 33c Dil. D2 (Hab, Vs. 33c), Oxalis Acetosella E Planta Tota Ferm 34b Dil. D2 (Hab, Vs. 34b), Pancreas Suis Gl Dil. D7 (Hab, Vs. 41a)"
2321,Fludeoxyglucose (18f)
2322,Barnidipine Hydrochloride
2323,"Enalapril Maleate, Nitrendipine"
2324,"Barium Oxalsuccinicum D200, Barium Oxalsuccinicum D30, Barium Oxalsuccinicum D10"
2325,"Valine, Arginine Glutamate, Alanine, Isoleucine, Leucine, Methionine, Phenylalanine, Proline, Serine, Threonine, Aspartic Acid, Glutamic Acid, Glycine, Histidine Hydrochloride Monohydrate, Potassium Dihydrogen Phosphate, Tryptophan, Potassium Hydroxide, S"
2326,Benzylthiouracil
2327,Ciprofloxacin Hydrochloride
2328,Lidocaine Hydrochloride
2329,Bromhexine
2330,"Paraffin White Soft, Paraffin, Viscous"
2331,Doxycycline Hyclate
2332,"Cefotaxime Sodium, Lidocaine Hydrochloride"
2333,Prednicarbate
2334,Ciclopirox Olamine
2335,"Influenza Virus B/Austria/1359417/2021-Like Strain (B/Austria/1359417/2021, Bvr-26), A/Victoria/4897/2022 (H1n1)pdm09-Like Strain (A/Victoria/4897/2022, Ivr-238), Influenza A Virus, A/Croatia/10136rv/2023 (H3n2) Like Strain X-425a, Inactivated"
2336,"Clove Oil, Methyl Salicylate, Oil Of Pimenta"
2337,"Guaifenesin, Ethylmorphine Hydrochloride"
2338,"Levomenthol, Camphor, Capsicum Oleoresin, Isoamyl Salicylate"
2339,Dalbavancin
2340,Avelumab
2341,Mirabegron
2342,Diclofenac
2343,"Dexamethasone Acetate, Clotrimazole"
2344,"Timolol Maleate, Brimonidine Tartrate"
2345,Bcg (Bacillus Calmette-Guérin) Bacteria
2346,"Bcg (Bacillus Calmette-Guérin), Live Attenuated, Strain Rivm (Strain 1173-P2 Derived)"
2347,"Live Bcg Bacilli (Bacillus Calmette-Guerin), Brasilian Moreau Substrain"
2348,"Mycobacterium Bovis, Danish Strain 1331"
2349,"Thiamine Hydrochloride, Calcium Pantothenate, Cyanocobalamin, Nicotinamide, Riboflavin, Pyridoxine Hydrochloride"
2350,Betamethasone Benzoate
2351,Pyridoxine
2352,"Beclometasone Dipropionate, Formoterol"
2353,"Beclometasone Dipropionate, Formoterol Fumarate"
2354,Beclometasone Dipropionate Monohydrate
2355,"Biotin, Calcium Pantothenate, Cyanocobalamin, Nicotinamide, Riboflavin, Thiamine Nitrate, Pyridoxine Hydrochloride"
2356,"Ascorbic Acid, Biotin, Calcium Pantothenate, Cyanocobalamin, Folic Acid, Nicotinamide, Riboflavin, Magnesium Carbonate Heavy, Magnesium Oxide, Light, Thiamine Nitrate, Calcium Carbonate, Pyridoxine Hydrochloride, Zinc Citrate Trihydrate"
2357,"Ascorbic Acid, Biotin, Cyanocobalamin, Folic Acid, Monophosphothiamine, Nicotinamide, Riboflavin, Magnesium Carbonate Heavy, Calcium Carbonate, Pantothenic Acid, Pyridoxine Hydrochloride, Magnesium Sulfate Dihydrate, Zinc Citrate Trihydrate"
2358,"Ascorbic Acid, Biotin, Cyanocobalamin, Folic Acid, Nicotinamide, Riboflavin, Magnesium Carbonate Heavy, Magnesium Oxide, Light, Thiamine Nitrate, Calcium Carbonate, Pantothenic Acid, Pyridoxine Hydrochloride, Zinc Citrate Trihydrate"
2359,"Riboflavin Sodium Phosphate, Thiamine Hydrochloride, Dexpanthenol, Nicotinamide, Pyridoxine Hydrochloride"
2360,"Ascorbic Acid, Biotin, Calcium Pantothenate, Cyanocobalamin, Nicotinamide, Riboflavin, Thiamine Nitrate, Pyridoxine Hydrochloride"
2361,Triptorelin Pamoate
2362,"Gentamicin, Betamethasone"
2363,"Betamethasone, Salicylic Acid"
2364,"Thiamine Hydrochloride, Pyridoxine Hydrochloride"
2365,"Guaifenesin, Glucose, Treacle"
2366,"Benzalkonium Chloride, Hexylresorcinol"
2367,"Benzalkonium Chloride Solution, Hexylresorcinol"
2368,"Thiamine Nitrate, Pyridoxine Hydrochloride"
2369,"Cyanocobalamin, Riboflavin, Thiamine Nitrate, Pyridoxine Hydrochloride"
2370,Deferiprone
2371,Nimodipine
2372,Bezafibrate
2373,Sultamicillin Tosilate
2374,Salmeterol Xinafoate
2375,Biotin
2376,Artemisia Vulgaris Pollen
2377,Eculizumab
2378,Cassia Angustifolia Vahl. (Polvo De Hojas)
2379,"Apis Mellifica D4, Belladonna D4, Hydrargyrum Bichloratum D8, Phytolacca Americana D4, Kalium Bichromicum D6, Teucrium Marum D6"
2380,"Betamethasone Dipropionate, Salicylic Acid"
2381,Deoxycholic Acid
2382,"Glycerol, Ipecacuanha Fluid Extract"
2383,Citric Acid Monohydrate
2384,"Levomenthol, Sodium Citrate, Ammonium Chloride, Squill Tincture"
2385,Methyl Salicylate Bp
2386,"Atropa Belladonna Ex Herba Ferm 33a Dil. D2 (Hab, Vs. 33a), Nicotiana Tabacum E Foliis Ferm 33b Dil. D4 (Hab, Vs. 33b), Chamomilla Recutita E Radice Ferm 33c Ø (Hab, Vs. 33c)"
2387,Belladonna Alkaloids
2388,"Atropa Belladonna E Fructibus Ferm 33a Dil. D5 (Hab, Vs. 33a), Rosae Aetheroleum Dil. D7 (Hab, Vs. 5a, Lsg. D1 Mit Ethanol 94% (M/M))"
2389,"Apis Mellifica Dil. D 2, Ailanthus Glandulosa Dil. D1, Atropa Belladonna Dil. D3, Hydrargyrum Bicyanatum Dil. D8, Phytolacca Dil. D4"
2390,"Belladonna Rh Dil. D10, Belladonna Rh Dil. D6, Atropa Bella-Donna Dil. D20, Atropa Bella-Donna Rh Dil. D30, Atropa Belladonna Dil. D4"
2391,"Belladonna Rh Dil. D6, Betula, Folium Dil. D3, Formica Rufa Dil. D6"
2392,"Atropa Belladonna E Radice Ferm 33b Dil. D5 (Hab, Vs. 33b), Chamomilla Recutita E Radice Ferm 33c Dil. D2 (Hab, Vs. 33c)"
2393,"Atropa Bella-Donna Dil. D10, Atropa Bella-Donna Dil. D1000, Atropa Bella-Donna Dil. D30, Atropa Bella-Donna Dil. D200, Echinacea D10, Echinacea D200, Echinacea D30, Atropa Belladonna Dil. D4"
2394,"Atropa Bella-Donna Dil. D10, Atropa Bella-Donna Dil. D1000, Atropa Bella-Donna Dil. D30, Atropa Bella-Donna Dil. D200, Echinacea Dil. D200, Echinacea Dil. D30, Echinacea D10, Atropa Bella-Donna Dil. D2"
2395,"Atropine, Ergotamine Tartrate, Phenobarbital"
2396,"Carbo Vegetabilis Trit. D 3, Asa Foetida Trit. D3, Lycopodium Trit. D5, Nux Vomica Trit. D5"
2397,"Benzoin Tincture, Capsicum Tincture Bpc, Cetylpyridinium Chloride Bp"
2398,Metoprolol Tartrate
2399,Metoprolol Tartrate Ph. Eur.
2400,Metoprolol Succinate (Ph. Eur.)
2401,Betamethasone Dipropionate
2402,"Betamethasone Dipropionate, Gentamicin"
2403,"Betamethasone Dipropionate, Gentamicin Sulfate"
2404,"Gentamicin, Betamethasone, Clotrimazole"
2405,Hexetidine
2406,Valproate Semisodium
2407,Bupivacaine Hydrochloride Monohydrate
2408,Follitropin Alfa
2409,Magaldrate Anhydrous
2410,Betamethasone Valerate
2411,Betamethasone Valerate (Ph. Eur.)
2412,"Dry Extract From Ribwort Plantain (Der 3-5: 1), Extraction Solvent: Ethanol 20% (M/M)"
2413,"Diphenhydramine Hydrochloride, Zinc Oxide, Camphor"
2414,"Amylmetacresol, Ascorbic Acid, Sodium Ascorbate, 2,4 Dichlorobenzyl Alcohol"
2415,"Amylmetacresol, Levomenthol, 2,4 Dichlorobenzyl Alcohol"
2416,Benzalkonium Chloride
2417,"Hydrochlorothiazide, Benazepril Hydrochloride"
2418,Benazepril Hydrochloride
2419,Crested Dogstail Pollen
2420,Phleum Pratense Pollen
2421,Histamine Dihydrochloride Ph. Eur.
2422,Phenol
2423,"Benzydamine Hydrochloride, Cetylpyridinium Chloride Monohydrate"
2424,Bendamustine Hydrochloride
2425,Fluorouracil
2426,Gemcitabine
2427,Docetaxel
2428,Epirubicin Hydrochloride
2429,Bendazac Lysinate
2430,Bendamustine
2431,Bendamustine Hydrochloride Monohydrate
2432,Fludarabine Phosphate
2433,Vinorelbine Tartrate
2434,Bendroflumethiazide Ph. Eur.
2435,"Bendroflumethiazide, Potassium Chloride"
2436,Nonacog Alfa
2437,"Magnesium Chloride Hexahydrate, Potassium Chloride, Sodium Chloride, Calcium Chloride Dihydrate, Glucose Monohydrate, Sodium Acetate Trihydrate"
2438,Rifampicin
2439,Etanercept
2440,Benfotiamine
2441,"Benfotiamine, Cyanocobalamin, Pyridoxine Hydrochloride"
2442,"Menthol, Methyl Salicylate"
2443,"Metamizole Sodium Monohydrate, Thiamine Hydrochloride, Caffeine"
2444,Belimumab
2445,Phenoxymethylpenicillin Benzathine
2446,Doxylamine Hydrogen Succinate
2447,Benzylpenicillin Sodium
2448,Procyclidine Hydrochloride
2449,"Diphenhydramine Hydrochloride, Levomenthol"
2450,"Guaifenesin, Levomenthol"
2451,"Glycerol, Sucrose"
2452,"Dextromethorphan Hydrobromide, Diphenhydramine Hydrochloride, Levomenthol"
2453,"Diphenhydramine Hydrochloride, Guaifenesin, Levomenthol"
2454,"Diphenhydramine Hydrochloride, Pseudoephedrine Hydrochloride, Paracetamol"
2455,Hedera Helix
2456,Pelargonium Root
2457,"Pseudoephedrine Hydrochloride, Guaifenesin"
2458,"Clindamycin, Anhydrous Benzoyl Peroxide"
2459,"Benzalkonium Chloride, Ethanol (96 Per Cent)"
2460,Benzaldehyde
2461,Benzathine Benzylpenicillin
2462,Benzbromarone
2463,Benzylpenicillin
2464,Benzylpenicillin Potassium
2465,Benzoic Acid
2466,Sulisobenzone
2467,"Benzoxonium Chloride, Lidocaine Hydrochloride"
2468,"Benzydamine Hydrochloride, Cetylpyridinium Chloride"
2469,Benzyl Cinnamate
2470,Benzylhemiformal
2471,"Lidocaine Hydrochloride Monohydrate, Benzathine Benzylpenicillin"
2472,Brolucizumab
2473,Dexpanthenol
2474,"Chlorhexidine Dihydrochloride, Dexpanthenol"
2475,"Tamsulosin Hydrochloride, Solifenacin Succinate"
2476,Tetryzoline Hydrochloride
2477,"Colocynthis D3, Betula Pendula D1, Pulsatilla D4, Oxalic Acid D8, Sodium Sulfate D2, Terebinthina D3, Berberis Vulgaris D2, Gnaphalium Polycephalum D2, Kalium Carbonicum D2, Colchicum Automnale D3"
2478,"Colocynthis D 6, Ononis Spinosa D2, Betula Pendula D1, Acidum Oxalicum D8, Colchicum D8, Terebinthina D3, Gnaphalium Polycephalum D6, Berberis Vulgaris D2, Pulsatilla Pratensis D4, Natrium Sulfuricum D2"
2479,"Berberis Vulgaris E Fructibus Ferm 33c Ø (Hab, Vs. 33c), Urtica Dioica E Planta Tota Ferm 33c Dil. D2 (Hab, Vs. 33c)"
2480,Berberis Vulgaris Dil. D2
2481,"Lycopodium Trit. D2, Urtica (Hab 34) Ø (Hab, V. 2a), Berberis Vulgaris Mother Tincture"
2482,"Berberis Vulgaris E Radice Ferm 33d Dil. D2 (Hab, Vs. 33d), Hypericum Perforatum Ex Herba Ferm 33c Dil. D2 (Hab, Vs. 33c), Kalium Phosphoricum Dil. D4 Aquos. (Hab, Vs. 5b)"
2483,"Berberis Vulgaris, Planta Tota Rh Dil. D1, Urtica Urens, Planta Tota Rh Dil. D2"
2484,"Apis Mellifica Ex Animale Toto Gl Dil. D7 (Hab, Vs. 41c), Atropa Belladonna Ex Herba Ferm 33a Dil. D3 (Hab, Vs. 33a), Berberis Vulgaris E Radice Ferm 33d Dil. D2 (Hab, Vs. 33d), Terebinthina Laricina Trit. D2 (Hab, Vs. 6)"
2485,"Apis Mellifica Ex Animale Toto Gl Dil. D7 (Hab, Vs. 41c), Atropa Belladonna Ex Herba Ferm 33a Dil. D5 (Hab, Vs. 33a), Berberis Vulgaris E Radice Ferm 33d Dil. D2 (Hab, Vs. 33d), Terebinthina Laricina Dil. D7 (Hab, Vs. 6)"
2486,"Berberis Vulgaris E Fructibus Ferm 33c Dil. D3 (Hab, Vs. 33c), Nicotiana Tabacum E Foliis Ferm 33b Dil. D9 (Hab, Vs. 33b), Pulsatilla Vulgaris E Floribus Ferm 33c Dil. D5 (Hab, Vs. 33c)"
2487,"Berberis Vulgaris E Radice Ferm 33d Ø (Hab, Vs. 33d), Berberis Vulgaris Ex Herba Ferm 33c Ø (Hab, Vs. 33c), Granit Dil. D9 (Hab, Vs. 6), Magnesium Sulfuricum Dil. D5 Aquos. (Hab, Vs. 5b), Urtica Urens Ex Herba Ferm 33c Dil. D2 (Hab, Vs. 33c), Viscum Album"
2488,"Berberis Vulgaris E Fructibus Ferm 33c Dil. D2 (Hab, Vs. 33c), Quarz Dil. D19 Aquos."
2489,"Aurum Metallicum Dil. D9, Berberis Vulgaris E Radice Ferm 33d Ø (Hab, Vs. 33d), Sepia Officinalis E Volumine Bursae Rec. Gl Dil. D6 (Hab, Vs. 41c), Urtica Urens Ex Herba Ferm 33c Dil. D2 (Hab, Vs. 33c), Placenta Bovis Gl Dil. D7 (Hab, Vs. 41b)"
2490,"Berberis Vulgaris E Radice Ferm 33d Ø (Hab, Vs. 33d), Urtica Urens Ex Herba Ferm 33c Dil. D2 (Hab, Vs. 33c)"
2491,"Berberis Vulgaris E Radice Ferm 33d Ø (Hab, Vs. 33d), Berberis Vulgaris Ex Herba Ferm 33c Ø (Hab, Vs. 33c), Granit Dil. D9 (Hab, Vs. 6), Magnesium Sulfuricum Dil. D5 Aquos. (Hab, Vs. 5b), Urtica Urens Ex Herba Ferm 33c Dil. D2 (Hab, Vs. 33c), Uterus Bovis"
2492,"Veratrum Album Dil. D30, Veratrum Album Dil. D200, Citrullus Colocynthis Dil. D10, Citrullus Colocynthis Dil. D30, Citrullus Colocynthis Dil. D200, Veratrum Album Dil. D10, Veratrum Album Dil. D5, Berberis Vulgaris Dil. D10, Berberis Vulgaris Dil. D200, B"
2493,"Veratrum Album Dil. D 4, Veratrum Album Dil. D30, Veratrum Album Dil. D200, Citrullus Colocynthis Dil. D10, Citrullus Colocynthis Dil. D30, Citrullus Colocynthis Dil. D200, Veratrum Album Dil. D10, Berberis Vulgaris Dil. D10, Berberis Vulgaris Dil. D200,"
2494,"Zinc, Cobalt, Copper, Iron, Magnesium, Manganese, Molybdenum, Boron, Fluorine, Nickel, Vanadium"
2495,"Zinc, Chromium, Cobalt, Copper, Iron, Magnesium, Manganese, Selenium, Molybdenum, Boron, Fluorine, Vanadium"
2496,"Ascorbic Acid, Zinc, Chromium, Cobalt, Copper, Iron, Magnesium, Manganese, Selenium, Molybdenum, Boron, Fluorine, Vanadium"
2497,"Zinc, Chromium, Cobalt, Copper, Iron, Magnesium, Manganese, Selenium, Molybdenum, Fluoride, Boron, Vanadium"
2498,Human Coagulation Factor Viii
2499,"Hawthorn Leaf And Flower Liquid Extract, Quantified"
2500,Human Normal Immunoglobulin
2501,C1 Esterase Inhibitor (Human)
2502,Bovine Aprotinin
2503,"Human Coagulation Factor Ix, Protein C, Human Coagulation Factor Vii, Protein S, Human Coagulation Factor Ii, Human Coagulation Factor X"
2504,Human Rabies Immunoglobulin
2505,Ethylenediamine Thioctate
2506,Praziquantel
2507,Tasonermin
2508,Fenoterol Hydrobromide
2509,Methotrexate Disodium
2510,Betaxolol Hydrochloride
2511,"Valerian Root Dry Extract (5.3-6.6:1), Extraction Agent: Methanol 45 % (M/M), Dry Extract Of Hop Strobile (5,5–6,5:1), Extraction Solvent: Water"
2512,Hypericum Perforatum
2513,Lavandulae Flos
2514,"Gelsemium Sempervirens Dil. D5, Kalium Phosphoricum Dil. D4, Strychnos Nux-Vomica Dil. D5, Acidum Silicicum Dil. D9, Avena Sativa Mother Tincture, Passiflora Incarnata Mother Tincture, Acidum Phosphoricum Dil. D3"
2515,"Melissa Leaf, Menthae Piperitae Folium, Humulus Lupulus, Valerianae Radix"
2516,Passiflorae Herba
2517,"Lupuli Flos, Lavandulae Flos, Melissa Leaf, Valerianae Radix"
2518,Inotuzumab Ozogamicin
2519,Ropeginterferon Alfa-2b
2520,"Hydroxocobalamin Acetate, Thiamine Hydrochloride, Pyridoxine Hydrochloride"
2521,"Magnesium Aspartate Dihydrate, Magnesium Citrate"
2522,Betamethasone 17-Valerate 21-Acetate
2523,Betacarotene
2524,"Betamethasone Sodium Phosphate, Chloramphenicol"
2525,"Betamethasone, Chloramphenicol"
2526,Betaxolol
2527,Sotalol
2528,Sotalol Hydrochloride
2529,"Pepsin Powder, Betaine Hydrochloride"
2530,"Betamethasone Valerate, Gentamicin Sulfate"
2531,"Betamethasone Dipropionate (Ph. Eur.), Salicylic Acid Ph. Eur."
2532,"Povidone, Iodinated"
2533,"Povidone, Iodinated Ph. Eur."
2534,"Ethanol (96 Per Cent), Povidone, Iodinated"
2535,Recombinant Interferon Beta-1b
2536,"Betamethasone Valerate, Fusidic Acid Ph. Eur."
2537,Levobunolol Hydrochloride
2538,Betahistine Hydrochloride
2539,Betahistine Mesilate
2540,Metoprolol
2541,Metoprolol Succinate
2542,Sulpiride
2543,"Betamethasone, Calcipotriol, Anhydrous"
2544,Betamethasone Bp
2545,Betamethasone Valerate Bp
2546,"Betamethasone Valerate, Clioquinol"
2547,"Betamethasone Valerate, Neomycin Sulfate"
2548,"Betamethasone Dipropionate, Clotrimazole"
2549,"Octenidine, Phenoxyethanol"
2550,"Betacarotene, Sodium Ascorbate, Sodium Selenite, Alphatocopherol Acetate, Zinc Pidolate"
2551,"Ethanol (96 Per Cent), Isopropyl Alcohol, Povidone, Iodinated"
2552,"Isopropyl Alcohol, Ethanol, Povidone, Iodinated"
2553,Ceftriaxone
2554,Betamethasone Sodium Phosphate Ph. Eur
2555,"Neomycin Sulfate, Betamethasone"
2556,"Betamethasone Sodium Phosphate Ph. Eur, Neomycin Sulphate Ph. Eur."
2557,"Betamethasone Sodium Phosphate, Neomycin Sulfate"
2558,"Dry Extract Of St. John's Wort (5-7:1), Extraction Solvent: Ethanol 60% V/V"
2559,"Argentum Metallicum Dil. D7, Arnica Montana E Planta Tota Ferm 33c Dil. D14 (Hab, Vs. 33c), Betula Pendula E Cortice, Decoctum Ø (Hab, Vs. 23a), Betula Pendula Ferm 34e Dil. D1, Formica Rufa Ex Animale Toto Gl Dil. D7 (Hab, Vs. 41c), Sulfur Dil. D5"
2560,"Argentum Metallicum Dil. D7, Arnica Montana E Planta Tota Ferm 33c Dil. D14 (Hab, Vs. 33c), Betula Pendula Ferm 34e Dil. D3, Betula Pendula E Cortice, Decoctum Dil. D4 (Hab, Vs. 23a), Formica Rufa Ex Animale Toto Gl Dil. D7 (Hab, Vs. 41c), Sulfur Dil. D5"
2561,"Betula Pendula E Cortice, Decoctum Dil. D3 (Hab, Vs. 23a), Filipendula Ulmaria Ferm 34c Dil. D2, Galenit Dil. D6"
2562,"Betula Pendula E Cortice, Decoctum Dil. D3 (Hab, Vs. 23a), Filipendula Ulmaria Ferm 34c Dil. D2, Galenit Dil. D6, Mandragora Officinarum E Radice Ferm 34d Dil. D3 (Hab, Vs. 34d)"
2563,"Glycopyrronium Bromide, Formoterol Fumarate Dihydrate"
2564,"Cyanocobalamin, Folic Acid, Nicotinamide, Riboflavin, Thiamine Nitrate, Pantothenic Acid, Pyridoxine Hydrochloride"
2565,"Nicotinamide, Riboflavin, Thiamine Nitrate, Pyridoxine Hydrochloride"
2566,"Cyanocobalamin, Folic Acid, Pyridoxine Hydrochloride"
2567,Prasugrel
2568,Bexarotene
2569,Trolamine Salicylate
2570,"Aluminium Hydroxide, Recombinant Neisseria Meningitidis Group B Nhba Fusion Protein Produced In E. Coli Cells By Recombinant Dna Technology Adsorbed On Aluminium Hydroxide, Recombinant Neisseria Meningitidis Group B Nada Protein Produced In E. Coli Cells"
2571,"Recombinant Neisseria Meningitidis Group B Nhba Fusion Protein Produced In E. Coli Cells By Recombinant Dna Technology Adsorbed On Aluminium Hydroxide, Recombinant Neisseria Meningitidis Group B Nada Protein Produced In E. Coli Cells By Recombinant Dna Te"
2572,Nirsevimab
2573,Acoramidis
2574,"Spiramycin, Metronidazole"
2575,"Indapamide, Perindopril Arginine"
2576,Trolamine
2577,Benzoxonium Chloride
2578,Phenobarbital
2579,Bisoprolol Fumarate
2580,Bibrocathol
2581,Bupivacaine Hydrochloride
2582,"Sodium Hydrogen Carbonate, Magnesium Chloride Hexahydrate, Sodium Chloride, Calcium Chloride Dihydrate, Glucose Monohydrate"
2583,Clarithromycin
2584,Carmustine
2585,"Metformin Hydrochloride, Glibenclamide"
2586,Lactulose
2587,Empagliflozin
2588,Zofenopril Calcium
2589,"Zofenopril Calcium, Hydrochlorothiazide"
2590,"Progesterone, Estradiol Hemihydrate"
2591,"Bisoprolol Fumarate, Acetylsalicylic Acid"
2592,"Emtricitabine, Tenofovir Alafenamide, Bictegravir"
2593,"Dehydrocholic Acid, Homatropine Methylbromide, Papaverine Hydrochloride"
2594,Bilastine Monohydrate
2595,"Menthol, Borneol, Camphene, Menthone, Pinene, Cineole"
2596,"Acidum Salicylicum D2, Natrium Carbonicum D2, Natrium Chloratum D2, Natrum Phosphoricum D1, Curcuma Longa D2, Atropinum Sulfuricum D3, Lycopodium Clavatum D3"
2597,Ginkgo Biloba Leaf Extract
2598,"Ginkgo Leaf Dry Extract, Refined And Quantified"
2599,Ginkgo Leaf Extract
2600,"Refined And Quantified Dry Extract From Ginkgo Leaf (35-67:1), Quantified To 17,6-21,6 Mg Of Flavonoids Expressed As Flavone Glycosides, 2,08-2,56 Mg Of Bilobalide, 2,24-2,72 Mg Of Ginkgolides A, B And C, Extraction Solvent: Acetone 60% (M/M)"
2601,"Dry Extract Of Ginkgo Leaf (40-50:1), Corresponding To 17.6-21.6 Mg Of Flavone Glycosides, 2.2-2.7 Mg Of Ginkgolides A, B And C, 2.1-2.6 Mg Of Bilobalide, Extraction Solvent: Ethanol 50% (V/V)"
2602,"Timolol, Bimatoprost"
2603,Imatinib
2604,"Sorbitan Trioleate, Water For Injection, Polysorbate 80, Sodium Citrate, Selvacovatein, Squalene, Citric Acid"
2605,"Sorbitan Trioleate, Polysorbate 80, Sodium Citrate, Squalene, Citric Acid, Sars-Cov-2 Virus, Variant Lp.8.1, Spike Protein, Receptor Binding Domain Fusion Homodimer"
2606,"Sorbitan Trioleate, Polysorbate 80, Sodium Citrate, Squalene, Citric Acid, Damlecovatein"
2607,Bimekizumab
2608,"Dry Extract Of Ginkgo Biloba Leaves (35-67:1), Extraction Solvent: Acetone 60% ( M / M)"
2609,Eucalyptus Leaf
2610,"Fennel, Bitter, Thyme, Plantaginis Lanceolatae Folium, Liquorice Root"
2611,"Tiliae Flos, Pimpinella Anisum, Thyme"
2612,"Sambuci Flos, Tiliae Flos, Thyme"
2613,Taraxici Herba Cum Radice
2614,"Caraway Fruit, Fennel, Bitter, Matricariae Flos, Pimpinella Anisum"
2615,"Melissa Leaf, Passiflorae Herba, Menthae Piperitae Folium, Valerianae Radix"
2616,L-Arginine Hydrochloride
2617,"Ascorbic Acid, Liquid Extract From Fresh Aloe Arborescens Leaf (Der 1:4), Extraction Solvent: Water"
2618,"Larvae, Live (Lucilia Sericata)"
2619,"Ginkgo Biloba L., Folium (Dry Extract)"
2620,Mepivacaine Hydrochloride
2621,"Tincture From Hawthorn Leaf And Flower (1:10), Extraction Solvent: Ethanol 65% (V/V), Tincture From Motherwort Herb (1:10), Extraction Solvent: Ethanol 65% (V/V), Tincture From Passion Flower Herb (1:10), Extraction Solvent: 65% (V/V), Tincture From Valer"
2622,Cefpodoxime
2623,Calcium Fluoratum Trit D6
2624,Calcium Fluoratum Trit. D12
2625,Natrium Sulfuricum D12
2626,Natrium Sulfuricum Trit. D6
2627,Silicea D12
2628,Silicea D6
2629,Calcium Sulfuricum Trit. D12
2630,Calcium Sulfuricum Trit. D6
2631,Kalium Arsenicosum D6
2632,Kalium Bromatum D12
2633,Kalium Bromatum Trit. D6
2634,Kalium Iodatum Trit. D12
2635,Kalium Iodatum Trit. D6
2636,Lithium Chloratum D12
2637,Lithium Muriaticum Trit. D6
2638,Manganum Sulfuricum Trit. D12
2639,Manganum Sulfuricum Trit. D6
2640,Calcium Sulfuratum D12
2641,Calcium Sulfuratum Trit. D6
2642,Cuprum Arsenicosum D12
2643,Cuprum Arsenicosum D6
2644,Calcium Phosphoricum D12
2645,Calcium Phosphoricum Trit. D6
2646,Aluminium-Kalium-Sulfuricum D6
2647,Zincum Chloratum D6
2648,Zincum Chloratum Trit. D12
2649,Calcium Carbonicum D6
2650,Calcium Carbonicum Hahnemanni D12
2651,Natrium Bicarbonicum D6
2652,Arsenum Iodatum Trit. D6
2653,Ferrum Phosphoricum Trit D12
2654,Ferrum Phosphoricum Trit D3
2655,Ferrum Phosphoricum Trit. D6
2656,Kalium Chloratum Trit. D6
2657,Kalium Chloratum D12
2658,Kalium Phosphoricum D12
2659,Kalium Phosphoricum Trit. D6
2660,Kalium Sulfuricum Trit. D6
2661,Kalium Sulfuricum Trit. D12
2662,Magnesium Phosphoricum D12
2663,Magnesium Phosphoricum Trit. D6
2664,Natrium Chloratum Trit. D12
2665,Natrium Chloratum Trit. D6
2666,Natrium Phosphoricum Trit. D6
2667,Natrium Phosphoricum D12
2668,Magnesium Phosphoricum D6
2669,"Kalium Chloratum D6, Zincum Chloratum D12, Arsenum Iodatum D12, Calcarea Phosphorica D6, Natrium Chloratum D6, Ferrum Phosphoricum D12, Natrium Sulfuricum D6"
2670,"Zincum Chloratum D12, Calcium Sulfuricum D6, Cuprum Arsenicosum D12, Natrium Tetrachloroauratum D12, Calcarea Phosphorica D6, Magnesium Phosphoricum D6"
2671,"Cuprum Arsenicosum D12, Natrium Tetrachloroauratum D12, Kalium Arsenicosum D12, Calcarea Phosphorica D6, Magnesium Phosphoricum D6, Kalium Bromatum D12"
2672,"Kalium Chloratum D6, Natrium Phosphoricum D6, Natrium Chloratum D6, Ferrum Phosphoricum D12"
2673,"Kalium Chloratum D6, Natrium Phosphoricum D6, Calcium Sulfuricum D6, Acidum Silicicum D12, Calcarea Phosphorica D6, Natrium Chloratum D6, Ferrum Phosphoricum D12"
2674,"Kalium Chloratum D6, Natrium Phosphoricum D6, Zincum Chloratum D12, Natrium Chloratum D6, Selenium D12, Ferrum Phosphoricum D12"
2675,"Kalium Chloratum D6, Zincum Chloratum D12, Kalium Arsenicosum D12, Calcium Carbonicum D12, Calcarea Phosphorica D6, Kalium Phosphoricum D6"
2676,"Calcium Sulfuricum D6, Manganum Sulfuricum D12, Aluminium-Kalium-Sulfuricum D12, Kalium Phosphoricum D6, Natrium Chloratum D6, Ferrum Phosphoricum D12"
2677,"Kalium Chloratum D6, Manganum Sulfuricum D12, Kalium Phosphoricum D6, Magnesium Phosphoricum D6, Natrium Chloratum D6, Ferrum Phosphoricum D12"
2678,"Cuprum Arsenicosum D12, Calcarea Phosphorica D6, Magnesium Phosphoricum D6, Natrium Chloratum D6, Ferrum Phosphoricum D12, Natrium Sulfuricum D6"
2679,Lithium Muriaticum D6
2680,Ferrum Phosphoricum Dil. D12
2681,"Riboflavin Sodium Phosphate, Cocarboxylase, Sodium Citrate, Citric Acid Anhydrous, Potassium Citrate, Pyridoxine Hydrochloride"
2682,"Riboflavin Sodium Phosphate, Cocarboxylase, Sodium Citrate, Potassium Citrate, Pyridoxine Hydrochloride, Citric Acid"
2683,"Riboflavin Sodium Phosphate, Cocarboxylase, Sodium Citrate, Vitamin B6, Potassium Citrate"
2684,Cethexonium Bromide
2685,Procainamide Hydrochloride
2686,Calcium Ascorbate
2687,"Calcium, Calcium Ascorbate"
2688,"Cyclamen Purpurascens Trit. D 3, Gelsemium Sempervirens Trit. D 4, Melilotus Officinalis Trit. D 2, Primula Veris Trit. D 3, Sanguinaria Canadensis Trit. D 6, Strychnos Nux-Vomica Trit D4, Thea Chinensis (Hab 34) Trit. D 3"
2689,"Gelsemium Sempervirens Dil. D4, Cyclamen Purpurascens Dil. D 6, Iris Vesicolor Dil. D 2, Pulsatilla Pratensis Dil. D 10, Spigelia Anthelmia Dil. D4"
2690,"Gelsemium Sempervirens Dil. D4, Strychnos Nux-Vomica Dil. D4, Platinum Metallicum Dil. D 10, Sepia Officinalis Dil. D 10, Spigelia Anthelmia Dil. D 3"
2691,Ferrum-Quarz Trit. D2
2692,"Dimenhydrinate, Caffeine, Pyridoxine Hydrochloride"
2693,Cladribine
2694,Cefadroxil
2695,"Dry Extract From Restharrow Root (6-9:1), Extraction Solvent: Ethanol 20% (M/M), Dry Extract From Garden Bean Pod (8-14:1), Extraction Solvent: Water, Birch Leaf Dry Extract (4-8:1)"
2696,Cefazolin Sodium
2697,Fenofibrate Micronised
2698,Enterococcus Faecium Sf68
2699,Saccharomyces Boulardii
2700,Saccharomyces Boulardii cncm I-745 Lyophilized
2701,"Chlorphenamine Maleate, Dextromethorphan Hydrobromide, Pseudoephedrine Hydrochloride, Paracetamol"
2702,Etilefrine Hydrochloride
2703,"Extract From Fresh Garlic Bulbs (2-3:1), Extraction Solvent: Refined Rapeseed Oil, Dry Extract Of Mistletoe Herb (4-6:1), Extraction Solvent: Water, Dry Extract Of Hawthorn Leaf And Flower (3.5-5:1), Extraction Solvent: Ethanol 90% (V/V)"
2704,"Bacillus Clausii, Spores Of Poly-Antibiotic Resistant"
2705,"Zinc Oxide, Bismuth Subgallate, Tannic Acid"
2706,"Iceland Moss Extract (2-4:1), Aqueous"
2707,Cimicifuga Dil D1
2708,Magnesium
2709,Zinc Sulphate Monohydrate
2710,"Magnesium Carbonate, Light, Magnesium Oxide, Light"
2711,"Magnesium Chloride D1, Magnesium Bromide D4, Magnesium Phosphoricum D1, Ambra Grisea D8, Kalium Phosphoricum D5, Plumbum Metallicum D8"
2712,"Magnesium Chloride D1, Magnesium Bromide D4, Magnesium Phosphoricum D1, Ambra Grisea D8, Plumbum Metallicum D8, Kalium Phosphoricum Dil. 05"
2713,"Magnesium Phosphate, Dibasic Trihydrate, Magnesium Citrate Dibasic Trihydrate"
2714,"Calcium, Magnesium, Phosphorus"
2715,Crotamiton
2716,"Potassium Chloride, Sodium Chloride, Glucose Monohydrate"
2717,"Fluid Extract From Ivy Leaves (1:1), Extracting Agent: Ethanol 70% (V/V), Liquid Extract From Thyme Herb (Der 1:2-2,5), Extraction Solvents: Ammonia Solution 10 % (M/M), Glycerol 85%, Ethanol 90%, Water (1:20:70:109)"
2718,Ubidecarenone
2719,Cefuroxime Axetil
2720,"Tetryzoline Hydrochloride, Betamethasone"
2721,Selenium Sulfide
2722,Prasterone
2723,"Streptodornase, Streptokinase"
2724,"Liquid Extract From Fresh Aloe Arborescens Leaf (Der 1:4), Extraction Solvent: Water"
2725,"Biotin, Zinc Gluconate"
2726,Ceftriaxone Sodium
2727,"Thrombin, Bovine"
2728,Ceftazidime Pentahydrate
2729,"Riboflavin Sodium Phosphate, Thiamine Hydrochloride, Ascorbic Acid, Cyanocobalamin, Nicotinamide, Pyridoxine Hydrochloride, Extract (0,195:1) Of Hawthorn Berries, Hawthorn Leaf And Flower And Motherwort (8:2:5), Extraction Solvent: Ethanol 70% (V / V), Fe"
2730,Dried Pressed Juice From Flowering Purple Coneflower Herb
2731,Dried Pressed Juice Of Fresh Flowering Purple Coneflower Herb (Der: 38-56:1)
2732,"Magnesium, Sodium Ion, Chloride Ion, Hydrogen Phosphate, Hydrogen Carbonate, Potassium Ion"
2733,"Amlodipine, Bisoprolol Fumarate Ph. Eur."
2734,Betula Pollen
2735,Betula Verrucosa Pollen
2736,"Arctium Lappa E Radice W 5% (Hab, Vs. 12g Mit Raffiniertem Erdnussöl), Arnica Montana E Floribus W 5% (Hab, Vs. 12g Mit Raffiniertem Erdnussöl), Betula Pendula/Pubescens E Foliis W 5% (Hab, Vs. 12g Mit Raffiniertem Erdnussöl), Urtica Dioica Ex Herba W 5%"
2737,"Carbo Betulae, Chamomilla Recutita, Radix, Ethanol. Decoctum Ø, Antimonit Trit. D2"
2738,Bisoprolol Hemifumarate
2739,Pentoxyverine Citrate
2740,"Benzalkonium Chloride, Chlorhexidine Gluconate, Benzyl Alcohol"
2741,Bismuth Subnitrate
2742,Bismuth Oxide
2743,"Bismuth Subnitrate Bpc, Iodoform Bpc"
2744,"Bismutum Subnitricum Trit D2, Capsicum Annuum Trit D5, Robinia Pseudoacacia Trit D5, Acidum Arsenicosum Trit D5, Iris Trit. D3"
2745,"Bisoprolol Fumarate Ph. Eur., Acetylsalicylic Acid Ph. Eur."
2746,"Bisoprolol Fumarate, Hydrochlorothiazide"
2747,"Magnesium Carbonate, Light, Sodium Hydrogen Carbonate, Calcium Carbonate"
2748,"Dry Extract Of Ribwort Plantain (Der 3-6:1), Extraction Solvent: Water"
2749,Tramazoline Hydrochloride
2750,"Dry Extract Of Marshmallow Root (Der 7-9:1), Extraction Solvent Water, Dry Extract Of Thyme (7-13:1), Extraction Solvent: Water"
2751,"Dextromethorphan Hydrobromide, Diphenhydramine Hydrochloride"
2752,"Hydrochlorothiazide, Bisoprolol"
2753,Bisoprolol Fumarate Ph. Eur.
2754,Bisoprolol
2755,"Hydrochlorothiazide, Bisoprolol Hemifumarate"
2756,"Benzocaine, Cetylpyridinium Chloride"
2757,Bisphenol A-Glycidyl Methacrylate
2758,Sultamicillin
2759,Sultamicillin Tosylate Dihydrate
2760,Mepyramine Maleate Ph. Eur.
2761,Hydrocortisone Acetate Bp
2762,Ichthammol
2763,"Aqueous Extract Of Gentian Root (0.2165 G), Ginger (0.133 G), Acorus Calamus Root (0.02 G), Pepper (0.004 G) And Wormwood (0,1665 G)"
2764,"Menthae Piperitae Folium, Turmeric, Javanese, Taraxacum Officinale, Millefolii Herba"
2765,"Gentian Root Tincture (1:3.0-4.0), Extraction Solvent: Ethanol 70 % V/V"
2766,"Finasteride, Tadalafil"
2767,Bivalirudin
2768,Ivabradine
2769,Nebivolol
2770,Ciprofloxacin Hydrochloride Monohydrate
2771,Ceftriaxone Disodium
2772,"Naphazoline Hydrochloride, Hydrocortisone, Ephedrine Hydrochloride"
2773,Bismuth Subgallate
2774,Cimicifuga Racemosa Extract
2775,"Dry Extract From Black Cohosh, Equivalent To 97 Mg - 155 Mg Of Black Cohosh, Extraction Solvent: Ethanol 75% (V/V)"
2776,"Dry Extract From Black Cohosh Rhizome And Root, Equivalent To 25 Mg - 40 Mg Of Black Cohosh Rhizome And Root, Extraction Solvent: Ethanol 75% (V/V)"
2777,"Sodium Citrate Bp, Sodium Chloride Bp, Anhydrous Citric Acid Bp, Potassium Chloride Bp, Dextrose Monohydrate Bp"
2778,Amylmetacresol Bp
2779,"Caraway Fruit, Fennel, Bitter, Menthae Piperitae Folium, Pimpinella Anisum"
2780,Pirfenidone
2781,"Sodium Hydrogen Carbonate, Sodium Carbonate, Citric Acid Anhydrous, Potassium Citrate Monohydrate"
2782,"Betulae Folium, Solidago Virgaurea, Orthosiphon Folium"
2783,"Betulae Folium, Restharrow Root, Equisetum, Solidago Gigantea Flowering Top"
2784,"Betulae Folium, Equisetum"
2785,"Betulae Folium, Couch Grass Rhizome, Arctostaphylos Uva-Ursi Leaf"
2786,"Betulae Folium, Equisetum, Common Bean Pod, Seed-Free, Arctostaphylos Uva-Ursi Leaf"
2787,"Betulae Folium, Equisetum, Phaseoli Pericarpium, Arctostaphylos Uva-Ursi Leaf"
2788,"Arctostaphylos Uva-Ursi (L.) Spreng Folium, Betulae Folium, Equisetum, Common Bean Pod, Seed-Free"
2789,"Betulae Folium, Solidaginis Herba, Restharrow Root, Equisetum"
2790,"Soft Extract From Birch Leaf (4-8:1), Extraction Solvent: Water, Soft Extract From Goldenrod (4-7:1), Extraction Solvent: Water"
2791,"Dry Extract Of Birch Leaf (4-8:1), Extraction Solvent: Water, Dry Extract From Goldenrod (4-7:1), Extraction Solvent: Water"
2792,"Betulae Folium, Solidaginis Herba, Orthosiphon Folium"
2793,"Betulae Folium, Solidago Virgaurea, Orthosiphon Folium, Arctostaphylos Uva-Ursi Leaf"
2794,"Betulae Folium, Solidaginis Herba, Orthosiphon Folium, Arctostaphylos Uva-Ursi Leaf"
2795,"Miconazole Nitrate, Neomycin Sulfate, Polymyxin B Sulfate, Metronidazole, Centella Asiatica Extract"
2796,Centella Asiatica Extract
2797,Cinitapride
2798,"Potassium Hydrogen Carbonate, Citric Acid, Sodium Citrate Anhydrous"
2799,Belantamab Mafodotin
2800,Bleomycin
2801,Bleomycin Sulfate
2802,Bleomycin Sulfate Ph. Eur.
2803,Tolterodine Tartrate
2804,Sodium Patent Blue V
2805,Blinatumomab
2806,"Phenol, Liquefied, Strong Ammonia Solution, Aromatic Ammonia Solution"
2807,Rituximab
2808,"Losartan Potassium, Amlodipine Besilate"
2809,Racecadotril
2810,"Ibuprofen D,l-Lysinate"
2811,Esters Of Unsaturated Fatty Acids
2812,"Sulfur Dil. D 8, Aesculus Hippocastanum Dil. D4, Vipera Berus E Veneno Sicc. Dil. D 10, Melilotus Officinalis Dil.D4, Lycopodium Clavatum Dil. D4, Hamamelis Virginiana Dil. D4, Secale Cornutum Dil. D4"
2813,Rhizoma Tormentillae
2814,Triamcinolone Hexacetonide
2815,"Formica Rufa D12, Sulfur Dil. D12, Acidum Arsenicosum Dil. D12"
2816,"Plantago Major Ø, Echinacea Angustifolia Mother Tincture"
2817,"Calcium, Iron, Magnesium, Potassium, Sodium, Water, Chloride Ion, Iodide, Bromide"
2818,"Clostridium Botulinum Neurotoxin Type A (150kd), Free Of Complexing Proteins"
2819,"Passiflora Incarnata Dil. D 3, Zincum Isovalerianicum Dil. D 6, Avena Sativa Dil. D3, Humulus Lupulus Dil. D3"
2820,"Common Bean Pod, Seed-Free"
2821,"Ascorbic Acid, Potassium Hydrogen Carbonate"
2822,"Ascorbic Acid, Aspartic Acid, Potassium Hydrogen Carbonate"
2823,"Aloes Dry Extract, Standardised, Boldine"
2824,"Boldine, Extract Of Rosemary, Senna Leaf Dry Extract"
2825,Sennae Folii Extractum Siccum Normatum
2826,"Sennae Folii Extractum Siccum Normatum, Boldine, Extract Of Rosemary"
2827,"Aloes Dry Extract, Standardised, Boldine, Extract Of Fumitory (4-6:1), Extraction Solvent: Water"
2828,Ulipristal Acetate
2829,Crospovidone
2830,Peumus Boldus Leaf
2831,Tibolone
2832,"Kaolin, Heavy, Albumin Tannate, Bismuth Subgallate"
2833,"Acidum Arsenicosum Dil. D4 Aquos. (Hab, Vs. 5b), Artemisia Abrotanum Ex Herba Ferm 33c Ø (Hab, Vs. 33c), Carbo Vegetabilis Trit. D1, Chamomilla Recutita E Planta Tota Ferm 33c Ø (Hab, Vs. 33c), Gentiana Lutea E Radice Ferm 33c Ø (Hab, Vs. 33c), Geum Urban"
2834,"Kaolin, Heavy, Atropa Belladonna Mother Tincture, Eucalyptus Globulus Mother Tincture, Apis Mellifica Mother Tincture"
2835,"Kaolin, Heavy, Rhubarb Dry Extract, Senna Leaf Powder, Precipitated Sulphur"
2836,"Cimicifuga Racemosa Mother Tincture, Platinum Metallicum Dil. D8, Lilium Lancifolium Dil. D2, Vitex Agnus-Castus Mother Tincture"
2837,Tacalcitol Monohydrate
2838,Teriparatide
2839,Escherichia Coli Dsm 17252
2840,Medronate Tetrasodium
2841,"Choline Salicylate, Cetalkonium Chloride"
2842,"Cetylpyridinium Chloride, Lidocaine Hydrochloride"
2843,"Doxylamine Hydrogen Succinate, Pyridoxine Hydrochloride"
2844,"Passiflora Dry Extract (5-7:1), Valerian Root Dry Extract (3-6:1), Ethanol 70 %(V/V)"
2845,"Lactobacillus Rhamnosus (Inactivated), Lactobacillus Vaginalis (Inactivated), Lactobacillus Fermentum (Inactivated), Lactobacillus Salivarius (Inactivated)"
2846,"Escherichia Coli (Inactivated), Morganella Morganii (Inactivated), Proteus Mirabilis (Inactivated), Klebsiella Pneumoniae (Inactivated), Enterococcus Faecalis (Inactivated)"
2847,"Pertussis Toxoid Adsorbed On Aluminium Hydroxide, Hydrated, Tetanus Toxoid Adsorbed On Aluminium Hydroxide, Hydrated, Diphtheria Toxoid Adsorbed On Aluminium Hydroxide, Hydrated, Algeldrate"
2848,"Aluminium Phosphate, Diphtheria Toxoid Adsorbed On Aluminium Hydroxide, Hydrated And Aluminium Phosphate, Tetanus Toxoid Adsorbed On Aluminium Hydroxide, Hydrated And Aluminium Phosphate, Pertussis Toxoid Adsorbed On Aluminium Hydroxide, Hydrated And Alum"
2849,"Aluminium Phosphate, Diphtheria Toxoid, Tetanus Toxoid, Pertussis Toxoid, Pertussis Filamentous Haemagglutinin, Pertussis Pertactin, Algeldrate"
2850,"Aluminium Phosphate, Diphtheria Toxoid, Tetanus Toxoid, Pertussis Toxoid, Pertussis Filamentous Haemagglutinin, Pertussis Pertactin, Poliovirus (Inactivated) Type 1 (Mahoney Strain) Produced On Vero Cells, Poliovirus (Inactivated) Type 2 (Mef-1 Strain) Pr"
2851,"Aluminium Phosphate, Diphtheria Toxoid, Tetanus Toxoid, Pertussis Toxoid, Pertussis Filamentous Haemagglutinin, Pertussis Pertactin, Poliovirus (Inactivated) Type 3 (Saukett Strain), Poliovirus (Inactivated) Type 2 (Mef-1 Strain), Poliovirus (Inactivated)"
2852,"Dry Extract From Purple Coneflower Root (6-7:1), Extraction Solvent: Ethanol 30% (V/V)"
2853,Mebendazole
2854,"Dry Extract From Arctium Lappa Root, Equivalent To 90 Mg – 180 Mg Of Arctium Lappa Root, Extraction Solvent: Water, Dry Extract From Iris Versicolor Rhizome, Equivalent To 60 Mg – 105 Mg Of Iris Versicolor Rhizome, Extraction Solvent: Water"
2855,"2,4 Dichlorobenzyl Alcohol, Cetrimide Ph. Eur., Allantoin Bp"
2856,Diphenhydramine Hydrochloride Bp
2857,"Levomenthol, Eucalyptus Oil, Pumilio Pine Oil"
2858,Guaifenesin Ph. Eur.
2859,Glycerol Ph Eur
2860,Sodium Citrate Bp
2861,Hydrocortisone Micronized
2862,"Dry Extract From Milk Thistle Fruit (Equivalent To 1.721 G – 5.000 G Of Milk Thistle Fruits) Corresponding To 50 Mg Of Silymarin, Calculated As Silibinin. Extraction Solvent, Acetone 95% V/V"
2863,"Paracetamol, Potassium Hydrogen Carbonate, Sodium Hydrogen Carbonate, Citric Acid Anhydrous, Sodium Carbonate Anhydrous"
2864,"Levomenthol, Eucalyptus Oil, Methyl Salicylate, Turpentine Oil"
2865,"Dry Extract From Milk Thistle Fruit, (Equivalent To 3.725 G – 10.818 G Of Milk Thistle Fruits) Corresponding To 108 Mg Of Silymarin, Calculated As Silibinin. Extraction Solvent: Acetone 95% V/V"
2866,"Dry Extract From Black Cohosh (4,5-8,5:1), Extraction Solvent: Ethanol 60% V/V"
2867,"Hypericum Perforatum Dry Extract (3,5 - 6,0:1), Extract Ethanol 60% (M/M)"
2868,"Benzalkonium Chloride Solution, Benzoin Tincture"
2869,Nicotine
2870,Nicotine Bitartrate Dihydrate
2871,Nicotine Betadex
2872,"Dextromethorphan Hydrobromide, Promethazine Hydrochloride, Paracetamol"
2873,"Vitex Agnus-Castus Fruit Dry Extract (7 - 13 : 1), Extraction Solvent Ethanol 60%"
2874,Hydroxyanthracene Glycosides
2875,Valerian Root Extract
2876,Aluminium Sulphate
2877,Bosentan Monohydrate
2878,"Aesculus Hippocastanum E Semine Ferm 34c Dil. D9 (Hab, Vs. 34c), Borago Officinalis E Foliis Ferm 34b Dil. D2 (Hab, Vs. 34b), Cnicus Benedictus Ex Herba Ferm 33d Dil. D2 (Hab, Vs. 33d), Hamamelis Virginiana E Foliis Ferm 33d Dil. D2 (Hab, Vs. 33d), Nicoti"
2879,"Borago Officinalis Ex Herba La 20% (Hab, Vs. 12c)"
2880,"Boric Acid, Borax"
2881,"Hydrargyrum Bichloratum Dil D8, Natrium Tetraboracicum Dil. D3, Ratanhia Ø, Calendula Dil. D1, Pulsatilla Dil. D3"
2882,Megestrol Acetate
2883,"Ash Leaf, Rosemary, Fucus (Thallus Titration Between 0.03 % And 0.055 % In Iodine)"
2884,Xibornol
2885,Hyoscine Hydrobromide
2886,"Retinol Palmitate, Ergocalciferol Ph. Eur., Nicotinamide Bp, Riboflavin Bp, Ascorbic Acid Bp, Thiamine Hydrochloride Bp, Pyridoxine Hydrochloride Bp"
2887,Bosutinib
2888,Bosutinib Dihydrate
2889,Ketoconazole
2890,Botulinum Toxin Type A
2891,Linagliptin
2892,Dried Yeast From Saccharomyces Cerevisiae Hansen Cbs 5926
2893,"Buprenorphine, Naloxone"
2894,"Dexamethasone, Tobramycin"
2895,Encorafenib
2896,Exametazime
2897,"Chlordiazepoxide, Clidinium Bromide"
2898,Tobramycin
2899,"Arnica Montana E Floribus La 20% (Hab, Vs. 12c), Cantharis Ex Animale Toto Gl Dil. D6 (Hab, Vs. 41c), Symphytum Officinale Ex Herba La 20% (Hab, Vs. 12c), Thuja Occidentalis E Summitatibus La 20% (Hab, Vs. 12c), Urtica Urens Ex Herba La 20% (Hab, Vs. 12c)"
2900,Lapatinib
2901,Violae Tricoloris Herba
2902,"Isopropyl Alcohol, Povidone, Iodinated"
2903,"Povidone, Iodinated, 2-Propanol (Ph. Eur.)"
2904,Ivabradine Oxalate
2905,Citicoline Sodium
2906,Urticae Folium
2907,"Nettle Leaf Powder, Dry Extract Of Nettle Leaf (4-7:1), Extraction Solvent: Water"
2908,Urtica Dioica Pollen Extract
2909,Nettle Leaf
2910,Urtica
2911,"Nettle Leaf Powder, Dry Extract Of Nettle Root (5.5-8.5:1), Extraction Solvent: Ethanol 20% V/V"
2912,"Miconazole Nitrate, Hydrocortisone"
2913,Miconazole
2914,Aclidinium Bromide
2915,"Ipratropium Bromide, Salbutamol"
2916,Chorionic Gonadotrophin
2917,Esmolol Hydrochloride
2918,Methohexital Sodium
2919,"Ethinylestradiol, Norethisterone"
2920,Piroxicam Betadex
2921,Piroxicam
2922,Lisocabtagene Maraleucel
2923,Brivudine
2924,"Brinzolamide, Brimonidine Tartrate"
2925,Brilliant Green
2926,"Formoterol Fumarate Dihydrate, Aclidinium Bromide"
2927,"Formoterol Fumarate, Aclidinium Bromide"
2928,"Timolol, Brimonidine Tartrate"
2929,Clopamide
2930,Vernakalant Hydrochloride
2931,Cerliponase Alfa
2932,Brensocatib
2933,"Vortioxetine (D,l)-Lactate"
2934,"Timolol Maleate, Brinzolamide"
2935,Ublituximab
2936,Bromocriptine Mesilate
2937,Bromfenac
2938,Dibrompropamidine Isetionate
2939,Dapagliflozin
2940,Bramble Blackberry Leaf
2941,Bromelains
2942,Pancuronium Bromide
2943,Rocuronium Bromide
2944,Vecuronium Bromide
2945,Scopolamine Hydrobromide
2946,Mebrofenin
2947,Bromocriptine
2948,"Psychotria Ipecacuanha D4, Lobelia Inflata D4, Atropa Bella-Donna D4, Bryonia D4, Kalium Stibyltartaricum D4, Kreosotum D5, Lobaria Pulmonaria D4, Hyoscyamus Niger D4"
2949,"Hyoscyamus Niger Trit. D 4, Lobelia Inflata Trit. D4, Atropa Bella-Donna Trit. D4, Psychotria Ipecacuanha D4, Bryonia D4, Kalium Stibyltartaricum Trit. D4, Kreosotum D5, Lobaria Pulmonaria D4"
2950,"Dextromethorphan Hydrobromide, Guaifenesin"
2951,"Bronchi Bovis Gl Dil. D16 (Hab, Vs. 41b), Bryonia Cretica Ferm 33b Dil. D7, Eupatorium Cannabinum Ex Herba Ferm 33c Dil. D7 (Hab, Vs. 33c), Larynx Bovis Gl Dil. D16 (Hab, Vs. 41b), Tunica Mucosa Nasi Bovis Gl Dil. D13 (Hab, Vs. 41a), Plantago Lanceolata E"
2952,"Levomenthol, Camphor, Racemic, Thymol"
2953,"Menthol, Anise Oil, Capsicum Tincture"
2954,"Liquid Extract From Ribwort Plantain (Der 1:1), Extraction Solvent: Ethanol 25% (V/V)"
2955,"Atropa Bella-Donna D4, Bryonia D3, Cuprum Aceticum D12, Lobaria Pulmonaria D4, Drosera D4"
2956,"Distillate (1:1.92-2.11) Of Aniseed, Eucalyptus Leaves, Thyme, Bitter Fennel (3.28:1.27:1.18:1.0), Distillation Liquid: Water"
2957,"Liquid Extract Of Mixture Of Pine Sprout, Sage Leaf, Peppermint Leaf, Thyme, Fennel And Aniseed (2.4:2.4:2:1.6:1:1), Extraction Solvent: Water"
2958,"Fennel, Bitter, Tiliae Flos, Verbasci Flos, Iceland Moss, Lamium Album, Thyme, Polygoni Avicularis Herba, Primula Veris Flower"
2959,"Dry Extract Primrose Root ( 5-7:1): Ethanol 60% M/M, Thyme Oil, Dry Extract Of Marshmallow Root (Der 7-9:1), Extraction Solvent Water, Dry Extract From Liquorice Root (3-4:1), Extraction Solvent: Water"
2960,"Dry Extract Of Thyme (2,5 – 5 : 1), Extracting Solvents: Ammonia Solution 10% (M/M), Glycerol 85% (M/M), Ethanol 90% (V/V) And Water (1:20:70:109)"
2961,"Liquid Extract From Thyme Herb (Der 1:2-2,5), Extraction Solvents: Ammonia Solution 10 % (M/M), Glycerol 85%, Ethanol 90%, Water (1:20:70:109), Primrose Root Tincture (1:5), Extracting Solvent: Ethanol 50 % (V/V)"
2962,"Primrose Root Fluid Extract (1:2-2,5), Extracting Solvent: Ethanol 70% (M/M), Liquid Extract From Thyme Herb (Der 1:2-2,5), Extraction Solvents: Ammonia Solution 10 % (M/M), Glycerol 85%, Ethanol 90%, Water (1:20:70:109)"
2963,"Soft Extract Of Thyme Herb (3 – 5 : 1), Extracting Agent: Methanol 25 % (V/V), Soft Extract Of Primrose Root (4 - 6 : 1), Extracting Agent: Water"
2964,"Thymi Herba Extractum Siccum (6 – 10 : 1), Extraction Solvent: Ethanol 70 % (V/V)"
2965,"Liquid Extract From Thyme (Der 1:2-2,5), Extraction Solvents: Ammonia Solution 10 % (M/M), Glycerol 85%, Ethanol 90%, Water (1:20:70:109)"
2966,"Hyoscyamus Niger Dil. D4, Bryonia Dil. D4, Drosera Dil. D4, Grindelia Robusta Dil. D4"
2967,"Psychotria Ipecacuanha D4, Kalium Chloratum D4, Kreosotum D4, Kalium Iodatum Trit. D4, Drosera D4"
2968,"Dry Extract From Primula Root (6-7 : 1), Extracting Agent: Ethanol 47.4% (V/V), Dry Extract From Thyme Herb (6-10 : 1), Extracting Agent: Ethanol 70% (V/V)"
2969,"Dry Extract From Thyme Herb (6-10 : 1), Extracting Agent: Ethanol 70% (V/V)"
2970,"Tilia Cordata Flower, Plantaginis Lanceolatae L. Folium, Althaea Officinalis L. Radix"
2971,"Ethanol, Psychotria Ipecacuanha Dil. D4, Bryonia Dil. D4, Drosera Dil. D3, Euspongia Officinalis Dil. D6, Kalium Stibyltartaricum Dil. D4"
2972,"Cuprum Metallicum Dil. D10, Drosera Dil. D1, Eriodictyon Californicum Dil. D2, Antimonium Arsenicosum Dil. D8, Stibium Sulfuratum Aurantiacum Dil. D10, Eupatorium Perfoliatum Dil. D2, Psychotria Ipecacuanha Dil. D2, Lobelia Inflata Dil. D2, Silicea Dil. D"
2973,Lyophilized Bacterial Lysates Of: Haemophilus Influenzae Streptococcus (Diplococcus) Pneumoniae Klebsiella Pneumoniae And Ozaenae Staphylococcus Aureus Streptococcus Pyogenes And Viridans Moraxella (Branhamella / Neisseria) Catarrhalis
2974,Lyophilized Bacterial Lysates
2975,"Lyophilized Bacterial Lysates, Lyophilized Bacterial Lysates Of: Haemophilus Influenzae Streptococcus (Diplococcus) Pneumoniae Klebsiella Pneumoniae And Ozaenae Staphylococcus Aureus Streptococcus Pyogenes And Viridans Moraxella (Branhamella / Neisseria)"
2976,"Cetraria Islandica Dil. D 3, Psychotria Ipecacuanha D3, Atropa Bella-Donna Dil D5, Drosera Dil. D3, Bryonia Dil. D3"
2977,"Creosote, Guaiacol, Reconstituted Essential Oil Of Pine, Cineole"
2978,"Amylocaine Hydrochloride, Liquid Guaiacol, Reconstituted Essential Oil Of Pine, Cineole"
2979,"Dry Extract Of Thyme (7-13:1), Extraction Solvent: Water, Liquid Extract From Marshmallow Root (Der 1:12-14), Extraction Solvent: Water"
2980,"Dry Extract Of Marshmallow Root (Der 7-9:1), Extraction Solvent Water, Dry Extract Of Lime Flower (3-8:1), Extraction Solvent: Water, Dry Extract Of Ribwort Plantain (4-6:1), Extraction Solvent: Water"
2981,"Arisaema Triphyllum Dil. D2, Atropa Bella-Donna Dil. D1, Hyoscsyamus Niger Dil. D1, Drosera Mother Tincture"
2982,"Ivy Leaf Dry Extract (Ethanol 40% V/V), Der Native 6-7:1"
2983,"Tincture From Fresh Hedera Helix Herb (1:5.7-6.0). Extraction Solvent: Ethanol 51% (V/V), Tincture From Fresh Thymus Vulgaris Aerial Parts (1:8.0-8.2), Extraction Solvent: Ethanol 51% (V/V), Tincture From Glycyrrhiza Glabra Root (1:10-11), Extraction Solv"
2984,"Piceae Aetheroleum, Peppermint Oil, Eucalyptus Oil"
2985,"Guaifenesin, Paracetamol, Phenylephrine"
2986,"Kalium Iodatum Dil. D 3, Aralia Racemosa D3, Ammi Visnaga D3, Cephaelis Ipecacuanha D5, Lobelia Inflata Dil. D4, Drosera Dil. D3, Laurocerasus Dil. D3, Bryonia Dil. D3, Grindelia Robusta Dil. D4, Polygala Senega Dil. D3"
2987,"Ephedrine Hydrochloride, Glaucine Hydrobromide"
2988,Bacterial Lysate
2989,"Eriodictyon Californicum Dil. D2, Antimonium Arsenicosum Dil. D8, Psychotria Ipecacuanha Dil. D4, Lobelia Inflata Dil. D4, Grindelia Robusta Dil. D2"
2990,"Soft Extract From Fresh Picea Abies Shoots (0.9-1.2:1), Extraction Solvent: Water"
2991,Plantago Lanceolata Fluid Extract
2992,"Thymol, Soft Extract (3:1) From Thyme And Primula Root (7.6:1), Extraction Solvent: Water"
2993,"Dry Extract Of Primula Root (3.5-4.5 : 1), Extraction Agent: Water, Dry Extract From Thyme Herb (Der 6-10:1), Extraction Solvent: Ethanol 70% (V/V)"
2994,Reproterol Hydrochloride
2995,"Althaeae Radix, Extractum, Thyme Dry Extract"
2996,"Dry Extract From Sisymbrium Officinale Herb (6-8:1), Extraction Solvent: Water"
2997,"Dry Extract Of Thyme (7-13:1), Extraction Solvent: Water"
2998,"Dry Extract Of Thyme (7-13:1), Extraction Solvent: Water, Dry Extract From Marshmallow Root, Corresponding To 31.5-40.5 Mg Of Marshmallow Dried Root, Extraction Agent: Water"
2999,"Liquid Extract From Marshmallow Root (1:20), Extraction Solvent: Water, Liquid Extract From Thyme Herb (1:2-2,5), Extraction Solvents: Ethanol 90% (V/V), Ammonia Solution 10%, Glycerol 85%, Water (35:0,5:10:54,5)"
3000,"Liquid Extract Of Sage Leaf (Der 1:4-6), Extraction Solvent: Ethanol 70%, Liquid Extract Of Thyme Herb (Der 1:4-6), Extraction Solvent: Ethanol 70%"
3001,"Liquid Extract From Marshmallow Root (1:20), Extraction Solvent: Water, Liquid Extract From Thyme (Der 1:2-2,5), Extraction Solvents: Ammonia Solution 10 % (M/M), Glycerol 85%, Ethanol 90%, Water (1:20:70:109)"
3002,"Dry Extract From Thyme (7-10:1), Extraction Solvent: Water"
3003,"Dry Extract Of Thyme (7-13:1), Extraction Solvent: Water, Liquid Extract From Marshmallow Root (1:13), Extraction Solvent: Water"
3004,"Freeze-Dried (Lyophilised), Standardised Bacterial Lysate"
3005,Lysatum Bacteriale Mixtum
3006,"Dry Extract Of Hederae Folium (Der 4-8:1), Extracting Agent: Ethanol 30 % (M/M)"
3007,"Bronchus Suis D10, Bronchus Suis D200, Bronchus Suis D30"
3008,Carbocisteine Lysine
3009,"Dextromethorphan Hydrobromide, Potassium Sulfoguayacolate"
3010,Formoterol Fumarate
3011,"Sulfamethoxazole, Trimethoprim, Potassium Guaiacolsulfonate"
3012,Bronopol
3013,"Bromhexine Hydrochloride, Sulfamethoxazole, Trimethoprim, Tolu Balsam Extract"
3014,"Betamethasone, Diprophylline, Guaifenesin"
3015,"Dry Extract From Thyme, Containing 0.77-0.02 Mg Of Thyme Oil, Corresponding To 55-102 Mg Of Dried Thyme Herb, Extraction Solvent: Water, Liquid Extract From Marshmallow Root, Corresponding To 4.0-4.6 Mg Of Marshmallow Dried Root, Extraction Agent: Water"
3016,"Dry Extract From Thyme, Containing 0.77-1.02 Mg Of Thyme Oil, Corresponding To 416-774 Mg Of Dried Thyme Herb, Extraction Solvent: Water, Dry Extract From Marshmallow Root, Corresponding To 31.5-40.5 Mg Of Marshmallow Dried Root, Extraction Agent: Water"
3017,"Guajacum Dil D 3, Grindelia Robusta Spag. Peka Dil. D8, Usnea Barbata Dil. D12, Bryonia Spag. Peka Dil. D3, Dactylopius Coccus Spag. Peka Dil. D2, Oenanthe Aquatica Dil. D4, Phosphorus Dil. D6, Kalium Stibyltartaricum Dil. D4"
3018,Brotizolam
3019,Pheneticillin
3020,Prednisone
3021,"Methyluracil, Lidocaine Hydrochloride"
3022,Zanubrutinib
3023,"Phenazone, Peru Balsam, Sodium Salicylate, Phenol, Zinc Oxide"
3024,"Sulfacetamide Sodium, Betamethasone"
3025,Ketotifen
3026,Mometasone Furoate Anhydrous
3027,"Dry Extract (4 – 6 : 1) Of Thyme And Primula Root (25,0 : 4,2), Extraction Solvent: Water"
3028,"Phosphorus D5, Aconitum Napellus D4, Bryonia D4"
3029,"Spongia Dil. D3, Atropa Belladonna Dil. D3, Apis Mellifica Dil. D3, Bryonia Dil. D3"
3030,"Apis Mellifica Ex Animale Toto Gl Dil. D7 (Hab, Vs. 41c), Atropa Belladonna E Radice Ferm 33b Dil. D5 (Hab, Vs. 33b), Bryonia Cretica Ferm 33b Dil. D5, Pulsatilla Vulgaris E Floribus Ferm 33c Dil. D5 (Hab, Vs. 33c)"
3031,"Atropa Belladonna E Radice Ferm 33b Dil. D3 (Hab, Vs. 33b), Pulsatilla Vulgaris E Floribus Ferm 33c Dil. D5 (Hab, Vs. 33c), Bryonia Cretica Ferm 33b Dil. D2, Apis Mellifica Ex Animale Toto Gl Dil. D4 (Hab, Vs. 41c)"
3032,"Bryonia Cretica Ferm 33b Dil. D7, Aconitum Napellus E Tubere Ferm 33c Dil. D5 (Hab, Vs. 33c)"
3033,"Stannum Metallicum Dil. D5, Bryonia Cretica Ferm 33b Dil. D2"
3034,"Stannum Metallicum Dil. D9, Bryonia Cretica Ferm 33b Dil. D2"
3035,"Bryonia Dil. D30, Bryonia Dil. D200, Bryonia Dil. D1000, Bryonia Cretica Dil. D12"
3036,"Kalanchoe Pinnata Juice, Folium"
3037,Bryophyllum Argento Cultum Dil. D2
3038,"Bryophyllum Argento Cultum Rh Dil. D2, Bryophyllum Argento Cultum Rh Dil. D3"
3039,Bryophyllum Argento Cultum Rh Dil. D3
3040,"Argentum Metallicum Dil. D5, Kalanchoe Daigremontiana/Pinnata E Foliis Ferm 33b Dil. D3 (Hab, Vs. 33b), Uterus Bovis Gl Dil. D5 (Hab, Vs. 41c)"
3041,"Bryophyllum Rh Dil. D5, Conchae Dil. D7 Aquos."
3042,"Bryophyllum, Folium Rec., Aqu. Extr. 1:1,1"
3043,Calcium Folinate
3044,"Streptococcus Agalactiae, Haemophilus Influenzae, Staphylococcus Aureus, Streptococcus Pneumoniae"
3045,Midazolam
3046,Beech
3047,"Chlorhexidine Dihydrochloride, Tyrothricin, Benzocaine"
3048,"Chlorhexidine Gluconate, Benzocaine"
3049,"Willow Bark, Thyme, Sambucus Nigra Flower"
3050,"Pantothenate Sodium, Riboflavin Sodium Phosphate, Cyanocobalamin, Nicotinamide, Pyridoxine Hydrochloride, Phospholipids From Soya Beans"
3051,Lecithin
3052,"Naloxone Hydrochloride, Buprenorphine"
3053,Bumetanide
3054,"Amiloride Hydrochloride Bp, Bumetanide Ph.Eur."
3055,"Dimeticone, Colloidal Silicon Dioxide"
3056,"Buprenorphine, Naloxone Hydrochloride Dihydrate"
3057,Melperone Hydrochloride
3058,Buprenorphine Hydrochloride
3059,"Bupivacaine Hydrochloride, Epinephrine"
3060,"Bupivacaine Hydrochloride, Epinephrine Bitartrate"
3061,Bupivacaine Hydrochloride Ph.Eur.
3062,"Bupivacaine Hydrochloride Bp, Adrenaline Acid Tartrate Bp"
3063,"Bupivacaine Hydrochloride, Fentanyl"
3064,"Bupivacaine Hydrochloride, Morphine Hydrochloride"
3065,"Bupivacaine Hydrochloride, Morphine Hydrochloride Trihydrate"
3066,"Naloxone Hydrochloride Dihydrate, Buprenorphine Hydrochloride"
3067,Bupropion
3068,"Ascorbic Acid, Ibuprofen"
3069,"Dry Extract From Arctium Lappa Root, Equivalent To 798 Mg – 1596 Mg Of Arctium Lappa Root, Extraction Solvent: Ethanol 70% (V/V)"
3070,"Budesonide, Salmeterol"
3071,"Paracetamol, Hyoscine Butylbromide"
3072,"Metamizole Sodium, Hyoscine Butylbromide"
3073,Buserelin Acetate
3074,Tea Tree Oil
3075,Busulfan
3076,Clobetasol Propionate
3077,Butylscopolamine
3078,"Liquid Extract Of Squilla Maritima Bulb (1:1), Extraction Solvent: Ethanol 65% V/V, Tincture Of Capsicum Oleoresin (1:10), Extraction Solvent: Ethanol 96% V/V"
3079,Butyl Glycidyl Ether
3080,Butylhydroxyanisole
3081,Butyl Parahydroxybenzoate
3082,Butylhydroxytoluene
3083,Liraglutide
3084,Remimazolam
3085,Artemisia Vulgaris
3086,Odevixibat
3087,Ranibizumab
3088,Varenicline
3089,"Ginkgo Dry Extract, Refined And Quantified"
3090,"Ascorbic Acid, Calcium Lactate Gluconate"
3091,Cabergoline
3092,Cabazitaxel
3093,Cabazitaxel 2-Propanol Solvate
3094,Caplacizumab
3095,Cabozantinib
3096,"Acetylsalicylic Acid, Ticagrelor"
3097,"Ascorbic Acid, Calcium Carbonate, Calcium Lactate Gluconate"
3098,"Calcium Carbonate, Cholecalciferol Concentrate (Powder Form)"
3099,"Calcium, Cholecalciferol Concentrate"
3100,"Arnica Montana E Planta Tota Ferm 33c Dil. D14 (Hab, Vs. 33c), Cinis E Fructibus Avenae Sativae Cum Magnesio Phosphorico (1:1) Dil. D5 (Hab, Vs. 6), Selenicereus Grandiflorus Ex Herba Ferm 33d Dil. D3 (Hab, Vs. 33d), Crataegus Laevigata/Monogyna E Foliis"
3101,"Arnica Montana E Planta Tota Ferm 33c Dil. D14 (Hab, Vs. 33c), Cinis E Fructibus Avenae Sativae Cum Magnesio Phosphorico (1:1) Trit. D2 (Hab, Vs. 6), Selenicereus Grandiflorus Ex Herba Ferm 33d Dil. D2 (Hab, Vs. 33d), Crataegus Laevigata/Monogyna E Foliis"
3102,"Selenicereus Grandiflorus Dil. D 3, Nitroglycerinum Dil D5, Kalium Carbonicum D5, Spigelia Anthelmia D5, Crataegus Dil. D2"
3103,"Nitroglycerinum Dil. D3, Selenicereus Grandiflorus Dil. D 1, Spigelia Anthelmia Dil. D 3, Kalium Carbonicum Dil. D3, Crataegus Dil. D1"
3104,Fluvastatin Sodium
3105,Calcium Chloride Dihydrate
3106,Calcium Trisodium Pentetate
3107,"Atorvastatin, Amlodipine Besilate"
3108,Chloramphenicol Bp
3109,Anhydrous Caffeine
3110,Caffeine
3111,"Ergotamine Tartrate, Caffeine"
3112,Caffeine Citrate
3113,"Codeine Phosphate Sesquihydrate, Paracetamol, Propyphenazone, Caffeine"
3114,"Caffeine Citrate, Glyceryl Trinitrate"
3115,Sertaconazole Nitrate
3116,"Sambuci Flos, Lupuli Flos, Marshmallow Root, Matricariae Flos, Wild Thyme, Menthae Piperitae Herba, Plantaginis Lanceolatae Folium, Rubi Fruticosi Folium, Liquorice Root, Fennel Seed"
3117,"Sambuci Flos, Lupuli Flos, Marshmallow Root, Matricariae Flos, Wild Thyme, Menthae Piperitae Herba, Plantaginis Lanceolatae Folium, Rubi Idaei Folium, Liquorice Root, Fennel Seed"
3118,Crataegi Folium Cum Flore
3119,Sambuci Flos
3120,Salviae Herba
3121,"Sambuci Flos, Tiliae Flos, Fennel Fruit Sweet, Plantaginis Lanceolatae Folium, Liquorice Root"
3122,"Marshmallow Root, Matricariae Flos, Fennel Fruit Sweet, Menthae Piperitae Herba, Liquorice Root"
3123,"Passiflorae Herba, Valerianae Radix, Melissae Herba"
3124,"Fennel, Sweet, Tiliae Flos, Plantaginis Lanceolatae Folium, Sambucus Nigra Flower, Liquorice Root"
3125,Lanthanum
3126,"Glycerol, Zinc Oxide, Calamine Bp"
3127,"Zinc Oxide Bp, Calamine Bp"
3128,"Zinc Oxide Pheur, Calamine Bp"
3129,"Zinc Oxide Bp, Calamine Bp, Liquefied Phenol Bp, Glycerin Bp"
3130,"Betamethasone Dipropionate, Calcipotriol Monohydrate"
3131,"Mixture Of Calendula Ex Herba Flor. Pressed Juice And Ethanol 96% (1:0.33), Echinacea Mother Tincture"
3132,Cinacalcet
3133,Calcium Acetate
3134,Calcium Acetate Anhydrous
3135,Calcium Bromolactobionate
3136,Calcium
3137,Calcifediol
3138,Calcifediol Monohydrate
3139,Ergocalciferol
3140,Calcium Folinate Pentahydrate
3141,"Calcium Chloride, Calcium Glucoheptonate, Calcium Lactate Pentahydrate, Calcium Gluconate, Saccharomyces Cerevisiae"
3142,"Colecalciferol, Calcium Carbonate, Saccharomyces Cerevisiae"
3143,"Calcium, Cholecalciferol Concentrate (Powder Form)"
3144,"Calcium Laevulinate, Nicotinamide Bp, Riboflavin Bp, Calcium Chloride Dihydrate Bp, Calcium Pantothenate Bp, Ascorbic Acid Bp, Thiamine Hydrochloride Bp, Pyridoxine Hydrochloride Bp"
3145,Calcium Gluconate Monohydrate
3146,Calcium Chloride
3147,"Magnesium Chloride Hexahydrate, Calcium Chloride Dihydrate"
3148,Calcium Gluconate
3149,Calcium Levofolinate
3150,Calcium Levofolinate Pentahydrate
3151,"Calcium, Lactic Acid, Magnesium, Sodium, Chloride Ion, Hydrogen Carbonate"
3152,"Calcium, Magnesium, Potassium, Sodium, Chloride Ion, Hydrogen Carbonate, Acetate"
3153,"Calcium Phosphate, Tribasic"
3154,"Calcium Carbonate, Calcium Lactate Gluconate"
3155,Heparin Calcium
3156,"Calcipotriol Monohydrate, Betamethasone Dipropionate (Ph. Eur.)"
3157,"Calcipotriol, Betamethasone Dipropionate (Ph. Eur.)"
3158,"Betamethasone Dipropionate, Calcipotriol"
3159,Calcipotriol
3160,"Calcipotriol, Anhydrous"
3161,"Betamethasone Dipropionate, Calcipotriol, Anhydrous"
3162,Calcitonin (Salmon)
3163,Calcitonin
3164,"Calcitonin Salmon, Synthetic"
3165,Calcitriol
3166,"Ascorbic Acid, Calcium"
3167,"Calcium Glubionate, Calcium Lactobionate"
3168,"Calcium Saccharate Tetrahydrate, Calcium Gluconate Monohydrate"
3169,"Calcium Lactate Gluconate Anhydrate, Calcium Lactobionate Dihydrate"
3170,"Ergocalciferol, Calcium Lactate Pentahydrate, Calcium Phosphate"
3171,"Calcium Carbonate, Calcium Glycerophosphate"
3172,Calcium Carbonate Ph. Eur.
3173,"Calcium Carbonicum Hahnemanni Dil D6, Calcium Carbonicum Hahnemanni Dil. D200, Calcium Carbonicum Hahnemanni Dil. D30, Calcium Carbonicum Hahnemanni Dil. D12"
3174,Calcium Dobesilate
3175,Calcium Dobesilate Monohydrate
3176,Sodium Calcium Edetate
3177,"Calcium Fluoratum D200, Calcium Fluoratum Dil. D12, Calcium Fluoratum Dil. D30"
3178,"Calcium Carbonate, Calcium Lactate Gluconate Dihydrate"
3179,"Acidum Silicicum D30, Calcium Carbonicum Hahnemanni D30, Calcium Fluoratum D12, Calcium Phosphoricum D12"
3180,Calcium Gluconate Bp
3181,Calcium Gluconate For Injection
3182,Calcium Lactate Bp
3183,Calcium Lactate Pentahydrate
3184,Calcium Pantothenate
3185,Calcium Polystyrene Sulfonate
3186,"Quercus Robur/Petraea E Cortice Cum Calcio Carbonico = D6 Solution (Prepared From Quercus Robur/Petraea E Cortice, Decoctum Ø (Hab Vs.23a) By 5 Malige Exponentiation With Saturated Aqueous Solution Of Calcium Carbonica E Cinere Quercus) (Hab, Sv5b)"
3187,"Quercus Robur/Petraea E Cortice Cum Calcio Carbonico = D6 Solution (Prepared From Quercus Robur/Petraea E Cortice, Decoctum Ø (Hab Vs.23a) By Four-Time Potentiation With Saturated Aqueous Solution Of Calcium Carbonica E Cinere Quercus And Subsequent Poten"
3188,"Calcium Gluconate, Calcium Laevulinate"
3189,"Calcium Carbonicum Hahnemanni Dil. D8, Calcium Fluoratum Dil. D12, Hekla Lava E Lava Dil. D12, Calcium Phosphoricum Dil. D6, Acidum Silicicum Dil. D6"
3190,"Calcium Carbonate, Calcium Lactate Gluconate, Cholecalciferol Concentrate (Powder Form)"
3191,"Matricaria Recutita Trit. D4, Calcium Carbonicum Hahnemanni D8, Carbo Vegetabilis D12, Solanum Dulcamara D6"
3192,Deflazacort
3193,"Calculi-Renales-Hominis-Nosode Dil. D 9 Aquos., Epigaea Repens (Hab 34) Dil. D 3, Solidago Virgaurea Dil. D 3, Lytta Vesicatoria Dil. D6, Benzoicum Acidum Dil. D4, Berberis Vulgaris Dil. D4"
3194,"Ascorbic Acid, Colecalciferol, Calcium, Pyridoxine Hydrochloride"
3195,Zinc Oxide
3196,Calcium Undecylenate
3197,Calendula Officinalis Mother Tincture
3198,"Calendula Officinalis E Floribus La 20% (Hab, Vs. 12c)"
3199,"Ruta Graveolens D8, Smilax D1, Clematis Vitalba D1, Arnica Montana D3, Bellis Perennis D2, Hamamelis Virginiana D2, Calendula Officinalis D1"
3200,Calendula Officinalis 2a Ø
3201,Calendula Mother Tincture
3202,"Lidocaine Hydrochloride Monohydrate, Cetylpyridinium Chloride Monohydrate"
3203,"Lidocaine Hydrochloride Monohydrate, Cetylpyridinium Chloride"
3204,"Daphne Mezereum Dil. D 6, Matricaria Recutita Dil. D6, Calcium Carbonicum Hahnemanni Dil. D30, Acidum Silicicum Dil. D30, Calcium Hypophosphorosum D6, Calcium Fluoratum Dil. D12, Hekla Lava E Lava Dil. D12, Mercurius Praecipitatus Ruber Dil. D12, Calcium"
3205,Colistimethate Sodium
3206,"Colecalciferol, Calcium Phosphate, Tribasic"
3207,"Benzocaine, Salicylic Acid"
3208,"Chlorphenamine Maleate, Paracetamol, Caffeine"
3209,"Valerian Dry Hydroalcoholic Extract (Der 3-6:1), Extraction Solvent: Ethanol 60% (V/V), Passion Flower Dry Extract (Der 4-7:1), Extraction Solvent: Ethanol 60% (V/V), Hawthorn Leaf And Flower Dry Extract (Der 4-7:1), Extraction Solvent: Water, Black Horeh"
3210,"Thiamine Hydrochloride, Acetylsalicylic Acid, Caffeine"
3211,"Dry Extract Of Passion Flower (5-7: 1), Extraction Solvent: Ethanol 50% (V/V)"
3212,Piketoprofen
3213,Piketoprofen Hydrochloride
3214,Diclofenac Epolamine
3215,"Valeriana Officinalis L. Root Dry Extract, Melissa Leaf Dry Extract"
3216,"Valerianae Radix Dry Extract, Melissa Leaf Dry Extract"
3217,"Ammonium Chloride, Plantago Lanceolata Fluid Extract, Liquiritiae Extractum Fluidum"
3218,Pramipexole Dihydrochloride Monohydrate
3219,"Lactic Acid, Urea"
3220,"Cocculus Trit. D4, Cypripedium Pubescens Trit. D4, Ignatia Trit. D6, Lilium Tigrinum Trit. D6, Passiflora Incarnata Trit. D3, Platinum Metallicum Trit. D8, Valeriana Trit. D2, Zincum Valerianicum Trit. D3, Cimicifuga Racemosa D3"
3221,"Cypripedium Pubescens D3, Cimicifuga Racemosa Dil. D 2, Passiflora Incarnata Dil. D 3, Zincum Valerianicum Dil. D3, Platinum Metallicum Dil. D8, Ignatia Dil. D6, Lilium Lancifolium Dil. D4, Valeriana Officinalis Dil. D2, Cocculus Dil.D4"
3222,"Zincum Valerianicum Dil. D3, Strychnos Nux-Vomica D5, Avena Sativa Dil. D2"
3223,"Cimicifuga Trit. D3, Cocculus Trit. D4, Cypripedium Pubescens Trit. D4, Ignatia Trit. D6, Lilium Tigrinum Trit. D6, Passiflora Incarnata Trit. D3, Platinum Metallicum Trit. D8, Valeriana Trit. D2, Zincum Valerianicum Trit. D3"
3224,"Cimicifuga Racemosa Dil. D 2, Passiflora Incarnata Dil. D 3, Zincum Valerianicum Dil. D3, Platinum Metallicum Dil. D8, Ignatia Dil. D6, Cypripedium Parviflorum Var. Pubescens Dil. D3, Lilium Lancifolium Dil. D4, Valeriana Officinalis Dil. D2, Cocculus Dil"
3225,"Cimicifuga Racemosa Dil. D 2, Passiflora Incarnata Dil. D 3, Zincum Isovalerianicum Dil. D5, Platinum Metallicum Dil. D8, Ignatia Dil. D6, Cypripedium Parviflorum Var. Pubescens Dil. D3, Valeriana Officinalis Dil. D2, Cocculus Dil.D4"
3226,"Cypripedium Pubescens D3, Passiflora Incarnata Dil. D 3, Zincum Valerianicum Dil. D3, Cimicifuga D2, Platinum, Lilium Tigrinum, Cocculus D4, Valeriana Officinalis D2, Strychnos Ignatii D6"
3227,Iloprost
3228,Acalabrutinib
3229,"Colecalciferol, Zinc Oxide, Calcium Carbonate, Cupric Oxide, Magnesium Oxide, Manganese Sulfate, Borax"
3230,Phenoxymethylpenicillin Calcium
3231,Rizatriptan Benzoate
3232,Ketamine Hydrochloride
3233,"Alfa-Terpineol, Rosemary Oil, Cineole, Sylvestris Pine Oil, Thymus Essential Oil"
3234,"Sepia Officinalis Dil. D 6, Anamirta Cocculus Dil. D5, Cimicifuga Racemosa Dil. D5, Sanguinaria Canadensis Dil. D5"
3235,Leuprorelin
3236,Lithium Carbonate
3237,"Chamomilla Vulgaris 9ch, Phytolacca Decandra 5ch, Rheum 5ch"
3238,"Rheum, Matricaria Recutita, Phytolacca Americana"
3239,"Camellia Sinensis Leaf, Cryoground"
3240,"Amlodipine, Hydrochlorothiazide, Candesartan Cilexetil"
3241,"Adenosinum-3',5'-Cyclophosphoricum D30"
3242,"Adenosinum-3',5'-Cyclophosphoricum D8"
3243,"Camphor, Racemic"
3244,Camphor
3245,Irinotecan Hydrochloride Trihydrate
3246,Mavacamten
3247,Caspofungin
3248,Omeprazole Sodium
3249,"Amlodipine, Atorvastatin, Candesartan Cilexetil"
3250,"Indapamide, Candesartan Cilexetil"
3251,"Hydrochlorothiazide, Amlodipine Besilate, Candesartan Cilexetil"
3252,"Candesartan, Hydrochlorothiazide"
3253,Candesartan
3254,"Fluprednidene Acetate, Nystatin"
3255,Nabilone
3256,"Centaury, Powder, Lovage Root, Powder, Rosemary Leaf, Powder"
3257,"Extract (1:56) Of Rosemary Leaves, Lovage Root And Centaury Herb (1:1:1), Extracting Agents: Ethanol 59% (V/V), Purified Water"
3258,"Lovage Root, Rosemary Leaf, Centaurium Erythraea"
3259,Sodium Citrate
3260,Sodium Citrate Dihydrate
3261,"Hydrocortisone Acetate, Clotrimazole"
3262,"Clotrimazole, Hydrocortisone"
3263,"Glycerol, Urea"
3264,"Propylene Glycol, Urea"
3265,Hymecromone
3266,"Tetracaine Hydrochloride, Chlorhexidine Acetate, Lysozyme Hydrochloride"
3267,"Cantharis Ex Animale Toto Gl Dil. D5 (Hab, Vs. 41c), Equisetum Arvense Ex Herba Ferm 35b Dil. D2 (Hab, Vs. 35b), Vesica Urinaria Bovis Gl Dil. D7 (Hab, Vs. 41c), Achillea Millefolium Ferm 33d Dil. D2"
3268,"Cantharis Ex Animale Toto Gl Dil. D6 (Hab, Vs. 41c), Equisetum Arvense Ex Herba Ferm 35b Dil. D3 (Hab, Vs. 35b), Vesica Urinaria Bovis Gl Dil. D7 (Hab, Vs. 41c), Achillea Millefolium Ferm 33d Dil. D3"
3269,"Lytta Vesicatoria Dil. D 4, Mercurius Solubilis Hahnemanni Dil D8, Hepar Sulfuris Dil. D8, Acidum Arsenicosum Dil. D8"
3270,"Coconut Oil, Salicylic Acid, Distilled Coal Tar"
3271,"Magnesium Chloride Hexahydrate, Sodium Chloride, Calcium Chloride Dihydrate, Glucose Monohydrate, Sodium-L-Lactate"
3272,Capecitabine
3273,Aminaphtone
3274,Ciclosporin
3275,Sabal Serrulata Extract
3276,Vandetanib
3277,Capreomycin
3278,"Soft Extract From Capsicum (Der 2.8-4.9: 1), Corresponding To 53 Mg Of Capsaicinoids, Calculated As Capsaicin, Extraction Solvent: Ethanol 80% (V/V)"
3279,"Dry Extract Of Capsella Bursa-Pastoris Herb (5 – 9 : 1), Extraction Solvent: 25 % Ethanol (V/V)"
3280,"Dimethyl Sulfoxide, Nonivamide, Benzyl Nicotinate, Camphor, Turpentine Oil"
3281,"Dimethyl Sulfoxide, Nonivamide, Camphor, Racemic, Benzyl Nicotinate, Turpentine Oil"
3282,Capsicum Oleoresin
3283,"Nonivamide, Essential Oil Of Turpentine Kind ""pinus Pinaster"", Camphor, Eucalyptus Oil, Salicylic Acid"
3284,Captopril Bp
3285,Noscapine Ujotit Ksh-4
3286,Noscapine
3287,"Pneumococcal Polysaccharide Serotype 33f Conjugated To Crm197, Pneumococcal Polysaccharide Serotype 22f Conjugated To Crm197, Pneumococcal Polysaccharide Serotype 10a Conjugated To Crm197, Pneumococcal Polysaccharide Serotype 9n Conjugated To Crm197, Pneu"
3288,"Sodium Dihydrogen Phosphate, Sodium Hydrogen Carbonate Pheur"
3289,"Tretinoin, Urea"
3290,Carbetocin
3291,Citric Acid
3292,"Simeticone, Sodium Hydrogen Carbonate"
3293,"Levodopa, Carbidopa Monohydrate"
3294,"Levodopa, Anhydrous Carbidopa"
3295,"Carbidopa, Entacapone, Levodopa"
3296,Carbimazole
3297,"Carbo Betulae Dil. D8 Aquos., Crataegus, Ethanol. Digestio Dil. D2"
3298,"Melilotus Officinalis D8, Arnica Montana D6, Carbo Vegetabilis D10, Lachesis D10, Atropa Bella-Donna D6"
3299,Coffee Charcoal
3300,"Carbo Vegetabilis Dil. D 12, Carbo Vegetabilis Dil. D30, Carbo Vegetabilis D200"
3301,"Veratrum Album Dil. D30, Kalium Phosphoricum Dil. D30, Atropa Bella-Donna Dil. D30, Natrium Chloratum Dil. D30, Hypophysis Suis Dil. D30, Natrium Sulfuricum Dil. D200, Bryonia Dil. D12, Carbo Vegetabilis Dil. D30, Eriodictyon Californicum Dil. D12, Acidum"
3302,"Mepivacaine Hydrochloride, Epinephrine"
3303,Carboplatin
3304,"Bismuth Subgallate, Charcoal, Activated, Citric Acid Monohydrate"
3305,"Saccharomyces Cerevisiae, Charcoal, Activated"
3306,"Carbon Dioxide, Oxygen"
3307,Carbon Dioxide
3308,Sevelamer Carbonate
3309,Carboprost
3310,Carboprost Trometamol
3311,Carbenoxolone Sodium
3312,"Epinephrine Bitartrate, Mepivacaine Hydrochloride"
3313,"Mepivacaine Hydrochloride, Noradrenaline Tartrate"
3314,Ferric Carboxymaltose
3315,"Simeticone, Charcoal, Activated"
3316,"Simeticone, Magnesium Oxide, Heavy, Charcoal, Activated"
3317,Graphite
3318,"Sodium Thiosulfate, Charcoal, Activated"
3319,Nicardipine Hydrochloride
3320,"Tincture From Crataegus Inflorescence (1:5), Extraction Solvent: Ethanol 60% (V/V), Convallaria Majalis Tincture (1:7-9), Extraction Solvent: Ethanol 70% (V/V), Valerian Tincture (1:5), Extraction Solvent: Ethanol:water (676:324)"
3321,"Tincture From Crataegus Inflorescence (1:5), Extraction Solvent: Ethanol 60% (V/V), Convallaria Majalis Tincture (1:7-9), Extraction Solvent: Ethanol 70% (V/V), Valerian Tincture (1:5), Extraction Solvent: Ethanol:water (676:324), Liquid Extract From Cola"
3322,"Arnica Montana Trit. D 4, Gelsemium Sempervirens Trit. D 4, Sulfur Trit. D 12, Kalium Carbonicum Trit. D4, Selenicereus Grandiflorus D4, Spigelia Anthelmia D4, Nitroglycerinum Trit. D5"
3323,"Dihydrocodeine Thiocyanate, Pentetrazol"
3324,"Trometamol, Sodium Dihydrogen Phosphate Dihydrate, Potassium Chloride, Sodium Chloride, Sodium Citrate, Glucose Monohydrate, Citric Acid Monohydrate"
3325,"Trometamol, Aspartic Acid, Glutamic Acid, Sodium Dihydrogen Phosphate Dihydrate, Potassium Chloride, Sodium Citrate, Citric Acid Monohydrate"
3326,"Soft Extract From Hawthorn Leaf And Flower (2,8-5,3:1), Extraction Solvent: Ethanol 45% (M/M)"
3327,Isosorbide Dinitrate
3328,"Indapamide, Amlodipine Besilate"
3329,Copper Tetramibi Tetrafluoroborate
3330,"Latrodectus Mactans D4, Kalmia D2, Strophanthus D4, Convallaria Majalis Dil. D4, Crataegus Mother Tincture"
3331,"Dry Extract Of Hawthorn Leaf And Flower (4-7:1), Extraction Solvent : Ethanol 60 % (V/V)"
3332,"Magnesium Phosphoricum Acidum Dil. D6, Onopordum Acanthium, Flos Rec., Aqu. Digestio 1:3,1 Cum 1 % Hyoscyamus Ø, Primula Veris, Flos Rec., Aqu. Digestio 1:3,1 Cum 1 % Hyoscyamus Ø"
3333,"Onopordum Acanthium, Flos Rec., Aqu. Digestio 1:3,1 Cum 1 % Hyoscyamus Ø, Primula Veris, Flos Rec., Aqu. Digestio 1:3,1 Cum 1 % Hyoscyamus Ø"
3334,"Onopordum Acanthium, Flos Rec., Ethanol. Digestio 1:3,1 Cum 1 % Hyoscyamus Ø, Primula Veris, Flos Rec., Ethanol. Digestio 1:3,1 Cum 1 % Hyoscyamus Ø"
3335,"Aurum Metallicum Praeparatum Dil. D10, Arnica, Planta Tota Dil. D10, Formica Rufa Dil. D10, Onopordum Acanthium, Flos Rec., Ethanol. Digestio 1:3,1 Cum 0,1 % Hyoscyamus Ø, Primula Veris, Flos Rec., Ethanol. Digestio 1:3,1 Cum 0,1 % Hyoscyamus Ø"
3336,"Magnesium Phosphoricum Acidum Dil. D3, Onopordum Acanthium, Flos Rec., Ethanol. Digestio 1:3,1 Cum 1 % Hyoscyamus Ø, Primula Veris, Flos Rec., Ethanol. Digestio 1:3,1 Cum 1 % Hyoscyamus Ø"
3337,"Onopordum Acanthium, Flos Rec., Ethanol. Digestio 1:3,1 Cum 0,1 % Hyoscyamus Ø, Primula Veris, Flos Rec., Ethanol. Digestio 1:3,1 Cum 0,1 % Hyoscyamus Ø"
3338,"Hyoscyamus Niger, Herba Rh Ø, Onopordum Acanthium, Flos Rh Ø, Primula Veris, Flos Rh Ø"
3339,"Rubidium Chloride Rb-82, Strontium (82sr) Dichloride"
3340,"Strontium Chloride, Rubidium Chloride Rb-82"
3341,"Caffeine, Cola Extract, Crataegi Cum Valerianae Tinctura, Convallariae Tinctura Titrata"
3342,"Potassium Chloride Ph. Eur., Magnesium Chloride Hexahydrate Ph. Eur., Procaine Hydrochloride Ph. Eur."
3343,"Procaine Hydrochloride, Potassium Chloride, Magnesium Sulfate Heptahydrate, Xylitol"
3344,"Stannous Chloride, Copper Tetramibi Tetrafluoroborate, L-Cysteine Hydrochloride Monohydrate"
3345,"Arnica Dil. D4, Cactus Dil. D3, Spigelia Dil. D4, Crataegus Mother Tincture"
3346,Technetium (99mtc) Sestamibi
3347,Dexrazoxane
3348,Dexrazoxane Hydrochloride
3349,"Dry Extract From Hawthorn Leaf And Flower (4-6.6:1), Extraction Solvent: Ethanol 45% (M/M)"
3350,Imidapril Hydrochloride
3351,"Silybum Marianum Fruit, Cryoground"
3352,"Tincture Of Valerian Root (1:5), Extraction Liquid: Ethanol 70 V/V, Liquid Extract Of Hawthorn Berries (1:1): Extraction Solvent: 70 % (V/V) Ethanol, Tincture From Motherwort Herb (1:5), Extraction Solvent: Ethanol 70% V/V"
3353,"Doxazosin Mesilate, Finasteride"
3354,"Fel Tauri (Hab 34) Dil. D1, Chamomile Tincture, Chelidonium Majus D4, Silybum Marianum Mother Tincture"
3355,"Oxalis Acetosella E Planta Tota Ferm 34b Dil. D2 (Hab, Vs. 34b), Silybum Marianum E Fructibus Ferm 36 Dil. D2 (Hab, Vs. 36)"
3356,"Hepar Bovis Gl Dil. D7 (Hab, Vs. 41a), Viscum Album (Mali) E Planta Tota Ferm 34i Dil. D4 (Hab, Vs. 34i), Silybum Marianum E Fructibus Ferm 36 Dil. D2 (Hab, Vs. 36)"
3357,"Dry Extract From Hyperici Herba (Der Genuine 5-7:1), Extraction Solvent: Ethanol 60%"
3358,"Dry Extract Of Echinacea Root (Der Genuine 7-8:1), Extraction Solvent: Ethanol 30%"
3359,Agnus Castus Fruit
3360,Trisodium Citrate Dihydrate
3361,Pseudoephedrine Hydrochloride Bp
3362,Tanaceti Parthenii Herba
3363,"Framycetin Sulfate, Sodium Benzoate, Papain"
3364,Epoprostenol
3365,"Carvedilol, Ivabradine Hydrochloride"
3366,Moxisylyte Hydrochloride
3367,Carmellose Sodium
3368,"Peppermint Oil, Caraway Oil"
3369,"Isosorbide Mononitrate, Diluted Ph. Eur."
3370,Isosorbide 5 Mononitrate
3371,Indigo Carmine
3372,"Levomenthol, Melissa Leaf, Anise Oil, Citronella Oil, Clove Oil, Lavender Oil, Lemon Oil, Spike Lavender Oil, Thyme Oil, Chinese Cinnamon Oil, Salviae Oleum, Myristica Fragrans Essential Oil"
3373,"Nutmeg Oil, Citronella Oil, Clove Oil, Lavender Oil, Lemon Oil, Spike Lavender Oil, Chinese Cinnamon Oil, Spanish Sage Oil, Extract From Melissa Leaf (1:5), Extraction Solvent: 70% (V/V), Star Anise Oil, Thymus Essential Oil"
3374,Tolnaftate
3375,"Mentha Piperita Tincture, Collinsonia Canadensis D3, Lupulinum D2, Pulsatilla Pratensis D4, Artemisia Absinthium D3, Strychnos Nux-Vomica D4, Taraxacum Officinale D2"
3376,"Juglans Regia, Testa Trit. D4, Pyrus Malus, Carpellum Trit. D4"
3377,"Dry Extract Of Milk Thistle Fruit, Corresponding To 22.5 Mg Silymarin, Calculated As Silibinin"
3378,"Milk Thistle Fruit Dry Extract, Refined And Standardised (35-50:1), Corresponding To 110 Mg Silymarin, Calculated As Silibinin, Extraction Solvent: Methanol"
3379,"Milk Thistle Fruit Dry Extract, Refined And Standardised (35-50:1), Corresponding To 22.5 Mg Silymarin, Calculated As Silibinin, Extraction Solvent: Methanol 98% (V/V)"
3380,"Glucosamine Hydrochloride, Chondroitin Sulfate Sodium"
3381,"Allium Cepa Ferm 34a Dil. D1, Betula Pendula Ferm 34e Dil. D1, Cartilago Articularis Bovis Gl Dil. D3 (Hab, Vs. 41b), Formica Rufa Ex Animale Toto Gl Dil. D3 (Hab, Vs. 41c), Stannum Metallicum Dil. D6, Aurum Metallicum Dil. D 8"
3382,"Allium Cepa Ferm 34a Dil. D14, Aurum Metallicum Dil. D9, Betula Pendula Ferm 34e Dil. D4, Cartilago Articularis Bovis Gl Dil. D7 (Hab, Vs. 41b), Formica Rufa Ex Animale Toto Gl Dil. D16 (Hab, Vs. 41c), Stannum Metallicum Dil. D7"
3383,"Cartilago Suis D10, Cartilago Suis D200, Cartilago Suis D30"
3384,"Cartilago Suis D12, Cartilago Suis D8, Cartilago Suis D200, Cartilago Suis D30"
3385,"Articulatio Interphalangea Bovis Gl Dil. D16 (Hab, Vs. 41b), Echinacea Pallida E Planta Tota Ferm 33c Dil. D1 (Hab, Vs. 33c), Quarz Dil. D29 Aquos."
3386,"Articulatio Interphalangea Bovis Gl Dil. D16 (Hab, Vs. 41b), Echinacea Pallida E Planta Tota Ferm 33c Dil. D2 (Hab, Vs. 33c), Quarz Dil. D29 Aquos."
3387,"Antimonit Dil. D5, Argentum Metallicum Dil. D7, Betula Pendula Ferm 34e Dil. D4, Cartilago Articularis Bovis Gl Dil. D7 (Hab, Vs. 41b), Mandragora Officinarum E Radice Ferm 34d Dil. D4 (Hab, Vs. 34d)"
3388,"Antimonit Trit. D4, Argentum Metallicum Dil. D6, Betula Pendula Ferm 34e Dil. D1, Cartilago Articularis Bovis Gl Dil. D3 (Hab, Vs. 41b), Mandragora Officinarum E Radice Ferm 34d Dil. D1 (Hab, Vs. 34d)"
3389,"Atropa Belladonna Ex Herba Ferm 33a Dil. D2 (Hab, Vs. 33a), Eingeengter Wässriger Auszug Aus Carvi Fructus Sicc. (5:1) Auszugsmittel: Gereinigtes Wasser, Droge-Auszug-Verhältnis: 1,8:1, Nicotiana Tabacum E Foliis Ferm 33b Dil. D4 (Hab, Vs. 33b), Chamomill"
3390,"Liquid Extract (1:4,7-5,3) Of Angelica Archangelica Root, Blessed Thistle And Peppermint Leaf (1:3,3:3,3), Extraction Solvent: Ethanol 60 % (V/V)"
3391,Ciltacabtagene Autoleucel
3392,"Methoxyphenamine Hydrochloride, Guaifenesin, Sodium Citrate"
3393,Rhamnus Purshiana Dc. Bark
3394,Lactobacillus Acidophilus
3395,"Sodium Hydrogen Carbonate, Potassium Chloride, Sodium Chloride, Sodium Sulfate Anhydrous, Macrogol 4000, Sodium Biphosphate"
3396,Macrogol 4000
3397,Exagamglogene Autotemcel
3398,Caspofungin Acetate
3399,Agni Casti Fructus Extractum Siccum
3400,"Aesculus Hippocastanum Bark, Cryoground"
3401,Tapentadol Phosphate
3402,Clobazam
3403,Castor Equi Mother Tincture
3404,Dropropizine
3405,Diclofenac Resinate
3406,"Rumex Acetosa, Plantago Lanceolata, Chenopodium Album, Artemisia"
3407,"Betula, Corylus Avellana, Alnus"
3408,"Poa Sp., Phleum Pratense, Holcus Lanatus, Alopecurus Pratensis, Dactylis Glomerata, Anthoxanthum Odoratum, Festuca Pratensis, Lolium Perenne, Secale Cereale, Arrhenatherum Elatius"
3409,Pirenoxine Sodium
3410,Fenofibrate
3411,Clonidine
3412,Camellia Sinensis (Green Tea) Leaf Extract
3413,"Dry Extract From Green Tea (24-56:1), Extraction Solvent: Water"
3414,"Chlorhexidine Dihydrochloride, Diphenhydramine Hydrochloride"
3415,"Chlorhexidine Dihydrochloride, Lidocaine"
3416,"Fluprednidene Acetate, Miconazole Nitrate"
3417,"Arnica Trit. D2, Cimicifuga Trit. D2, Pulsatilla Trit D3, Calcium Fluoratum Trit D6, Caulophyllum Thalictroides Trit. D3"
3418,"Ledum Palustre Dil. D4, Acidum Sulfuricum Dil. D 6, Causticum Hahnemanni Dil. D12, Argentum Metallicum Dil. D12, Bryonia Dil. D4, Arnica Dil. D4"
3419,"Kalium Phosphoricum Trit. D5, Gelsemium Trit. D3, Causticum Hahnemanni Trit D5, Atropa Bella-Donna Trit D11"
3420,"Causticum Hahnemanni Dil. D30, Causticum Hahnemanni Dil. D12, Causticum Hahnemanni D200"
3421,Vinpocetine
3422,Cilazapril
3423,"Acetic Acid, Glacial, Sodium Hydrogen Carbonate, Magnesium Chloride Hexahydrate, Potassium Chloride, Sodium Chloride, Calcium Chloride Dihydrate, Glucose Monohydrate"
3424,"Cetrimide, Undecylenic Acid"
3425,"Lachesis Dil. D200, Lachesis Dil. D30, Ceanothus Americanus D10, Ceanothus Americanus D200, Ceanothus Americanus D30, Lachesis D10 Dil."
3426,Sodium Ascorbate
3427,Lomustine
3428,Vancomycin
3429,"Aconitum Dil. D3, Simarouba Cedron Dil D2, Acidum Arsenicosum Dil D5, Citrullus Colocynthis (Hab 34) Dil D5, Gelsemium Dil. D3"
3430,Cefadroxil Monohydrate
3431,"Liquid Extract Of Iceland Moss, Saponaria Officinalis Root, Pimpinella Root, Eucalyptus Leaf, Fennel Bitter Fruit (1:1:1:1:1) and 1 Part Of star Anise (1:3-4), Extraction Solvent: ethanol 30% V/V, Thymi Extractum Fluidum"
3432,Ruscus Aculeatus (Dried Hydroalcoholic Extracts)
3433,"Secale Cornutum Trit. D 4, Barium Carbonicum D8, Espeletia Schultzii/Espeletia Grandiflora E Foliis Et Floribus Sicc. Trit D3, Arnica Montana D6, Plumbum Metallicum D8"
3434,Turnera Diffusa Mother Tincture
3435,"Aconitum Napellus Trit. D 4, Gelsemium Sempervirens Trit. D 4, Eupatorium Perfoliatum D5"
3436,Dry Extract From Cimicifugae Racemosae Rhizoma
3437,"Crocus Sativus Trit. D 3, Sepia Officinalis D3, Cimicifuga Racemosa D3, Sanguinaria Canadensis D4, Juniperus Sabina D3, Secale Cornutum D3"
3438,Cefalexin
3439,Cefalexin Bp
3440,Cefalexin Monohydrate
3441,Tanacetum Parthenium (L.) Schultz Bip.
3442,Cefradine
3443,Cefalotin
3444,"Helianthus Annuus, Aethusa Cynapium D4, Calendula Officinalis D2"
3445,Calotropis Gigantea D4
3446,Fucus Vesiculosus D2
3447,"Gelsemium Sempervirens Trit. D 4, Cyclamen Purpurascens, Melilotus Officinalis Ø, Iris Versicolor"
3448,"Gelsemium Sempervirens Dil. D4, Cyclamen Purpurascens Mother Tincture, Melilotus Officinalis, Iris Versicolor Mother Tincture"
3449,"Gelsemium Sempervirens Trit. D 4, Avena Sativa Mother Tincture, Passiflora Incarnata Mother Tincture, Ignatia Trit. D4"
3450,Dry Extract Of Agnus Castus Fruit (7-13:1)
3451,"Colchicinum D8, Artemisia Abrotanum D4, Berberis Vulgaris D5"
3452,"Artemisia Abrotanum D1, Berberis Vulgaris D5, Colchicinum D6 (Hab1, Vorschrift 5a)"
3453,Selenium
3454,Sodium Selenite
3455,Sodium Selenite Pentahydrate
3456,"Echinacea Mother Tincture, Kalium Phosphoricum Trit. D 4, Hydrargyrum Bicyanatum D8, Lachesis D6"
3457,"Echinacea Mother Tincture, Hydrargyrum Bicyanatum D8, Kalium Phosphoricum D4, Lachesis Mutus Dil D6"
3458,"Echinacea Mother Tincture, Kalium Phosphoricum D4, Lachesis Mutus Dil D6"
3459,"Milk Thistle Dry Extract, Refined And Standardised"
3460,"Hydrargyrum Sulfuratum Rubrum D4, Chininum Arsenicosum D12, Mercurius Solubilis Hahnemanni D5, Ferrum Phosphoricum D3"
3461,"Hydrargyrum Sulfuratum Rubrum Trit. D4, Chininum Arsenicosum D12, Mercurius Solubilis Hahnemanni D5, Ferrum Phosphoricum D3"
3462,"Ammi Visnaga Mother Tincture, Atropinum Sulfuricum D4, Matricaria Recutita D1, Podophyllum Peltatum D4"
3463,"Scrophularia Nodosa Ø, Thyreoidinum E Gland. Thyreoid. Suis Trit. D4, Euspongia Officinalis Mother Tincture"
3464,Cefatrizine
3465,"Ginkgo Biloba Trit. D4, Crataegus Trit. D4, Viscum Album Trit. D4"
3466,"Viscum Album Mother Tincture, Ginkgo Biloba, Crataegus Mother Tincture"
3467,"Nitroglycerinum Dil. D3, Selenicereus Grandiflorus Dil. D 1, Ammi Visnaga, Crataegus Dil. D1"
3468,Zinc Gluconate
3469,"Cefazolin, Lidocaine Hydrochloride"
3470,"Cefazolin Sodium, Lidocaine Hydrochloride"
3471,Cefepime Dihydrochloride Monohydrate
3472,Cefprozil
3473,Cefixime Anhydrous
3474,Ceftizoxime Sodium
3475,Cefpodoxime Proxetil
3476,Cefotaxime Sodium Sterile
3477,"Lidocaine Hydrochloride Monohydrate, Cefotaxime"
3478,"Cefotaxime, Sodium"
3479,Cefoxitin
3480,Cefradine Ph. Eur.
3481,Ceftriaxone Disodium Salt Hemiheptahydrate
3482,"Ceftriaxone Disodium Salt Hemiheptahydrate, Lidocaine Hydrochloride"
3483,Ceftaroline Fosamil
3484,Ceftazidime Pentahydrate Sterile Buffered
3485,"Ceftazidime, Sodium Carbonate"
3486,"Ceftriaxone, Sodium"
3487,Ceftriaxone Sodium Sesquaterhydrate
3488,"Lidocaine Hydrochloride Monohydrate, Ceftriaxone"
3489,"Ceftriaxone, Lidocaine Hydrochloride"
3490,Ceftriaxone Disodium Hydrate
3491,Cefprozil Monohydrate
3492,Pegfilgrastim
3493,Valganciclovir
3494,Sugemalimab
3495,Celecoxib Ph. Eur.
3496,Celery Seed Extract
3497,"Dry Extract From Celery Seed, Extraction Solvent: Ethanol 50% V/V"
3498,"Betamethasone Acetate, Betamethasone Sodium Phosphate"
3499,Celiprolol
3500,Mycophenolate Mofetil
3501,Vincristine Sulfate
3502,Ondansetron Hydrochloride Dihydrate
3503,Etoposide
3504,Suxamethonium Chloride
3505,Suxamethonium Chloride Dihydrate
3506,Maraviroc
3507,"Mannitol, Histidine, Glutamic Acid, Magnesium Chloride Hexahydrate, Potassium Chloride, Sodium Hydroxide, Calcium Chloride Dihydrate, Glutathione, Lactobionic Acid"
3508,Pramocaine Hydrochloride
3509,Tincture From White Hellebore Rhizomes And Radices 1:10
3510,"Dexamethasone Sodium Phosphate, Tobramycin"
3511,Isoniazid
3512,"Isoniazid, Pyridoxine"
3513,Sennoside B
3514,Centella Asiatica Triterpenoid Extract
3515,"Dry Extract From Pelargonium Root (4-7:1), Extraction Solvent: Ethanol 14% (V/V)"
3516,"Glandula Suprarenalis Suis D10, Hypophysis Suis D10, Hypothalamus Suis D10"
3517,Quetiapine Hemifumarate
3518,"Heparin Sodium, Allantoin, Allii Cepae Extractum Fluidum, Tincture Of Matricaria"
3519,Cefalexin Monohydrate Ph. Eur.
3520,Human Protein C
3521,"Brassica Nigra E Semine W 10% (Hab, Vs. 12f Mit Raffiniertem Erdnussöl), Bryonia Cretica Ferm 33b Ø, Equisetum Arvense Ex Herba Ferm 35b Ø (Hab, Vs. 35b), Formica Rufa Ex Animale Toto Gl Ø (Hab, Vs. 41c), Beeswax, Yellow, D-Camphor, Honey, Aesculus Hippoc"
3522,Pyritinol Hydrochloride
3523,Eliglustat
3524,"Arnica Montana E Planta Tota Ferm 33c Dil. D5 (Hab, Vs. 33c), Apatit Dil. D6, Cerebellum Bovis Gl Dil. D5 (Hab, Vs. 41a), Conchae Trit. D3, Natrium Carbonicum Dil. D4 Aquos. (Hab, Vs. 5b), Skorodit Dil. D6, Orchis E Tubere, Decoctum Dil. D7 (Hab, Vs. 23a)"
3525,"Arnica Montana E Planta Tota Ferm 33c Dil. D5 (Hab, Vs. 33c), Apatit Dil. D6, Cerebellum Bovis Gl Dil. D7 (Hab, Vs. 41a), Conchae Dil. D5, Levisticum Officinale E Radice Ferm 33c Dil. D5 (Hab, Vs. 33c), Natrium Carbonicum Dil. D5 Aquos. (Hab, Vs. 5b), Sko"
3526,"Anamirta Cocculus Dil. D 3, Espeletia Schultzii/Espeletia Grandiflora E Foliis Et Floribus Sicc. Dil D3, Arnica Montana Dil. D6"
3527,"Cerebellum Bovis Gl Dil. D8 (Hab, Vs. 41a), Corpora Quadrigemina Bovis Gl Dil. D8 (Hab, Vs. 41a), Hypophysis Bovis Gl Dil. D8 (Hab, Vs. 41a), Iris Bovis Gl Dil. D8 (Hab, Vs. 41b), Medulla Oblongata Bovis Gl Dil. D8 (Hab, Vs. 41a), Nervus Opticus Bovis Gl"
3528,"Aurum Metallicum Trit. D6, Cerebellum Bovis Gl Dil. D7 (Hab, Vs. 41a), Corpora Quadrigemina Bovis Gl Dil. D7 (Hab, Vs. 41a), Hypophysis Bovis Gl Dil. D7 (Hab, Vs. 41a), Iris Bovis Gl Dil. D7 (Hab, Vs. 41b), Myrrha Trit. D3 (Hab, Vs. 6), Medulla Oblongata"
3529,"Cerebellum Bovis Gl Dil. D8 (Hab, Vs. 41a), Corpora Quadrigemina Bovis Gl Dil. D8 (Hab, Vs. 41a), Epiphysis Bovis Gl Dil. D8 (Hab, Vs. 41a), Labyrinthus Bovis Gl Dil. D8 (Hab, Vs. 41a), Medulla Oblongata Bovis Gl Dil. D8 (Hab, Vs. 41a), Nervus Statoacusti"
3530,"Aurum Metallicum Trit. D6, Cerebellum Bovis Gl Dil. D7 (Hab, Vs. 41a), Corpora Quadrigemina Bovis Gl Dil. D7 (Hab, Vs. 41a), Epiphysis Bovis Gl Dil. D7 (Hab, Vs. 41a), Labyrinthus Bovis Gl Dil. D7 (Hab, Vs. 41a), Myrrha Trit. D3 (Hab, Vs. 6), Medulla Oblo"
3531,"Gelsemium Sempervirens D4, Ruta Graveolens D4, Acidum Phosphoricum D10, Anamirta Cocculus D4, Cerebrum Suis D8, Cinchona Pubescens D4, Conium Maculatum D4, Embryo Totalis Suis D10, Arnica Montana D28, Ambra Grisea D10, Hepar Suis D10, Kalium Phosphoricum"
3532,"Cerebrum Suis D10, Cerebrum Suis D200, Cerebrum Suis D30"
3533,"Cerebrum Suis D12, Cerebrum Suis D200, Cerebrum Suis D30, Cerebrum Suis D8"
3534,"Cerebrum Totalis Suis D10, Cerebrum Totalis Suis D200, Cerebrum Totalis Suis D30"
3535,"Ambra Grisea Dil. D 6, Ginkgo Biloba Dil. D 4, Panax Ginseng Urt,, Anamirta Cocculus Dil. D4"
3536,"Vincetoxicum Hirundinaria D8, Echinacea Purpurea Mother Tincture, Sambucus Nigra Ø"
3537,"Chelidonium Majus Dil. D4, Taraxacum Officinale Ø, Silybum Marianum Mother Tincture"
3538,Imiglucerase
3539,Trospium Chloride
3540,"Ascorbic Acid, Biotin, Colecalciferol, Cyanocobalamin, Dexpanthenol, Folic Acid, Nicotinamide, Pyridoxine Hydrochloride, Retinol, Riboflavin Sodium Phosphate Dihydrate, Dl-Alpha-Tocopherol, Cocarboxylase Tetrahydrate"
3541,"Retinol Palmitate, Ascorbic Acid, Biotin, Colecalciferol, Cyanocobalamin, Dexpanthenol, Folic Acid, Nicotinamide, Pyridoxine Hydrochloride, Alpha-Tocopherol, Riboflavin Sodium Phosphate Dihydrate, Cocarboxylase Tetrahydrate"
3542,"Retinol Palmitate, Ascorbic Acid, Biotin, Colecalciferol, Cyanocobalamin, Dexpanthenol, Folic Acid, Nicotinamide, Pyridoxine Hydrochloride, Riboflavin Sodium Phosphate Dihydrate, Dl-Alpha-Tocopherol, Cocarboxylase Tetrahydrate"
3543,"Retinol Palmitate, Ascorbic Acid, Biotin, Colecalciferol, Cyanocobalamin, Folic Acid, Nicotinamide, Pantothenic Acid, Pyridoxine Hydrochloride, Alpha-Tocopherol, Riboflavin Sodium Phosphate Dihydrate, Cocarboxylase Tetrahydrate"
3544,"Retinol Palmitate, Ascorbic Acid, Colecalciferol, Cyanocobalamin, Dexpanthenol, Folic Acid, Nicotinamide, Pyridoxine Hydrochloride, Alpha-Tocopherol, Riboflavin Sodium Phosphate Dihydrate, D-Biotin, Cocarboxylase Tetrahydrate"
3545,"Retinol Palmitate, Ascorbic Acid, Colecalciferol, Cyanocobalamin, Dexpanthenol, Folic Acid, Nicotinamide, Pyridoxine Hydrochloride, Riboflavin Sodium Phosphate Dihydrate, D-Biotin, Dl-Alpha-Tocopherol, Cocarboxylase Tetrahydrate"
3546,"Dry Extract Of Dried Crude Pollen From Secale Cereale, Phleum Pratense And Zea Mays (30:1.5:1), Der: 2.7-7.5:1, Extraction Solvent: Water : Acetone : Sodium Laurilsulfate (96:4:0.022 M/M/M), Soft Extract Of Dried Crude Pollen From Secale Cereale, Phleum P"
3547,"Benzalkonium Chloride, Chlorhexidine Gluconate"
3548,Flumetasone Pivalate (Ph. Eur.)
3549,Certoparin Sodium
3550,Daunorubicin
3551,Daunorubicin Hydrochloride
3552,Metoclopramide
3553,"Sweet Almond Oil, Xylene"
3554,"Procaine Hydrochloride, Phenazone"
3555,Xylene
3556,Cerussit Dil. D8 Aquos.
3557,"Human Papillomavirus Type 16 L1 Protein Adjuvanted By As04 Adsorbed On Aluminium Hydroxide, Hydrated Produced On Baculovirus Hi-5 Rix4446 Cells, Trichoplusia Ni. Derived, Human Papillomavirus Type 18 L1 Protein Adjuvanted By As04 Adsorbed On Aluminium Hyd"
3558,Dinoprostone
3559,Vinburnine
3560,"Hydrocortisone Acetate, Nystatin, Chloramphenicol, Metronidazole"
3561,"Lidocaine, Tetracaine"
3562,Cetalkonium Chloride
3563,Ketamine
3564,"Benzalkonium Chloride, Cetrimide, Aldioxa, Chlorobutanol"
3565,"Chlorhexidine Gluconate, Cetrimonium Bromide"
3566,Cetirizine
3567,Macrogol Cetostearyl Ether 20-22
3568,L-Ornithine Oxoglutarate Monohydrate
3569,"Paraffin, Light Liquid"
3570,"Ciprofloxacin, Fluocinolone"
3571,"Cetrimide, Chlorhexidine Gluconate"
3572,Cetrorelix
3573,Estradiol
3574,"Cetylpyridinium Chloride, Lysozyme Hydrochloride"
3575,Cetostearyl Alcohol
3576,Ropinirole Hydrochloride
3577,"Memantine Hydrochloride, Donepezil Hydrochloride Monohydrate"
3578,Eptacog Beta (Activated)
3579,"Fluocinolone Acetonide, Ciprofloxacin Hydrochloride Monohydrate"
3580,Levetiracetam
3581,"Sulfur Dil D4, Camphora Dil. D1"
3582,Matricaria Liquid Extract
3583,"Chamomilla Recutita, Radix, Decoctum Dil. D3, Kalium Aceticum Comp. Dil. D6 Aquos., Malachit Dil. D6 Aquos., Tabacum Dil. D10"
3584,"Chamomilla Recutita, Radix, Ethanol. Decoctum Dil. D3, Kalium Aceticum Comp. Dil. D6, Malachit Dil. D6, Tabacum Dil. D10"
3585,"Chamomilla Recutita Cupro Culta, Radix Rh Dil. D2"
3586,"Chamomilla Recutita Cupro Culta, Radix Rh Dil. D3"
3587,"Chamomilla Recutita Cupro Culta, Radix, Ethanol. Decoctum Dil. D2"
3588,"Chamomilla Recutita E Radice Ferm 33c Dil. D3 (Hab, Vs. 33c)"
3589,"Stannum Metallicum Dil. D6, Acidum Arsenicosum Dil D5, Atropa Bella-Donna Dil D5, Magnesium Phosphoricum Dil. D6, Chamomilla Dil D1"
3590,"Chamomilla Recutita, Radix, Ethanol. Decoctum Ø"
3591,Chamomillae Extractum
3592,Chamomilla Vulgaris 9ch
3593,"Chamomilla Recutita E Radice Ferm 33c Dil. D2 (Hab, Vs. 33c), Nicotiana Tabacum E Foliis Ferm 33b Dil. D5 (Hab, Vs. 33b)"
3594,Sodium Edetate
3595,"Berberis Vulgaris E Radice W 10% (Hab, Vs. 12f), Chelidonium Majus Ex Herba Ferm 34b Ø (Hab, Vs. 34b), Chelidonium Majus E Radice Ferm 34b Ø (Hab, Vs. 34b), Citrullus Colocynthis E Fructibus Ferm 33a Ø (Hab, Vs. 33a), Lini Oleum Virginale, Castor Oil, Vir"
3596,"Carduus Marianus, Ethanol. Decoctum Dil. D1, Chelidonium Ø, Dryopteris Filix-Mas, Folium Rec., Ethanol. Digestio 1:3,1, Polypodium Vulgare, Folium Rec., Ethanol. Digestio 1:3,1, Salix Alba / Purpurea / Viminalis, Folium Rec., Ethanol. Digestio 1:3,1, Phyl"
3597,"Chelidonium Majus Ex Herba Ferm 34b Dil. D3 (Hab, Vs. 34b), Chelidonium Majus E Radice Ferm 34b Dil. D3 (Hab, Vs. 34b), Rosa E Floribus Ferm Cum Ferro Dil. D3 (Hab, Vs. 37a), Ruta Graveolens Ex Herba Ferm 33c Dil. D3 (Hab, Vs. 33c), Terebinthina Laricina"
3598,Chelidonium Ferro Cultum Dil. D3
3599,Chelidonium Ferro Cultum Rh Dil. D3
3600,Chelidonium Rh Dil. D4
3601,"Chelidonium Majus Ex Herba Ferm 34b Dil. D2 (Hab, Vs. 34b), Chelidonium Majus E Radice Ferm 34b Dil. D2 (Hab, Vs. 34b), Citrullus Colocynthis E Fructibus Ferm 33a Dil. D3 (Hab, Vs. 33a)"
3602,"Atropa Bella-Donna Dil. D10, Atropa Bella-Donna Dil. D1000, Atropa Bella-Donna Dil. D30, Atropa Bella-Donna Dil. D200, Chelidonium Majus Dil. D200, Chelidonium Majus Dil. D30, Chelidonium Majus D10"
3603,"Atropa Bella-Donna Dil. D10, Atropa Bella-Donna Dil. D1000, Atropa Bella-Donna Dil. D30, Atropa Bella-Donna Dil. D200, Chelidonium Majus Dil. D200, Chelidonium Majus Dil. D30, Chelidonium majus dil. d10"
3604,Chenodeoxycholic Acid
3605,"Guaifenesin Ph. Eur., Pseudoephedrine Hydrochloride Bp"
3606,Norfloxacin
3607,"Cinchona Pubescens Dil. D 4, Sepia Officinalis Dil. D 6, Cinchona Pubescens Dil. D10, Cinchona Pubescens Dil. D30, Cinchona Pubescens Dil. D200, Sepia Officinalis Dil. D30, Sepia Officinalis Dil. D200, Sepia Officinalis Dil. D1000"
3608,"Sepia Officinalis Dil. D 6, Cinchona Pubescens Dil. D10, Cinchona Pubescens Dil. D30, Cinchona Pubescens Dil. D200, Sepia Officinalis Dil. D30, Sepia Officinalis Dil. D200, Sepia Officinalis Dil. D1000, Cinchona Pubescens Dil. D2"
3609,"Gentiana Lutea Dil. D 3, Strychnos Nux Vomica Dil. D3, Cinchona Pubescens Dil. D3"
3610,Quinidine Sulfate
3611,Quinine Sulfate Ph. Eur.
3612,Quinine Hydrochloride
3613,Quinine Dihydrochloride
3614,Quinine Sulfate
3615,Prulifloxacin
3616,"Calcium Carbonicum Hahnemanni Dil. D 10, Symphytum Officinale Dil. D 6, Hypericum Perforatum Dil. D3, Acidum Silicicum Dil. D9, Euphorbia Cyparissias D4, Calcium Phosphoricum Dil. D8"
3617,"Ethanol (96 Per Cent), Propanol Ph. Eur."
3618,"Soft Extract Of Schisandra Chinensis Fruit (2.0-5.0:1), Extraction Solvent: Ethanol 95 %, Soft Extract Of Eleutherococcus Senticosus Root (17-30:1), Extraction Solvent 1: Ethanol 70 %, Extraction Solvent 2: Water, Soft Extract Of Rhodiola Rosea Root (2.5-"
3619,"Chlorhexidine Gluconate, Ethanol"
3620,"Chlorhexidine Digluconate Solution, Ethanol"
3621,Chlortalidone
3622,Chloroacetamide
3623,Chlorpromazine Hydrochloride Bp
3624,Chloral Hydrate
3625,Chloral Hydrate Bp
3626,Chlorambucil
3627,Chloramphenicol Sodium Succinate
3628,"Dexamethasone Sodium Phosphate, Chloramphenicol"
3629,"Chlorhexidine Gluconate, Isopropyl Alcohol Ph. Eur."
3630,Chlorquinaldol
3631,"Hydrocortisone Acetate, Chlorquinaldol"
3632,Chlorocresol
3633,Chlordiazepoxide Hydrochloride Bp
3634,Chlordiazepoxide Hydrochloride
3635,Chlordiazepoxide Hydrochloride Ph. Eur.
3636,Strontium (89sr) Chloride
3637,Chlorhexidine Digluconate Solution
3638,Chlorhexidine Digluconate (20% Solution)
3639,"Cetrimide, Chlorhexidine Acetate"
3640,Chlorhexidine Acetate
3641,"Ethanol, Chlorhexidine Digluconate (20% Solution)"
3642,"Isopropyl Alcohol, Chlorhexidine Digluconate (20% Solution)"
3643,"Chlorhexidine Gluconate, Chlorobutanol Hemihydrate"
3644,"Chlorhexidine Digluconate Solution, Chlorobutanol Hemihydrate"
3645,"Chlorobutanol, Chlorobutanol Hemihydrate"
3646,"Chlorhexidine, Lidocaine"
3647,Procaine Hydrochloride
3648,Sevelamer Hydrochloride
3649,Heptaminol Hydrochloride
3650,Chlormadinone Acetate
3651,Chlorpromazine
3652,Proguanil Hydrochloride
3653,Chlorprothixene Hydrochloride
3654,Calcium Chloride Hexahydrate
3655,Magnesium Chloride Hexahydrate
3656,Methacholine Chloride
3657,"Potassium Chloride, Glucose"
3658,"Potassium Chloride, Sodium Chloride"
3659,Thallium (201tl) Chloride
3660,Indium (111in) Chloride
3661,Chloroxylenol
3662,"Lycopodium Clavatum Dil D1, Nux Vomica Dil D2, Quassia Amara Dil D1, Veronicastrum Virginicum Mother Tincture"
3663,"Eucalyptus Extract, Frangula Extract, Magnesium Salicylate, Peppermint Extract, Curcumin Wd Powder"
3664,"Cholesterolum Dil D2, Silybum Marianum Dil. D1, Chelidonium Majus D4, Taraxacum Officinale D2, Solidago Virgaurea Urtinktur"
3665,"Cholesterolum Dil D2, Silybum Marianum Dil. D1, Chelidonium Majus Dil. D4, Taraxacum Officinale Dil. D2, Solidago Virgaurea Urtinktur"
3666,"Cholesterolum D4, Citrullus Colocynthis D4, Berberis Vulgaris D3, Silybum Marianum D2, Taraxacum Officinale D2"
3667,Choline Theophyllinate
3668,"Chelidonium Majus Radix D3, Curcuma Zanthorrhiza Rhizoma D1"
3669,"Chelidonium Ø, Curcuma Xanthorrhiza, Rhizoma, Ethanol. Decoctum Ø"
3670,Colesevelam Hydrochloride
3671,Colestyramine
3672,"Chelidonium Ø, Silybum Marianum Mother Tincture, Matricaria Recutita Mother Tincture"
3673,"Silybum Marianum Dil. D 3, Lycopodium Clavatum Dil D 3, Chelidonium Majus Dil.D2, Natrium Sulfuricum Dil D5"
3674,Trepibutone
3675,"Fenofibrate, Simvastatin"
3676,"Belladonna Tincture, Valerian Tincture, Turmeric Tincture, Taraxaci Succus, Artichoke Tincture, Menthae Piperitae Tinctura"
3677,"Silybum Marianum Dil. D2, Quassia Amara Dil. D2, Taraxacum Dil. D2, Chelidonium Dil. D6, Juglans Cinerea Dil. D4, Lycopodium Dil. D4"
3678,Fluorocholine (18f)
3679,Fluorocholine (18f) Chloride
3680,Chondroitin Sulfate
3681,"Dry Extract Of Artichoke Leaf (Der: 15-30:1), Extraction Solvent: Water"
3682,Human Chorionic Gonadotropin
3683,Tizanidine Hydrochloride
3684,Chrysanthemum Pollen
3685,"Chrysolith Dil. D30, Terebinthina Laricina Dil. D30, Retina Et Chorioidea Bovis Dil. D30"
3686,Magnesium Oxide
3687,Cyamemazine
3688,Zuclopenthixol Hydrochloride
3689,Zuclopenthixol Acetate
3690,Zuclopenthixol Decanoate
3691,Abrocitinib
3692,"Thiamine Hydrochloride, Ascorbic Acid, Nicotinamide, Riboflavin, Glucose, Pyridoxine Hydrochloride"
3693,"Calendula Officinalis Fresh Plant, Hypericum Perforatum Fresh Plant, Achillea Millefolium Fresh Plant, Ledum Palustre Mother Tincture"
3694,"Calendula Officinalis Fresh Plant, Hypericum Perforatum Fresh Plant, Achillea Millefolium Fresh Plant, Pulsatilla Mother Tincture, Ledum Palustre Mother Tincture"
3695,Sulfadiazine Silver
3696,"Cichorium Intybus Var. Sativum Stanno Cultum, Planta Tota Dil. D3"
3697,Cichorium Stanno Cultum Rh Dil. D3
3698,"Cichorium Intybus E Planta Tota Ferm 33c Dil. D3 (Hab, Vs. 33c), Stibium Metallicum Dil. D5, Pancreas Suis Gl Dil. D4 (Hab, Vs. 41a)"
3699,"Cichorium Intybus E Planta Tota Ferm 33c Dil. D3 (Hab, Vs. 33c), Stibium Metallicum Dil. D5, Pancreas Suis Gl Dil. D7 (Hab, Vs. 41a)"
3700,Cicletanine Hydrochloride
3701,Cyclophosphamide
3702,Cyclophosphamide Monohydrate
3703,Cyclopentolate Hydrochloride
3704,Cycloserine
3705,Gentamicin Sulfate
3706,"Neomycin Sulfate, Triamcinolone Acetonide"
3707,Macitentan
3708,Cinitapride Tartrate
3709,Cidofovir
3710,Anhydrous Cidofovir
3711,Cidofovir Dihydrate
3712,Pilocarpine Hydrochloride
3713,Ciprofloxacin Hydrated
3714,"Ciprofloxacin, Hydrocortisone"
3715,Citicoline
3716,Cilazapril Monohydrate
3717,"Cilazapril, Hydrochlorothiazide"
3718,Troxerutin
3719,"Dexamethasone, Ciprofloxacin"
3720,"Cilastatin Sodium, Imipenem"
3721,Domperidone
3722,Cimetidine
3723,Cimetidine Usp
3724,Cimetidine Ph. Eur.
3725,"Bryophyllum Dil. D1, Cimicifuga Racemosa, Ethanol. Decoctum Dil. D5, Leonurus Cardiaca 3b Dil. D2, Onopordum Acanthium, Flos Rec., Ethanol. Digestio 1:3,1 Cum 1 % Hyoscyamus Ø, Primula Veris, Flos Rec., Ethanol. Digestio 1:3,1 Cum 1 % Hyoscyamus Ø"
3726,Cimicifuga Rhizome Dry Extract
3727,"Cimicifuga Racemosa Dil. D 2, Strontium Carbonicum Dil. D200, Strontium Carbonicum Dil. D30, Strontium Carbonicum Dil. D8, Cimicifuga Racemosa Dil. D30, Cimicifuga Racemosa Dil. D10, Cimicifuga Racemosa Dil. D200"
3728,"Strontium Carbonicum Dil. D200, Strontium Carbonicum Dil. D30, Strontium Carbonicum Dil. D8, Cimicifuga Racemosa Dil. D30, Cimicifuga Racemosa Dil. D10, Cimicifuga Racemosa Dil. D200, Cimicifuga Racemosa Dil. D4"
3729,"St. John's Wort Dry Extract (3.5-6.0:1), Extraction Solvent: Ethanol 60% (M/M), Dry Extract From Black Cohosh (4,5-8,5:1), Extraction Solvent: Ethanol 60% V/V"
3730,"Dry Extract From Cimicifugae Rhizoma (6-11 : 1), Extraction Solvent: Isopropyl Alcohol 40 % (V/V)"
3731,Certolizumab Pegol
3732,Cinacalcet Hydrochloride
3733,Cinnarizine
3734,Cinchocaine Hydrochloride
3735,Oxitriptan
3736,"Cineraria Maritima, Herba Dil. D3"
3737,"Dry Extract Of Hedera Helix Folium (4-8:1), Extracting Solvent: Ethanol 30 % (V/V)"
3738,Cloperastine Fendizoate
3739,"Hydrargyrum Sulfuratum Rubrum Trit. D3, Hydrastis Trit. D3, Kalium Bichromicum Trit. D3, Echinacea Trit. D1"
3740,"Hydrargyrum Sulfuratum Rubrum D3, Hydrastis D3, Echinacea D1, Kalium Bichromicum D3"
3741,"Achillea Millefolium D10, Achillea Millefolium D200, Achillea Millefolium D30, Achillea Millefolium D4, Cinnamomum Verum D1, Cinnamomum Verum D10, Cinnamomum Verum D200, Cinnamomum Verum D30, Hamamelis Virginiana D10, Hamamelis Virginiana D200, Hamamelis"
3742,"Sulfur Dil. D30, Pulsatilla Pratensis Dil. D12, Calcium Carbonicum Hahnemanni Dil. D30, Sepia Officinalis Dil. D12, Kalium Bichromicum Dil. D12, Hydrargyrum Sulfuratum Rubrum Dil. D12, Mercurius Solubilis Hahnemanni Dil. D30, Acidum Arsenicosum Dil. D12"
3743,Cineole
3744,Reslizumab
3745,Tolterodine L-Tartrate
3746,Minocycline
3747,Escitalopram
3748,Citalopram Hydrobromide
3749,"Ciprofloxacin Hydrochloride, Hydrocortisone"
3750,Ciprofibrate
3751,Ciprofloxacin Lactate
3752,Ciprofloxacin Hydrochloride Ph. Eur.
3753,"Cyproheptadine Hydrochloride, Anhydrous"
3754,"Ciprofloxacin Hydrochloride, Fluocinolone Acetonide"
3755,"Hydrocortisone, Ciprofloxacin Hydrochloride Monohydrate"
3756,"Clove, D-Camphor, Myrobalan, Potentilla Aurea, Calcium Sulfate Hemihydrate, Plantaginis Lanceolatae Folium, Polygoni Avicularis Herba, Saussurea Costus Root, Liquorice Root, Aegle Marmelos Fruit, Aquilegia Vulgaris, Pterocarpus Santalinus Wood, Elettaria"
3757,"Acidum Arsenicosum D10, Acidum Arsenicosum D200, Acidum Arsenicosum D30, Argentum Metallicum D10, Argentum Metallicum D200, Argentum Metallicum D30, Barium Iodatum D10, Barium Iodatum D200, Barium Iodatum D30, Calcium Carbonicum Hahnemanni D10, Calcium Ca"
3758,"Pseudoephedrine Hydrochloride, Cetirizine Dihydrochloride"
3759,Cisatracurium Besilate
3760,Cisatracurium
3761,Sodium Fluoride (18f)
3762,Cisplatin
3763,Cissus-Ossa Dil. D6 Aquos.
3764,"Flavoxate, Propyphenazone"
3765,L-Cystine
3766,"Prilocaine Hydrochloride, Felypressin"
3767,Anhydrous Calcium Folinate
3768,"Thiamine Disulfide, Cyanocobalamin, Pyridoxine Hydrochloride"
3769,"Potassium Chloride, Sodium Chloride, Sodium Phosphate, Calcium Lactate, Glucose Monohydrate, Magnesium Sulfate, Citric Acid, Sodium Citrate Anhydrous"
3770,Ganciclovir Sodium
3771,"Sodium Picosulfate, Magnesium Oxide, Light, Citric Acid"
3772,Citral
3773,"Heavy Magnesium Carbonate Bp, Citric Acid Bp"
3774,"Magnesium Chloride Hexahydrate, Potassium Chloride, Sodium Chloride, Calcium Chloride Dihydrate, Glucose Monohydrate, Sodium Lactate (As 50% Solution)"
3775,"Magnesium Chloride Hexahydrate, Potassium Chloride, Sodium Chloride, Glucose, Sodium Citrate Dihydrate"
3776,"Magnesium Chloride Hexahydrate, Potassium Chloride, Sodium Chloride, Glucose, Trisodium Citrate Dihydrate"
3777,Yttrium (90y) Citrate
3778,Betaine Citrate Monohydrate
3779,Gallium (67ga) Citrate
3780,Erbium (Er169) Citrate
3781,"Sodium Citrate, Monosodium Citrate"
3782,Erbium (Er169) Citrate Colloidal
3783,"Magnesium Carbonate, Magnesium Oxide"
3784,Pantoprazole Sodium
3785,Catalase
3786,"Gentamicin, Catalase"
3787,Calcium Citrate
3788,"Colecalciferol, Calcium Citrate"
3789,"Cetrimide, Lidocaine Hydrochloride"
3790,"Sodium Citrate Dihydrate, Potassium Citrate Monohydrate, Citric Acid Monohydrate"
3791,Melissa Officinalis L. Folium
3792,Citronellol
3793,"Citrus Medica Ssp. Limonum E Fructibus Ferm 33c Dil. D1 (Hab, Vs. 33c), Cydonia Oblonga E Fructibus Ferm 33b Dil. D1 (Hab, Vs. 33b)"
3794,"Limonis Aetheroleum 10% (Hab, Vs. 12h Mit Nativem Olivenöl)"
3795,"Lactic Acid Ph. Eur., Salicylic Acid Ph. Eur."
3796,Diflucortolone Valerate
3797,Naftidrofuryl Oxalate
3798,Heparan Sulphate
3799,"Loratadine, Pseudoephedrine Sulphate"
3800,Clarithromycin Ph. Eur.
3801,Clarithromycin Lactobionate
3802,Clarithromycin Citrate
3803,Piribedil
3804,Pirenoxine
3805,Raloxifene Hydrochloride
3806,Clodronate Disodium
3807,Clodronate Disodium Tetrahydrate
3808,"Lidocaine Hydrochloride Monohydrate, Clodronate Disodium"
3809,"Mandragora E Radice Spag. Peka D6, Nicotiana Tabacum Dil D6, Cuprum Aceticum Dil. D4, Plumbum Aceticum Dil. D6, Arnica Montana Spag. Peka Dil. D4, Ruta Graveolens Spag. Peka Dil. D4, Melilotus Officinalis Spag. Peka Dil. D4, Aranea Diadema Dil. D9"
3810,"Potassium Clavulanate, Ticarcillin Sodium"
3811,"Acetic Acid, Glacial, Salicylic Acid"
3812,Gliclazide
3813,"Anhydrous Caffeine, Paracetamol Dc, Paracetamol Ph. Eur."
3814,"Anhydrous Caffeine, Paracetamol Dc, Paracetamol Ph. Eur., Codeine Phosphate Ph.Eur."
3815,Clebopride Hydrogen Maleate
3816,"Sodium Dihydrogen Phosphate Dihydrate, Disodium Phosphate"
3817,Clemastine
3818,Clemastine Fumarate
3819,"Ambroxol Hydrochloride, Clenbuterol Hydrochloride"
3820,Iopamidol
3821,"Beclometasone Dipropionate, Salbutamol Sulfate"
3822,"Salbutamol Sulfate, Beclometasone Dipropionate Anhydrous"
3823,"Simeticone, Potassium Chloride, Sodium Chloride, Citric Acid Anhydrous, Sodium Sulfate Anhydrous, Sodium Citrate Dihydrate, Macrogol 4000"
3824,"Simeticone, Potassium Chloride, Sodium Chloride, Sodium Citrate, Citric Acid Anhydrous, Macrogol 4000, Sodium Sulphate"
3825,"Simeticone, Potassium Chloride, Sodium Chloride, Sodium Citrate, Citric Acid Anhydrous, Sodium Sulfate Anhydrous, Macrogol 4000"
3826,"Simeticone, Potassium Chloride, Sodium Chloride, Sodium Citrate, Sodium Sulfate Anhydrous, Macrogol 4000, Citric Acid"
3827,"Simeticone, Potassium Chloride, Sodium Chloride, Sodium Sulfate Anhydrous, Sodium Citrate Dihydrate, Macrogol 4000, Citric Acid"
3828,Clindamycin Phosphate
3829,Clevidipine
3830,"Dydrogesterone, Estradiol"
3831,"Tincture From Hamamelis Leaf And Bark (Der 1:10), Extraction Solvent: 65% V/V, Tincture From Viburnum Bark (Der 1:10), Extraction Solvent: 65% V/V, Tincture From Melilot (Der 1:10), Extraction Solvent: 65% V/V, Tincture From Butcher's Broom (Der 1:10), Ex"
3832,"Cyproterone Acetate, Estradiol Valerate"
3833,"Dry Extract From Black Cohosh Rhizome, Equivalent To 29.25 Mg 55.25 Mg Of Black Cohosh Rhizome Extraction Solvent: Ethanol 60% (V/V)"
3834,"Cinnarizine, Dihydroergocristine Mesilate"
3835,"Arnica Montana C9, Apis Mellifica C15, Hypericum Perforatum C15"
3836,Clindamycin Palmitate Hydrochloride
3837,Clindamycin Hydrochloride Monohydrate
3838,"Dipotassium Phosphate, Glycine, Magnesium Chloride Hexahydrate, Sodium Chloride, Calcium Chloride Dihydrate, L-Lysine Hydrochloride, Glucose Monohydrate, Sodium Acetate Trihydrate, L-Tryptophan, L-Arginine, L-Histidine, L-Isoleucine, L-Leucine, L-Methioni"
3839,"Glycine, L-Lysine Hydrochloride, Glucose Monohydrate, L-Tryptophan, L-Arginine, L-Histidine, L-Isoleucine, L-Leucine, L-Methionine, L-Proline, L-Serine, L-Threonine, L-Tyrosine, L-Valine, L-Phenylalanine, L-Alanine"
3840,"Valine, Alanine, Arginine, Histidine, Isoleucine, Leucine, Methionine, Phenylalanine, Proline, Serine, Threonine, Tyrosine, Glycine, Tryptophan, Glucose Monohydrate, Lysine Hydrochloride"
3841,"Valine, Alanine, Arginine, Histidine, Isoleucine, Leucine, Methionine, Phenylalanine, Proline, Serine, Threonine, Tyrosine, Dipotassium Phosphate, Glycine, Tryptophan, Magnesium Chloride Hexahydrate, Sodium Chloride, Calcium Chloride Dihydrate, Glucose Mo"
3842,"Calcium Chloride Dihydrate, Glucose Monohydrate"
3843,"Dipotassium Phosphate, Glycine, Magnesium Chloride Hexahydrate, Sodium Chloride, L-Lysine Hydrochloride, Sodium Acetate Trihydrate, L-Tryptophan, L-Arginine, L-Histidine, L-Isoleucine, L-Leucine, L-Methionine, L-Proline, L-Serine, L-Threonine, L-Tyrosine,"
3844,"Calcium Chloride, Glucose Monohydrate"
3845,"Dipotassium Phosphate, Glycine, Magnesium Chloride Hexahydrate, Sodium Acetate, Sodium Chloride, L-Lysine Hydrochloride, L-Tryptophan, L-Arginine, L-Histidine, L-Isoleucine, L-Leucine, L-Methionine, L-Proline, L-Serine, L-Threonine, L-Tyrosine, L-Valine,"
3846,"Valine, Alanine, Arginine, Histidine, Isoleucine, Leucine, Methionine, Phenylalanine, Proline, Serine, Threonine, Tyrosine, Calcium Chloride, Dipotassium Phosphate, Glycine, Tryptophan, Magnesium Chloride Hexahydrate, Sodium Acetate, Sodium Chloride, Gluc"
3847,"Olive Oil, Refined, Soya-Bean Oil Refined"
3848,"Glucose, Anhydrous, Glycine, Potassium Dihydrogen Phosphate, Sodium Acetate, Sodium Chloride, Calcium Chloride Dihydrate, Soya Oil, L-Tryptophan, L-Arginine, L-Histidine, Magnesium Chloride, L-Isoleucine, L-Leucine, L-Methionine, L-Proline, L-Serine, L-Th"
3849,"Glycerol, Glucose, Anhydrous, Glycine, Potassium Dihydrogen Phosphate, Sodium Acetate, Sodium Chloride, Calcium Chloride Dihydrate, Sodium Oleate, Soya Oil, L-Tryptophan, L-Arginine, L-Histidine, Magnesium Chloride, L-Isoleucine, L-Leucine, L-Methionine,"
3850,Clioquinol
3851,"Norethisterone Acetate, Estradiol Valerate"
3852,"Ibuprofen, Levomenthol"
3853,"Disodium Phosphate, Sodium Dihydrogen Phosphate Anhydrous"
3854,"Sodium Lauryl Sulfoacetate, Sodium Citrate Dihydrate"
3855,"Dexamethasone Sodium Phosphate, Clotrimazole"
3856,Isradipine
3857,Clobetasone Butyrate
3858,Clobetasol Propionate Ph.Eur.
3859,"Clobetasol Propionate, Neomycin Sulfate, Nystatin"
3860,"Clodronate Disodium, Lidocaine Hydrochloride"
3861,"Tetanus Toxoid Adsorbed On Aluminium Hydroxide, Hydrated, Diphtheria Toxoid Adsorbed On Aluminium Hydroxide, Hydrated, Algeldrate"
3862,"Betamethasone, Clotrimazole"
3863,Clofarabine
3864,Levocloperastine Fendizoate
3865,Clomethiazole
3866,Clomethiazole Edisilate
3867,Clomifene Citrate
3868,Tosylchloramide Sodium
3869,Clonixin
3870,Clopidogrel Besilate
3871,Clopidogrel Hydrochloride
3872,"Clopidogrel Hydrogen Sulfate, Acetylsalicylic Acid"
3873,L-Chloramphenicol
3874,Dipotassium Clorazepate
3875,"Potassium Chloride, Sodium Chloride, Glucose"
3876,"Chlorhexidine Gluconate, Ethanol (96 Per Cent)"
3877,Dopamine Hydrochloride
3878,Lithium Chloride
3879,Chlorzoxazone
3880,Tolfenamic Acid
3881,Clotrimazole Ph. Eur.
3882,"Clotrimazole, Zinc Oxide"
3883,Human Fibrinogen
3884,Clove Oil
3885,Cloxacillin Sodium
3886,Cloxacillin Sodium Monohydrate
3887,Cloxazolam
3888,Clotiazepam
3889,"Allergen Extract From Phleum Pratense Pollen, Glutaraldehyde-Modified"
3890,"Allergen Extract From Phleum Pratense Pollen, Glutaraldehyde-Modified, Festuca Pratensis Pollen Allergoid, Glutaraldehyde-Modified, Holcus Lanatus Pollen Allergoid, Glutaraldehyde-Modified, Allergen Extract From Poa Pratensis Pollen, Glutaraldehyde-Modifi"
3891,"Alnus Glutinosa Pollen Polymerized Extract, Corylus Avellana Pollen Polymerized Extract, Betula Pendula Pollen Polymerized Extract"
3892,Betula Pendula Pollen Polymerized Extract
3893,"Dermatophagoides Farinae Allergoid, Glutaraldehyde-Modified, Dermatophagoides Pteronyssinus Allergoid, Glutaraldehyde-Modified"
3894,Human Coagulation Factor Xiii
3895,"Docusate Sodium, Sorbitol (E420)"
3896,"Milk Thistle Dry Extract, Extraction Solvent: Acetone 95 % (V/V)"
3897,"Hydrochlorothiazide, Irbesartan"
3898,Human Coagulation Factor X
3899,"Amiloride Hydrochloride Ph. Eur., Furosemide Ph. Eur."
3900,"Amiloride Hydrochloride, Furosemide"
3901,"Amiloride Hydrochloride Ph. Eur., Hydrochlorothiazide Ep"
3902,"Indapamide, Perindopril Tosilate"
3903,Cocaine Hydrochloride Ph.Eur
3904,Cocamidopropyl Betaine
3905,Methyldopa Bp
3906,"Cobamamide, Levocarnitine"
3907,"Strychnos Nux-Vomica C4, Anamirta Cocculus C4, Nicotiana Tabacum C4, Petroleum Rectificatum C4"
3908,"Strychnos Nux-Vomica, Petroleum, Nicotiana Tabacum, Cocculus Indicus"
3909,"Petroleum Rectificatum D10, Petroleum Rectificatum D200, Petroleum Rectificatum D30, Anamirta Cocculus D10, Anamirta Cocculus D200, Anamirta Cocculus D30, Anamirta Cocculus D4, Petroleum Rectificatum D6"
3910,Ethylmorphine Hydrochloride Dihydrate
3911,Ethylmorphine Hydrochloride
3912,"Codeine Phosphate Bp, Paracetamol Ph. Eur."
3913,"Paracetamol Bp, Codeine Phosphate Bp"
3914,"Paracetamol Dc, Paracetamol Ph. Eur., Codeine Phosphate Ph.Eur."
3915,"Paracetamol, Caffeine, Codeine Phosphate"
3916,"Acetylsalicylic Acid, Codeine Phosphate"
3917,"Coal Tar Solution, Salicylic Acid, Sulfur"
3918,"Coal Tar Solution Bp, Salicylic Acid Ph. Eur., Precipitated Sulphur"
3919,"Anamirta Cocculus D4, Argentum Nitricum D6, Conium Maculatum D6"
3920,"Carbo Vegetabilis C5, Cuprum Metallicum C5, Citrullus Colocynthis C9"
3921,"Paracetamol, Codeine Phosphate Hemihydrate, Anhydrous Caffeine"
3922,"Dihydrocodeine Tartrate, Paracetamol"
3923,"Docusate Sodium, Dantron"
3924,"Dantron, Poloxamer 188"
3925,Naloxone Hydrochloride
3926,Codeine Phosphate Bp
3927,Codeine
3928,Codeine Phosphate Ph.Eur.
3929,"Aqueous Extract Of Dry Maltodextrin Erysimum, Codeine"
3930,"Codeine Hydrochloride Dihydrate, Ephedrine Hydrochloride"
3931,"Liquid Extract Of The Guarea Rusbyi Bark (2:1), Extraction Solvent: Ethanol-Water Mixture 40% (V/V)"
3932,Saccharomyces Boulardii Lyophilised
3933,Codeine Monohydrate
3934,Dihydrocodeine Tartrate
3935,"Carvedilol, Hydrochlorothiazide"
3936,"Codeine Phosphate Hemihydrate, Ephedrine Hydrochloride, Potassium Sulfoguayacolate"
3937,"Codeine-Poly(Styrene-Divinylbenzene)-Sulfonate, Phenyltoloxamine-Poly(Styrene-Divinylbenzene)-Sulfonate"
3938,"Acetylsalicylic Acid Ph. Eur., Codeine Phosphate Ph.Eur."
3939,"Paracetamol Bp, Dihydrocodeine Tartrate Bp"
3940,"Paracetamol, Dihydrocodeine Tartrate Bp"
3941,"Acidum Alpha-Ketoglutaricum D8, Acidum Ascorbicum D6, Acidum Cis-Aconiticum D8, Acidum Citricum D8, Acidum Fumaricum D8, Acidum Malicum D8, Acidum Succinicum D8, Acidum Thiocticum D6, Cerium Oxalicum D8, Coenzym A D8, Cysteinum D6, Barium Oxalsuccinicum D"
3942,"Magnesium Oroticum D6, Beta Vulgaris Rubra D6, Magnesium Phosphoricum Trit. D6, Pulsatilla Pratensis Dil. D6, Acidum Alpha-Ketoglutaricum D8, Acidum Ascorbicum D6, Acidum Cis-Aconiticum D8, Acidum Citricum D8, Acidum Fumaricum D8, Acidum Malicum D8, Acidu"
3943,"Ergotamine Tartrate, Anhydrous Caffeine"
3944,"Ampicillin Trihydrate, Flucloxacillin Sodium"
3945,"Ampicillin, Flucloxacillin"
3946,Pholcodine Monohydrate
3947,"Anamirta Cocculus Trit. D6, Conium Maculatum Trit. D6, Kalium Bromatum Trit. D6, Kalium Phosphoricum Trit. D5, Zincum Phosphoricum Trit. D6"
3948,Perindopril Tert-Butylamine
3949,"Viscum Album Spag. Peka Ø, Melilotus Officinalis Spag. Peka Ø, Magnesium Chloratum Dil D6, Iberis Amara Dil. D4, Sumbul Dil. D6, Aurum Chloratum Dil. D6, Barium Carbonicum Dil. D8, Anamirta Cocculus Dil. D4"
3950,Famciclovir
3951,"Equisetum Arvense Flowering Top, Cryoground"
3952,"Chloramphenicol, Colistimethate Sodium, Rolitetracycline"
3953,"Chloramphenicol, Colistimethate Sodium, Tetracycline"
3954,"Tetracycline Hydrochloride, Chloramphenicol, Colistimethate Sodium"
3955,Colchicine
3956,"Arsenicum Album Dil. D6, Chelidonium Majus Dil. D3, Colchicum Autumnale, Ethanol. Digestio Dil. D3, Glandula Thyreoidea Bovis Dil. D10, Euspongia Officinalis Dil. D10, Vespa Crabro Ex Anim. Tot. Dil. D6"
3957,"Chelidonium Majus E Floribus Ferm 34b Ø (Hab, Vs. 34b), Colchicum Autumnale E Planta Tota Ferm 34c Ø (Hab, Vs. 34c)"
3958,"Colchicum Autumnale E Planta Tota Ferm 34c Dil. D2 (Hab, Vs. 34c), Chelidonium Majus E Floribus Ferm 34b Dil. D2 (Hab, Vs. 34b)"
3959,"Calcium Carbonicum Hahnemanni Dil D6, Arnica Montana Dil. D 2, Equisetum Arvense (Hab 34) Urt., Symphytum Officinale Dil. D 6, Gelsemium Sempervirens Dil. D 3, Urtica Urens Ø, Colchicum Autumnale Dil. D3, Alchemilla Vulgaris Ø, Ilex Aquifolium E Foliis Re"
3960,"Conium Maculatum Dil. D 4, Galium Aparine Dil. D4, Podophyllum Peltatum D4, Colchicum Autumnale Dil. D6, Hydrastis Canadensis Dil. D4"
3961,"Colchicum, Tuber Rh Dil. D3"
3962,Standardised Meadow Saffron Dry Extract
3963,"Colchicine, Dicycloverine Hydrochloride"
3964,"Colchicine, Tiemonium Methylsulphate, Opium, Prepared"
3965,"Autumn Crocus Fresh Flower Fluid Extract (1:15-25), Extraction Solvent Ethanol 96% (V/V)"
3966,"Pseudoephedrine Hydrochloride Bp, Ibuprofen Bp"
3967,"Apis Mellifica Dil. D 2, Thuja Occidentalis Dil D1, Eupatorium Perfoliatum Dil. D1, Bryonia Dil. D1, Lachesis Dil. D8, Echinacea Purpurea Mother Tincture"
3968,"Gelsemium Sempervirens Dil. D 6, Allium Cepa D6, Drosera D6"
3969,"Phenylephrine Hydrochloride, Paracetamol, Caffeine Citrate"
3970,Docosanol
3971,Naphazoline
3972,"Ephedrine Laevulinate, Calcium Laevulinate, Silver Protein, Sodium Laevulinate"
3973,"Ephedrine Laevulinate, Silver Protein"
3974,"Retinol Palmitate, Dl-Alpha Tocopherol Acetate, Vitamin A Concentrate (Oily Form), Synthetic"
3975,"Retinol Palmitate, Tocopheryl Acetate"
3976,"Diphenhydramine Hydrochloride, Naphazoline Hydrochloride"
3977,"Retinol Palmitate, Alphatocopherol Acetate"
3978,"Ascorbic Acid, Terpin Hydrate, Phenylephrine Hydrochloride Ph. Eur., Caffeine Ph. Eur., Paracetamol Ph. Eur."
3979,"Phenylephrine Hydrochloride, Ascorbic Acid, Paracetamol, Caffeine, Terpin Hydrate"
3980,"Phenylephrine Hydrochloride, Paracetamol, Caffeine, Terpin Hydrate, Ascorbic Acid (Ethylcellulose Coated)"
3981,"Ascorbic Acid, Paracetamol, Phenylephrine"
3982,"Chlorphenamine Maleate, Pseudoephedrine Hydrochloride, Paracetamol"
3983,"Chlorphenamine Maleate, Phenylephrine Hydrochloride, Paracetamol, Caffeine"
3984,"Bromhexine Hydrochloride, Ephedrine Hydrochloride"
3985,"Methenamine, Sodium Salicylate, Fel Tauri"
3986,Colecalciferol Concentrate (Oily Form)
3987,Lovastatin
3988,"Disodium Phosphate, Sodium Dihydrogen Phosphate"
3989,Rifaximin
3990,Hydrocortisone Acetate
3991,Smectite
3992,Escherichia Coli
3993,"Lycopodium Dil. D4, Citrullus Colocynthis Dil. D4, Nux Vomica Dil. D6, Sulfur Dil. D12"
3994,"Lycopodium Clavatum D 4, Bryonia Cretica D4, Aluminium Oxydatum D12, Strychnos Nux-Vomica D6"
3995,"Dexamethasone Sodium Phosphate, Gentamicin Sulfate, Tetryzoline Hydrochloride"
3996,"Dexamethasone Sodium Phosphate, Gentamicin, Tetryzoline Hydrochloride"
3997,"Sodium Hydrogen Carbonate, Potassium Chloride, Sodium Chloride, Sodium Sulfate Anhydrous, Macrogol 4000"
3998,Tropicamide
3999,"Naphazoline Hydrochloride, Tetracaine Hydrochloride"
4000,"Oxybuprocaine Hydrochloride, Tetracaine Hydrochloride"
4001,"Oxybuprocaine Hydrochloride, Fluorescein Sodium"
4002,Colistimethate
4003,Colistin Mesilate Sodium
4004,"Naphazoline Nitrate, Thonzylamine Hydrochloride"
4005,Naphazoline Nitrate
4006,"Naphazoline Nitrate, Methylthioninium Hydroxide"
4007,"Hydrargyrum Bichloratum Dil D8, Lachesis Dil. D30, Plumbum Aceticum Dil. D12, Aluminium Oxydatum Dil. D12, Bryonia Dil. D4, Citrullus Colocynthis Dil. D4, Nux Vomica Dil. D6, Sulfur Dil. D12, Lycopodium Dil. D6"
4008,"Citrullus Colocynthis D10, Citrullus Colocynthis D200, Citrullus Colocynthis D30, Citrullus Colocynthis D4, Pseudognaphalium Obtusifolium D10, Pseudognaphalium Obtusifolium D200, Pseudognaphalium Obtusifolium D3, Pseudognaphalium Obtusifolium D30"
4009,"Colocynthis D 30, Colocynthis D2, Colocynthis D10, Colocynthis D200, Pseudognaphalium Obtusifolium D1, Pseudognaphalium Obtusifolium D10, Pseudognaphalium Obtusifolium D200, Pseudognaphalium Obtusifolium D30"
4010,"Gnaphalium Polycephalum (Hab 34) D200, Gnaphalium Polycephalum D30, Gnaphalium Polycephalum D10, Citrullus Colocynthis D10, Citrullus Colocynthis D2, Citrullus Colocynthis D200, Citrullus Colocynthis D30, Pseudognaphalium Obtusifolium D1"
4011,"Colon Suis Gl Dil. D5 (Hab, Vs. 41c)"
4012,"Colon Suis D10, Colon Suis D200, Colon Suis D30"
4013,"Sodium Hydrogen Carbonate, Potassium Chloride, Sodium Chloride, Sodium Sulfate Anhydrous, Macrogol 3350"
4014,Colophony
4015,P-Phenylenediamine
4016,Trimebutine Maleate
4017,Promestriene
4018,Medrogestone
4019,Thiocolchicoside
4020,Glofitamab
4021,Pyrantel Embonate
4022,"Amlodipine, Hydrochlorothiazide, Irbesartan"
4023,"Glycopyrronium Bromide, Neostigmine Methylsulfate"
4024,"Zidovudine, Lamivudine"
4025,"Arnica Montana Ex Planta Tota Ø, Urtica Urens, Herba Rec. Ø"
4026,"Arnica Montana, Planta Tota Rec., Ethanol. Extr. 1:1,1, Urtica Urens, Herba Rec. Ø"
4027,"Arnica, Planta Tota 2b Ø, Urtica Urens, Herba Rec. Ø"
4028,Pentosan Polysulfate Sodium
4029,Bretovameran
4030,Cemivameran
4031,"5'-Capped Mrna Encoding Sars-Cov-2, Variant Lp.8.1, Spike Protein, Pre-Fusion Stabilised (K981p And V982p)"
4032,Morphine Hydrochloride Trihydrate
4033,"Metformin Hydrochloride, Pioglitazone"
4034,"Metformin Hydrochloride, Pioglitazone Hydrochloride"
4035,"Scrophularia Nodosa D4, Phytolacca D 8, Lappa Major D4, Acidum Nitricum D8, Arnica Montana D4, Hydrargyrum Bichloratum D10, Sulfur D4, Echinacea Angustifolia D 4"
4036,"Melissa Leaf Soft Extract (2.3-3.0:1), Extraction Solvent: Water"
4037,"Benzoin, Storax, Aloe"
4038,"Dried Aluminium Hydroxide Bp, Magnesium Trisilicate Bp"
4039,Podophyllum Resin
4040,"Potassium Chloride, Sodium Chloride, Calcium Chloride Dihydrate, Sodium Lactate"
4041,"Potassium Chloride, Sodium Chloride, Calcium Chloride Dihydrate, Glucose, Sodium Lactate"
4042,"Glycerol, Thymol"
4043,Entacapone
4044,Lincomycin
4045,Bazedoxifene
4046,"Dexpanthenol, Ergocalciferol Bp, Nicotinamide Bp, Sodium Ascorbate Usp, Riboflavin Sodium Phosphate Bp, Vitamin A Bp, Ascorbic Acid Bp, Thiamine Hydrochloride Bp, Pyridoxine Hydrochloride Bp"
4047,"Ergocalciferol Bp, Nicotinamide Bp, Riboflavin Bp, All-Rac-Alpha-Tocopheryl Acetate Bp, Calcium Pantothenate Bp, Thiamine Nitrate Bp, Vitamin A Bp, Ascorbic Acid Bp, Pyridoxine Hydrochloride Bp"
4048,"Amanita Muscaria E Planta Tota Ferm 33b Dil. D6 (Hab, Vs. 33b), Argentum Metallicum Dil. D4, Conchae Dil. D4, Dryopteris Filix-Mas E Radice Ferm 33c Dil. D2 (Hab, Vs. 33c), Phyllitis Scolopendrium E Foliis Ferm 34h Dil. D2 (Hab, Vs. 34h), Pteridium Aquili"
4049,"Amanita Muscaria E Planta Tota Ferm 33b Dil. D6 (Hab, Vs. 33b), Argentum Metallicum Trit. D4, Conchae Trit. D4, Dryopteris Filix-Mas E Radice Ferm 33c Dil. D2 (Hab, Vs. 33c), Phyllitis Scolopendrium E Foliis Ferm 34h Dil. D2 (Hab, Vs. 34h), Pteridium Aqui"
4050,Conchae
4051,Dermatan Sulfate
4052,Podophyllotoxin
4053,"Selenicereus Grandiflorus Ø, Spigelia Anthelmia Dil. D2, Convallaria Majalis Dil. D4, Urginea Maritima Dil. D4, Crataegus Mother Tincture"
4054,"Conium Maculatum D12, Conium Maculatum D200, Conium Maculatum D30"
4055,Estrogens Conjugated
4056,"Medroxyprogesterone Acetate, Estrogens Conjugated"
4057,"Argentum Metallicum Dil. D29 Aquos., Atropa Belladonna Ex Herba Ferm 33a Dil. D14 (Hab, Vs. 33a), Conjunctiva Bovis Gl Dil. D16 (Hab, Vs. 41b), Echinacea Pallida E Planta Tota Ferm 33c Dil. D2 (Hab, Vs. 33c), Quarz Dil. D19 Aquos."
4058,Norethisterone
4059,"Benzalkonium Chloride, Dimeticone"
4060,Linaclotide
4061,Morphine Sulfate Pentahydrate
4062,"Heparin Sodium, Allantoin, Liquid Extract From Allium Cepa Bulb (0.16:1), Extraction Solvent: Water"
4063,"Heparin Sodium, Methyl Parahydroxybenzoate, Allantoin, Sorbic Acid, Liquid Extract From Allium Cepa Bulb (0.16:1), Extraction Solvent: Water"
4064,"Arsenicum Album Dil. D6, Atropa Belladonna Dil. D4, Eupatorium Perfoliatum Dil. D4, Phosphorus Dil. D6, Kalium Stibyltartaricum Dil. D4, Aconitum Dil. D4"
4065,"Acidum Silicicum Trit. D3, Hepar Sulfuris Trit. D 6, Hydrargyrum Sulfuratum Rubrum Trit. D6, Kalium Chloratum Trit. D4, Echinacea Trit D2, Euspongia Officinalis Trit. D6, Apis Mellifica Trit. D4, Kalium Bichromicum Trit. D6, Lachesis Trit. D10, Atropinum"
4066,"Apis Mellifica Dil. D4, Teucrium Marum Dil. D4, Thryallis Glauca D4, Kalium Bichromicum Dil. D4, Verbascum Densiflorum Dil. D1"
4067,"Teucrium Marum Trit. D4, Apis Mellifica Trit. D4, Verbascum Densiflorum Trit. D2, Kalium Bichromicum Trit. D6, Thryallis Glauca D4"
4068,"Nitroglycerinum Dil. D3, Secale Cornutum Dil. D3, Aconitum Dil. D3, Atropinum Sulfuricum D3, Iris Dil. D3, Gelsemium Dil. D3"
4069,"Atropa Belladonna Mother Tincture, Echinacea Angustifolia Mother Tincture, Eupatorium Perfoliatum Mother Tincture, Aconitum Napellus Mother Tincture"
4070,"Echinacea Angustifolia Mother Tincture, Atropa Belladonna Dil. D4, Aconitum Napellus Dil. D4, Eupatorium Perfoliatum Mother Tincture"
4071,Pralidoxime Metilsulfate
4072,Aloe Ferox
4073,Sodium Fluoride
4074,"Convallaria Majalis D2, Adonis Vernalis D2, Crataegus Mother Tincture"
4075,"Arnica Montana C15, Kalium Phosphoricum C15, Cinchona Pubescens C9, Sulfur Iodatum C9"
4076,"Convallaria Majalis Dil. D 2, Crataegus Mother Tincture"
4077,"Glycerol, Ipecacuanha Liquid Extract, Standardised"
4078,"Cetylpyridinium Chloride, Benzoin Tincture, Capsicum Tincture"
4079,Glatiramer
4080,Zinc Acexamate
4081,"Ezetimibe, Pitavastatin"
4082,Copper (64cu) Oxodotreotide
4083,"Paracetamol, Grindelia Soft Hydroalcoholic Extract, Gelsemium Soft Hydroalcoholic Extract"
4084,"Grindelia Soft Hydroalcoholic Extract, Gelsemium Soft Hydroalcoholic Extract, Niaouli Essential Oil"
4085,"Soft Extract From Grindelia (Der: 4:1), Extraction Solvent: Ethanol 70% (V/V), Soft Extract From Gelsemium (Der: 10:1), Extraction Solvent: Ethanol 60% (V/V)"
4086,"Grindelia Soft Hydroalcoholic Extract, Gelsemium Soft Hydroalcoholic Extract"
4087,"Paracetamol, Soft Extract From Grindelia (Der: 4:1), Extraction Solvent: Ethanol 70% (V/V), Soft Extract From Gelsemium (Der: 10:1), Extraction Solvent: Ethanol 60% (V/V)"
4088,"Urginea Maritima Dil. D 3, Crataegus D3, Acidum Arsenicosum D5, Digitalis Purpurea D3, Strophantus Gratus D3, Phosphorus D5, Kalium Carbonicum D3, Kalmia Latifolia D3, Selenicereus Grandiflorus D2, Spigelia Anthelmia D3"
4089,"Cor Bovis Gl Dil. D4 (Hab, Vs. 41c)"
4090,"Cactus Mother Tincture, Strophanthus Gratus Dil. D2, Aurum Metallicum Dil. D6"
4091,"Apocynum Dil. D3, Cactus Dil. D2, Convallaria Majalis Dil. D3, Laurocerasus Dil. D3, Strophanthus Gratus Dil. D3"
4092,"Strychnos Ignatii Dil. D 6, Arnica Montana Dil. D4, Nitroglycerinum Dil. D4, Kalmia Latifolia Dil. D4, Kalium Carbonicum Dil. D4, Selenicereus Grandiflorus Dil. D30, Spigelia Anthelmia Dil. D10, Crataegus Dil. D6, Carbo Vegetabilis Dil. D18, Ranunculus Bu"
4093,"Cor Suis D10, Cor Suis D200, Cor Suis D30"
4094,"Cor Suis D12, Cor Suis D200, Cor Suis D30, Cor Suis D8"
4095,"Aurum Metallicum Dil. D9, Cor Bovis Gl Dil. D5 (Hab, Vs. 41c)"
4096,"Aurum Metallicum Dil. D9, Cor Bovis Gl Dil. D16 (Hab, Vs. 41c)"
4097,"Strophantus Gratus Dil. D4, Digitalis Purpurea Dil. D2, Crataegus Mother Tincture, Spigelia Anthelmia Dil. D4"
4098,Viscum Album Mother Tincture
4099,"Crataegus D1, Digitalis Purpurea D6, Selenicereus Grandiflorus D2, Strophanthus Gratus D6"
4100,Levosimendan
4101,Nadolol
4102,"Mannitol, Histidine Hydrochloride Monohydrate, Tryptophan, Magnesium Chloride Hexahydrate, Potassium Chloride, Sodium Chloride, Calcium Chloride Dihydrate, L-Histidine, Oxogluric Acid"
4103,"Mannitol, Histidine, Histidine Hydrochloride Monohydrate, Tryptophan, Magnesium Chloride Hexahydrate, Potassium Chloride, Sodium Chloride, Calcium Chloride Dihydrate, Oxogluric Acid"
4104,"Mannitol, Tryptophan, Magnesium Chloride Hexahydrate, Potassium Chloride, Sodium Chloride, Calcium Chloride Dihydrate, L-Histidine, L-Histidine Monohydrochloride Monohydrate, Oxogluric Acid"
4105,Hydrocortisone Sodium Succinate
4106,"Lachesis Dil. D10, Convallaria Majalis Dil. D4, Crataegus Dil. D4, Scilla D4"
4107,"Lachesis Dil. D10, Convallaria Majalis Dil. D4, Urginea Maritima Dil. D4, Crataegus Dil. D4"
4108,Fenoldopam Mesilate
4109,Metyrapone
4110,"Cornea Bovis Gl Dil. D6 (Hab, Vs. 41c), Corpus Vitreum Bovis Gl Dil. D6 (Hab, Vs. 41b), Levisticum Officinale E Radice Ferm 33c Dil. D5 (Hab, Vs. 33c), Lens Cristallina Bovis Gl Dil. D6 (Hab, Vs. 41b), Nervus Opticus Bovis Gl Dil. D5 (Hab, Vs. 41a), Querc"
4111,"Cornea Bovis Gl Dil. D6 (Hab, Vs. 41c), Corpus Vitreum Bovis Gl Dil. D6 (Hab, Vs. 41b), Levisticum Officinale E Radice Ferm 33c Dil. D5 (Hab, Vs. 33c), Lens Cristallina Bovis Gl Dil. D6 (Hab, Vs. 41b), Nervus Opticus Bovis Gl Dil. D5 (Hab, Vs. 41a), Rosae"
4112,Crataegus Mother Tincture
4113,Milrinone Lactate
4114,"Phentolamine Mesilate, Aviptadil"
4115,"Aether Sulfuricus D1, Valeriana Officinalis Ø, Lobelia Inflata Dil. D4, Cactus Dil. D4, Camphora Dil. D2, Ignatia Dil. D4, Crataegus Mother Tincture"
4116,Chlorhexidine Digluconate Solution Pheur
4117,"Ascorbic Acid, Paracetamol, Pseudoephedrine Sulphate"
4118,"Fluocinolone Acetonide, Lidocaine Hydrochloride"
4119,Lenalidomide
4120,Fludrocortisone Acetate
4121,"Diflucortolone Valerate, Josamycin Propionate"
4122,Cortisone
4123,"Hydrocortisone Acetate, Chloramphenicol"
4124,Cortisone Acetate
4125,"Cortisonum Aceticum D12, Cortisonum Aceticum D200, Cortisonum Aceticum D30"
4126,Methylprednisolone Sodium Succinate
4127,Molsidomine
4128,"Phenobarbital, Peppermint Oil, Aethylii Α-Bromisovaleras Stabilisatus"
4129,"Menthol, Camphor, Rosemary Oil, Pine Needle Oil (Pinus Sylvestris)"
4130,Ibutilide Fumarate
4131,"Arnica Ø, Crataegus Mother Tincture, Cactus Mother Tincture, Camphora Dil. D1, Scilla Dil. D3, Strophanthus Gratus Dil. D6, Veratrum Dil. D6"
4132,"Menglytate, Sodium Ascorbate"
4133,Dequalinium Chloride
4134,"Dropropizine, Potassium Guaiacolsulfonate"
4135,"Atropa Bella-Donna C3, Allium Cepa C3, Schoenocaulon Officinale C3, Gelsemium Sempervirens C3, Kalium Bichromicum C3"
4136,"Pulsatilla Pratensis C3, Atropa Bella-Donna C3, Allium Cepa C3, Schoenocaulon Officinale C3, Gelsemium Sempervirens C3, Kalium Bichromicum C3"
4137,"Atropa Bella-Donna C3, Allium Cepa C3, Schoenocaulon Officinale C3, Gelsemium Sempervirens C3, Kalium Bichromicum C3, Pulsatilla Vulgaris C3"
4138,Secukinumab
4139,Dactinomycin
4140,Iron(Iii)-Hydroxide Dextran Complex
4141,"Dorzolamide Hydrochloride, Timolol"
4142,"Dorzolamide Hydrochloride, Timolol Maleate, Dorzolamide, Timolol"
4143,"Ethylmorphine Hydrochloride, Frangula Purshiana Bark"
4144,"Telmisartan, Amlodipine Besilate"
4145,Pancreas Powder From Porcine
4146,Cobimetinib
4147,Clotrimazole Bp
4148,"Trimethoprim Bp, Sulfamethoxazole Bp"
4149,"Trimethoprim Ph. Eur., Sulfamethoxazole Ph. Eur."
4150,"Chlorphenamine Maleate, Dextromethorphan Hydrobromide, Paracetamol"
4151,"Chlorphenamine Maleate, Phenylephrine Hydrochloride, Acetylsalicylic Acid"
4152,"Chlorphenamine Maleate, Ibuprofen Lysine, Phenylephrine Hydrochloride"
4153,"Menthol, Eugenol, Methyl Salicylate"
4154,"Sars-Cov-2 Virus, Strain Wuhan Hcov-19/Italy/Inmi1-Isl/2020, Inactivated, Cpg 1018, Aluminium Hydroxide"
4155,"Menthol, Peppermint Oil"
4156,"Phenylephrine Hydrochloride, Cetylpyridinium Chloride, Guaifenesin, Paracetamol"
4157,"Hyssopus Officinalis, Burdock Radix"
4158,"Levomenthol, Squill Tincture, Liquiritiae Extractum Fluidum"
4159,"Diphenhydramine Hydrochloride Ph. Eur., Dextromethorphan Hydrobromide Ph. Eur."
4160,"Dextromethorphan Hydrobromide, Menthol"
4161,Parecoxib Sodium
4162,"Coxsackie Virus A9 Nosode D15, Coxsackie Virus A9 Nosode D200, Coxsackie Virus A9 Nosode D30"
4163,"Poly(Styrene-Co Divinylbenzene) Sulfonic Acid, Calcium Salt (92:8)"
4164,"Crataegus Oxyacantha Tm, Kalium Carbonicum D3, Spigelia Anthelmia D2"
4165,"Kalium Carbonicum Dil. D2, Spigelia Anthelmia D1, Crataegus Dil. D2"
4166,"Kalium Carbonicum D3, Spigelia Anthelmia D2, Crataegus Mother Tincture"
4167,"Crataegus D1, Kalium Carbonicum D3, Spigelia Anthelmia D2"
4168,"Colecalciferol, Nicotinic Acid, Calcium Gluconate"
4169,"Ammonium Carbonicum Dil. D4, Rhododendron Dil. D12, Gelsemium Sempervirens Dil. D12, Psychotria Ipecacuanha Dil. D4"
4170,"Crataegus Extract From Blossoms, Leaves And Fruits (6 Mg/G Oligomeric Proanthocyanidins)"
4171,"Liquid Extract From Hawthorn Berry And Hawthorn Leaf With Flower (1:1), (Der 1:1.5-1.7), Extraction Solvent: Ethanol 49%"
4172,Fresh Hawthorn Berries Tincture (1:3.5)
4173,"Aurum Metallicum Praeparatum Dil. D15, Cactus Grandiflorus, Ethanol. Digestio Dil. D4, Cor Bovis Dil. D6, Crataegus, Ethanol. Digestio Dil. D3, Onopordum Acanthium, Flos Rec., Ethanol. Digestio 1:3,1 Cum 0,1 % Hyoscyamus Ø, Primula Veris, Flos Rec., Ethan"
4174,"Crataegus Oxyacantha Tm, Nitroglycerinum D8, Apocynum Cannabinum D8, Aconitum Napellus D4, Arnica Montana D2, Selenicereus Grandiflorus D2, Strychnos Nux-Vomica D4, Acidum Arsenicosum Spag. Glückselig Dil. D4"
4175,"Cactus Dil. D1, Leonurus Cardiaca Mother Tincture, Nerium Oleander D4, Valeriana Officinalis Ø, Crataegus Mother Tincture"
4176,Crataegus Dil. D4
4177,Crataegus Oxyacantha Tm
4178,"Crataegus, Fructus Rec., Ethanol. Digestio Ø, Crataegus, Folium, Ethanol. Extr. 1:1,5-2,5"
4179,"Cinis E Fructibus Avenae Sativae Cum Magnesio Phosphorico (1:1) Dil. D5 (Hab, Vs. 6), Cerit Dil. D5 (Hab, Vs. 6), Cor Bovis Gl Dil. D7 (Hab, Vs. 41c), Nicotiana Tabacum E Foliis Ferm 33b Dil. D9 (Hab, Vs. 33b), Crataegus Laevigata/Monogyna E Foliis Et Fru"
4180,"Cinis E Fructibus Avenae Sativae Cum Magnesio Phosphorico (1:1) Dil. D5 (Hab, Vs. 6), Cor Bovis Gl Dil. D4 (Hab, Vs. 41c), Cerit Dil. D5 (Hab, Vs. 6), Crataegus Laevigata/Monogyna E Foliis Et Fructibus Ferm 33d Ø (Hab, Vs. 33d), Nicotiana Tabacum E Foliis"
4181,"Crataegus D12, Crataegus Dil. D30, Crataegus Dil. D200"
4182,"Crataegus Extract From Blossoms, Leaves And Fruits (3 Mg/G Oligomeric Proanthocyanidins)"
4183,Crataegus Oxyacantha
4184,"Extract From Fresh Hawthorn Inflorescence (1: 1), Extraction Solvent: Ethanol 96% (V/V), Extract From Fresh Lemon Balm Herb (1: 1), Extraction Solvent: Ethanol 96% (V/V), Extract From Fresh Mistletoe Herb (1: 1), Extraction Solvent: Ethanol 96% (V/V)"
4185,Cystine
4186,Triamcinolone Acetonide
4187,Pancrealipase
4188,Pancreas Powder
4189,Isavuconazonium Sulfate
4190,Corticorelin Triflutate
4191,"Acidum Hydrofluoricum Dil. D12, Talpa Europaea Dil. D8, Selenium Dil. D12, Graphites Dil. D8"
4192,"Progesterone, Micronised"
4193,Ferrous Gluconate Hydrate
4194,Sodium Cromoglicate Ph. Eur.
4195,Noradrenaline Tartrate
4196,"Apis Mellifica D4, Acidum Silicicum D6, Carbo Vegetabilis D8, Hamamelis Virginiana D4, Hydrargyrum Oxydatum Rubrum D8, Lycopodium Clavatum D4, Pulsatilla Pratensis D6"
4197,"Magnesium Chloride Hexahydrate, Potassium Chloride, Sodium Chloride, Glucose Monohydrate, Sodium Acetate Trihydrate, Sodium Gluconate"
4198,"Magnesium Chloride Hexahydrate, Potassium Chloride, Sodium Chloride, Sodium Acetate Trihydrate, Sodium Gluconate"
4199,Burosumab
4200,"Betamethasone Valerate, Gentamicin, Clioquinol, Tolnaftate"
4201,Daptomycin
4202,Trientine Dihydrochloride
4203,Copper
4204,Coumarin
4205,"Centaurium Erythraea Ex Herba Rec. Dil. D 2, Carbo Vegetabilis Dil. D 12, Cuprum Metallicum Dil. D10, Peumus Boldus Dil. D 6, Taraxacum Officinalis Dil. D 2, Picrasma Excelsa, Quassia Amara Dil. D 3"
4206,Dimeticone
4207,Penicillamine
4208,Trientine
4209,"Cuprum Aceticum Dil. D3, Zincum Isovalerianicum Dil. D3"
4210,"Cuprum Aceticum Dil. D5 Aquos. (Hab, Vs. 5b), Nicotiana Tabacum E Foliis Ferm 33b Dil. D9 (Hab, Vs. 33b), Renes Bovis Gl Dil. D5 (Hab, Vs. 41a)"
4211,Cuprum Metallicum Praeparatum M
4212,Cuprum Metallicum Praeparatum
4213,"Cuprum Oxydulatum Rubrum, Nicotiana Tabacum E Foliis Ferm 33b Dil. D1 (Hab, Vs. 33b)"
4214,"Cuprum Metallicum D12, Cuprum Metallicum D200, Cuprum Metallicum D30"
4215,Tacalcitol
4216,Triterpene Glycoside
4217,Zinc Histidine Dihydrate
4218,"Sabalis Serulatae Extractum (9 - 11 : 1), Ethanol 96% (V/V)"
4219,"Serenoa Repens Fructus, Extractum Spissum"
4220,"Curcuma Longa Rhizoma Dry Extract (Der 13-25:1), Extraction Solvent: Ethanol 96 % (V/V)"
4221,"Sodium Hyaluronate, Zinc Chloride"
4222,Poractant Alfa
4223,Timolol
4224,"Mannitol, Histidine, Histidine Hydrochloride Monohydrate, Tryptophan, Magnesium Chloride Hexahydrate, Potassium Chloride, Sodium Chloride, Calcium Chloride Dihydrate, Potassium Hydrogen 2-Ketoglutarate"
4225,"Mannitol, Histidine, Histidine Hydrochloride Monohydrate, Tryptophan, Magnesium Chloride Hexahydrate, Potassium Chloride, Sodium Chloride, Calcium Chloride Dihydrate, Potassium Hydrogen-2-Oxoglutaraat"
4226,"Mannitol, Tryptophan, Magnesium Chloride Hexahydrate, Potassium Chloride, Sodium Chloride, Calcium Chloride Dihydrate, L-Histidine, L-Histidine Hydrochloride, Oxogluric Acid"
4227,"Thuja D12, Viola Tricolor D3, Sulfur D6, Centella Asiatica D4, Graphites D12"
4228,"Benzalkonium Chloride, Isopropyl Alcohol"
4229,"Ledum Palustre Dil. D4, Centella Asiatica Dil. D3, Delphinium Staphisagria Dil. D4, Cistus Canadensis Dil. D3, Ranunculus Bulbosus Dil. D4, Viola Tricolor Spag. Peka Dil. D4, Calendula Officinalis Dil. D8, Echinacea Spag. Peka Dil. D8"
4230,"Ledum Palustre Dil. D4, Selenium Dil. D 10, Strychnos Ignatii Dil. D 6, Galium Aparine Dil. D6, Funiculus Umbilicalis Suis Dil. D10, Urtica Urens Dil. D4, Aesculus Hippocastanum Dil. D6, Mercurius Solubilis Hahnemanni Dil. D13, Hepar Suis Dil. D10, Ichthy"
4231,"Cutis Suis D10, Cutis Suis D200, Cutis Suis D30"
4232,"Ledum Palustre Dil. D4, Strychnos Ignatii Dil. D 6, Galium Aparine Dil. D6, Acidum Formicicum Dil. D10, Urtica Urens Dil. D4, Aesculus Hippocastanum Dil. D6, Hepar Suis Dil. D10, Cortisone Aceticum Dil. D28, Phosphoricum Acidum Dil. D6, Acidum Formicicum"
4233,"Bellis Perennis Spag. Peka Dil. D8, Vinca Minor Spag. Peka Dil. D3, Viola Tricolor Spag. Peka Dil. D2, Kreosotum Dil. D6, Hydrastis Canadensis Dil. D3, Sempervivum Tectorum Var. Tectorum Spag. Peka Dil. D3, Rhus Toxicodendron Dil. D8, Euphorbium Dil. D4"
4234,"Cistus Canadensis Dil. D3, Fumaria Officinalis Spag. Peka Dil. D6, Ranunculus Bulbosus Dil. D4, Viola Tricolor Spag. Peka Dil. D4, Centella Asiatica Dil. D4, Ledum Palustre Dil. D6, Daphne Mezereum Spag. Peka Dil. D12, Smilax Dil. D12"
4235,"Ascorbic Acid, Sodium Ascorbate"
4236,"Ascorbic Acid, Zinc Sulphate Monohydrate"
4237,Cyamemazine Tartrate
4238,"Estradiol Valerate, Norgestrel"
4239,"Cyclamen Dil. D3, Iris Dil. D2, Cimicifuga Dil. D3, Sanguinaria Dil. D6, Gelsemium Dil. D3"
4240,"Cyclizine Tartrate, Morphine Tartrate"
4241,Cyclizine Hydrochloride
4242,Cyclizine Lactate
4243,"Ascorbic Acid, Dry Ruscus Extract Titrated In Sterolic Heterosides (Sh), Hesperidin Methyl Chalcone"
4244,"Ascorbic Acid, Hesperidin Methyl Chalcone, Dry Extract Of Butcher's Broom (5-7.5:1), Extraction Solvent: Ethanol 85% V/V"
4245,"Ascorbic Acid, Hesperidin Methyl Chalcone, Ruscus Aculeatus"
4246,Formoterol Fumarate Hydrate
4247,Progesterone Ph. Eur.
4248,Cyclopentolate
4249,N-(Cyclohexylthio)phthalimide
4250,Etamsylate
4251,Lymecycline
4252,Cyclopentolate Hydrochloride Bp
4253,"Cyclophosphamide, Cyclophosphamide Monohydrate"
4254,Ganciclovir
4255,"Cetrimide, Chlorocresol, Urea, Dimeticone 350"
4256,Human Cytomegalovirus Immunoglobulin
4257,"Soft Extract From Artichoke Herb (2-4:1), Extraction Solvent: Water"
4258,"Liquid Extract Of Dandelion Herb With Root, Liquid Extract From Boldo Leaf"
4259,"Dry Extract From Artichoke Leaf (3-5: 1), Extraction Solvent: Ethanol 50% (V/V)"
4260,Liothyronine Sodium
4261,Moxonidine
4262,Ramucirumab
4263,Mercaptamine
4264,"Arctostaphylos Uva-Ursi (L.) Spreng Folium, Betula Pendula Roth., Solidago Canadensis L."
4265,"Pyridoxine Hydrochloride, L-Cystine"
4266,"Cystine, Pyridoxine Hydrochloride"
4267,Arctostaphylos Uva-Ursi (L.) Spreng Folium
4268,"Dry Extract From Bearberry Leaf (3,5-5,5:1), Extraction Solvent: Ethanol 60% (V/V)"
4269,"Dry Extract From Goldenrod (5-7: 1), Extration Solvent: Ethanol 30% (M/M)"
4270,"Bearberry Extract, Soft Extract From Solidaginis Virgaureae Herba (3-7 : 1), Extraction Solvent: Ethanol 13 % (M/M)"
4271,"Lytta Vesicatoria D5, Atropa Belladonna Dil. D4, Equisetum Arvense Ex Herba Recente Dil. D3 (Vorschrift 2a, Hab)"
4272,"Eupatorium Purpureum D6, Equisetum Hiemale D6, Berberis Vulgaris D4, Solanum Dulcamara D4"
4273,"Petroselinum Mother Tincture, Bucco Mother Tincture, Equisetum Arvense, Urtica Urens, Populus Tremuloides Ø, Serenoa Repens Ø, Solidago Virgaurea Urtinktur"
4274,"Causticum Hahnemanni Dil. D4, Delphinium Staphisagria Dil. D4, Sulfur Dil. D6, Oleum Terebinthinae D6, Cantharis Dil. D4"
4275,"Tincture From Purple Coneflower Herb, Extraction Solvent: Ethanol 65% (V/V), Tincture From Bearberry Leaf, Extraction Solvent: Ethanol 50,6% (V/V)"
4276,"Eupatorium Purpureum D6, Equisetum Hiemale D6, Berberis Vulgaris D4, Solanum Dulcamara D6"
4277,"Berberis Vulgaris Dil. D4, Dulcamara Dil. D4, Equisetum Hiemale Dil. D6, Eupatorium Purpureum Dil. D6"
4278,"Tincture From Fresh Arctostaphylos Uva-Ursi Herb (1:4), Extraction Solvent: Ethanol 43% M/M, Tincture From Fresh Echinacea Purpurea Herb (1:12), Extraction Solvent: Ethanol 57.3% M/M"
4279,"Dry Extract From Bearberry Leaf Corresponding To 432-600 Mg Of Bearberry Leaves, Extraction Solvent: Water, Dry Extract From Birch Leaf Corresponding To 185-277.5 Mg Of Birch Leaves, Extraction Solvent: Water, Dry Extract From Goldenrod Corresponding To 1"
4280,"Dry Extract Of Cistus Incanus Herb (4-9: 1), Extraction Solvent: Water"
4281,"Chlorhexidine Gluconate, Chlorocresol, Hexamidine Diisetionate"
4282,"Chlorhexidine, Chlorocresol, Hexamidine"
4283,"Chlorocresol, Hexamidine Diisetionate, Chlorhexidine Digluconate (20% Solution)"
4284,Liothyronine
4285,"Stearic Acid, Sodium Carbonate Anhydrous, Glycerol (86 Percent)"
4286,Glycerol (86 Percent)
4287,Garlic Powder
4288,"Acetic Acid 80% Pure, Delphinium Consolida Tincture"
4289,Mephenoxalone
4290,"Diphtheria Toxoid, Tetanus Toxoid"
4291,Dabigatran
4292,Dabigatran Etexilate Mesilate
4293,Dydrogesterone
4294,Dacarbazine
4295,Dacarbazine Citrate
4296,Decitabine
4297,Oxaliplatin
4298,"Dimenhydrinate, Chlorobutanol Hemihydrate"
4299,"Nystatin, Nifuratel"
4300,Furazidine
4301,"Retinol Palmitate, Riboflavin Sodium Phosphate, Thiamine Hydrochloride, Ascorbic Acid, Colecalciferol, Dexpanthenol, Nicotinamide, Pyridoxine Hydrochloride"
4302,Concentrated Solution Of Sodium Hypochlorite
4303,"Miconazole Nitrate, Zinc Oxide"
4304,"Allergens, Animal Fur & Epithelium"
4305,"Allergens, House Dust & Mite"
4306,"Allergens, Insect Venom"
4307,"Allergens, Mould & Yeast Spore"
4308,Extractum Allergeni Pollens
4309,Dalbavancin Hydrochloride
4310,"Ferrum Metallicum Dil. D7, Cuprum Aceticum Dil. D3, Argentum Nitricum D4, Cobaltum Nitricum D12, Manganum Sulfuricum D6, Selenium Amorphum Dil D8"
4311,Flurazepam Monohydrochloride
4312,"Metformin, Vildagliptin"
4313,Trandolapril
4314,Roflumilast
4315,"Menthol, Camphor, Eucalyptus Oil"
4316,Danaparoid Sodium
4317,Taraxacum Officinale Root
4318,"Dantron Bp, Poloxamer 188 Usnf"
4319,"Dantrolene Sodium, Hemiheptahydrate"
4320,Benzylpenicilloyl-Octa-L-Lysine
4321,Sodium Benzylpenilloate
4322,Dapagliflozin Propanediol Monohydrate
4323,"Metformin Hydrochloride, Dapagliflozin"
4324,Dapivirine
4325,Dapoxetine
4326,Dapsone
4327,Dapsone Ph. Eur.
4328,Pyrimethamine
4329,Rotigotine
4330,Darifenacin
4331,"Anisi Fructus, Caraway Fruit, Fennel Fruit Bitter, Coriandri Fructus"
4332,"Potassium Chloride, Sodium Chloride, Sodium Citrate Dihydrate, Macrogol 4000"
4333,"Paracetamol, Propyphenazone, Anhydrous Caffeine"
4334,Dextromethorphan Hydrobromide Monohydrate
4335,"Potassium Chloride, Sodium Chloride, Glucose Monohydrate, Sodium-L-Lactate"
4336,"Sodium Lactate Solution, Potassium Chloride, Sodium Chloride, Glucose Monohydrate"
4337,Darunavir
4338,Dasatinib
4339,Daratumumab
4340,Dobutamine
4341,"Aconitum Napellus C6, Atropa Bella-Donna C6, Calendula Officinalis C6, Chelidonium Majus C6, Viburnum Opulus C6, Valeriana Officinalis C4"
4342,Datopotamab Deruxtecan
4343,Ioflupane (123i)
4344,Glasdegib
4345,Erythromycin Cyclocarbonate
4346,Pomalidomide
4347,Donidalorsen
4348,Trastuzumab
4349,"Flupentixol Hydrochloride, Melitracen Hydrochloride"
4350,"Ammi Visnaga Spag. Peka Dil. D6, Grindelia Robusta Spag. Peka Dil. D6, Cobaltum Nitricum Dil. D4, Lactuca Virosa Dil. D12, Aralia Racemosa Dil. D8, Dactylopius Coccus Spag. Peka Dil. D2, Phosphorus Dil. D6, Eriodictyon Californicum Dil. D3"
4351,Dolichosi Biflorum Seminis Extractum (1:3: Water)
4352,Trimebutine
4353,"Trimebutine Maleate, Medazepam"
4354,"Ammonium Molybdate, Chromic Chloride, Cobalt Gluconate, Copper Gluconate, Ferrous Gluconate, Manganese Gluconate, Sodium Fluoride, Sodium Iodide, Sodium Selenite, Zinc Gluconate"
4355,Triptorelin Acetate
4356,Levamisole Hydrochloride
4357,"Cinchocaine Hydrochloride, Dequalinium Chloride"
4358,Perphenazine
4359,Fluprednidene Acetate
4360,"Fluprednidene Acetate, Gentamicin Sulfate"
4361,"Paraffin White Soft, Propylene Glycol, Sorbic Acid (Ph. Eur.), Cetostearyl Alcohol (Ph.Eur.)"
4362,"Pseudoephedrine Hydrochloride Bp, Paracetamol Ph. Eur."
4363,Dexamethasone Acetate
4364,Zanamivir
4365,"Ethyl Salicylate, Hydroxyethyl Salicylate, Methyl Nicotinate, Methyl Salicylate"
4366,"Levomenthol, Racementhol, Eucalyptus Oil, Methyl Salicylate, Turpentine Oil"
4367,"Racementhol, Eucalyptus Oil, Methyl Salicylate, Turpentine Oil"
4368,"Menthol, Eucalyptus Oil, Methyl Salicylate, Turpentine Oil"
4369,Deferasirox
4370,Deferoxamine Mesilate
4371,Defibrotide
4372,Terazosin Hydrochloride
4373,Degarelix
4374,Ethanol Bp
4375,Droperidol
4376,Secnidazole
4377,"Benzocaine, Dequalinium Chloride"
4378,"Glycine, L-Lysine Monohydrochloride, Pyridoxine Hydrochloride, L-Tryptophan, L-Isoleucine, L-Leucine, L-Methionine, L-Proline, L-Serine, L-Threonine, L-Tyrosine, L-Valine, L-Histidine Monohydrochloride Monohydrate, L-Arginine Hydrochloride, L-Aspartic Aci"
4379,"Colecalciferol, Fluoride"
4380,Dexketoprofen Trometamol
4381,Dexmedetomidine Hydrochloride
4382,Dexmedetomidine
4383,Dextran
4384,"Tramadol Hydrochloride, Dexketoprofen"
4385,"Delapril Hydrochloride, Indapamide"
4386,"Delapril, Indapamide"
4387,Choline Alfoscerate
4388,"Inosine, Dimepranol Acedoben"
4389,Rosuvastatin Zinc
4390,"Cinchocaine Hydrochloride, Prednisolone Caproate"
4391,"Ramipril, Felodipine"
4392,Delorazepam
4393,Tiapride Hydrochloride
4394,Trimethoprim
4395,"Lamivudine, Doravirine, Tenofovir Disoproxil"
4396,"Calcium Chloride, Magnesium Chloride Hexahydrate, Potassium Chloride, Sodium Acetate, Sodium Chloride"
4397,"Sodium Dihydrogen Phosphate Dihydrate, Magnesium Chloride Hexahydrate, Potassium Chloride, Sodium Acetate, Sodium Chloride, Glucose Monohydrate"
4398,"Sodium Dihydrogen Phosphate Dihydrate, Magnesium Chloride Hexahydrate, Potassium Chloride, Sodium Acetate, Sodium Chloride, Glucose Monohydrate Ph. Eur."
4399,"Calcium Chloride, Magnesium Chloride Hexahydrate, Potassium Chloride, Sodium Chloride, Glucose Monohydrate Ph. Eur., Sodium Lactate (As 50% Solution)"
4400,"Calcium Chloride, Magnesium Chloride Hexahydrate, Potassium Chloride, Sodium Chloride, Glucose Monohydrate, Sodium Lactate"
4401,"Calcium Chloride, Magnesium Chloride Hexahydrate, Potassium Chloride, Sodium Acetate, Sodium Chloride, Glucose Monohydrate"
4402,Prednisolone Bp
4403,"Naphazoline Nitrate, Ephedrine Hydrochloride"
4404,"Tyrothricin, Betamethasone, Norvaline"
4405,"Bellis Perennis D2, Ferrum Metallicum D8, Phosphorus D8, Sanguinaria Canadensis D7"
4406,Delamanid
4407,"Pulsatilla D6, Euphorbium D6, Hydrargyrum Biiodatum D12, Luffa Operculata D12, Sinapis Nigra D2"
4408,Demeclocycline Hydrochloride
4409,Furosemide
4410,Methylergometrine Maleate
4411,"Glycine, Magnesium Chloride Hexahydrate, Potassium Chloride, Calcium Chloride Dihydrate, L-Lysine Acetate, Glucose Monohydrate, Sodium Acetate Trihydrate, L-Tryptophan, L-Arginine, L-Histidine, L-Isoleucine, L-Leucine, L-Methionine, L-Proline, L-Serine, L"
4412,"Glycine, Magnesium Chloride Hexahydrate, Potassium Chloride, Calcium Chloride Dihydrate, L-Lysine Acetate, Glucose Monohydrate, Sodium Acetate Trihydrate, Sodium Glycerophosphate, L-Tryptophan, L-Arginine, L-Histidine, L-Isoleucine, L-Leucine, L-Methionin"
4413,"Glutamic Acid, Glycine, Magnesium Chloride Hexahydrate, Potassium Chloride, Calcium Chloride Dihydrate, L-Lysine Acetate, Glucose Monohydrate, Sodium Acetate Trihydrate, Sodium Glycerophosphate, L-Tryptophan, L-Arginine, L-Histidine, L-Isoleucine, L-Leuci"
4414,Esomeprazole Sodium
4415,"Dengue Virus, Serotype 2, Live, Attenuated, Dengue Virus, Serotype 2, Expressing Dengue Virus, Serotype 1, Surface Proteins, Live, Attenuated, Dengue Virus, Serotype 2, Expressing Dengue Virus, Serotype 3, Surface Proteins, Live, Attenuated, Dengue Virus,"
4416,Stibium Sulfuratum Aurantiacum Trit. D6
4417,Ipecacuanha Trit. D6
4418,Chamomilla Trit. D6
4419,"Levomenthol, Coal Tar Solution"
4420,Fluoride
4421,"Sodium Benzoate, Amylocaine Hydrochloride"
4422,"Matricaria Recutita D20, Plantago Major D4, Podophyllum Peltatum D6, Matricaria Recutita D8"
4423,"Lauromacrogol 400, Lidocaine Hydrochloride Monohydrate, Matricariae Extractum Spissum"
4424,"Lauromacrogol 400, Matricariae Extractum Spissum, Lidocaine Hydrochloride"
4425,"Lidocaine Hydrochloride Bp, Cetylpyridinium Chloride Bp"
4426,"Lidocaine Hydrochloride Monohydrate, Macrogol Lauryl Ether, Chamomile Tincture"
4427,"Macrogol Lauryl Ether, Matricaria Recutita Flower Tincture (1:5), Extraction Solvent: Ethanol 70% V/V, Lidocaine Hydrochloride"
4428,"Lidocaine Hydrochloride Monohydrate, Macrogol Lauryl Ether, Tincture Of Matricaria"
4429,"Sodium Lauryl Ether Sulphate, Sodium Lauryl Ether Sulpho-Succinate"
4430,"Lauromacrogol 400, Matricaria Recutita Flower Tincture (1:5), Extraction Solvent: Ethanol 70% V/V, Lidocaine Hydrochloride"
4431,"Lauromacrogol 400, Lidocaine Hydrochloride Monohydrate, Chamomile Tincture"
4432,"Levomenthol, Amylocaine Hydrochloride"
4433,"Pulsatilla D6, Belladonna D6, Chamomilla D 6, Ferrum Phosphoricum D6, Hepar Sulfuris D12"
4434,"Liquid Extract (0,65:1) From A Mixture Of: Matricaria Flower, Oak Bark, Sage Leaf, Arnica Herb, Calamus Rhizome, Peppermint Herb, Thyme Herb (2:2:2:1:1:1:1), Extraction Solvent: Ethanol 70% (V/V)"
4435,"Benzocaine, Liquid Extract (0,65:1) From A Mixture Of: Matricaria Flower, Oak Bark, Sage Leaf, Arnica Herb, Calamus Rhizome, Peppermint Herb, Thyme Herb (2:2:2:1:1:1:1), Extraction Solvent: Ethanol 70% (V/V)"
4436,"Oxycodone Hydrochloride, Paracetamol"
4437,Valpromide
4438,Etizolam
4439,"Metformin Hydrochloride, Sitagliptin Hydrochloride Monohydrate"
4440,"Benzalkonium Chloride, Dexamethasone Sodium Phosphate"
4441,"Dermatophagoides Pteronyssinus, Depigmented/Polymerized Extract"
4442,"Lepidoglyphus Destructor, Depigmented Polymerized Extract"
4443,"Acarus Siro, Depigmented Polymerized Extract"
4444,"Betula Alba, Depigmented Polymerized Pollen Extract, Alnus Glutinosa Pollen, Depigmented Polymerized Extract, Corylus Avellana Pollen, Depigmented Polymerized Extract"
4445,"Artemisia Vulgaris Pollen, Depigmented Polymerized Extract"
4446,"Betula Alba, Depigmented Polymerized Pollen Extract"
4447,"Blomia Tropicalis, Depigmented Polymerized Extract"
4448,"Dermatophagoides Farinae, Depigmented/Polymerized Extract"
4449,"Parietaria Judaica Pollen, Depigmented Polymerized Extract"
4450,"Glycyphagus Domesticus, Depigmented Polymerized Extract"
4451,"Phleum Pratense Pollen, Depigmented Polymerized Extract, Festuca Elatior Pollen, Depigmented Polymerized Extract, Dactylis Glomerata Pollen, Depigmented Polymerized Extract, Poa Pratensis Pollen, Depigmented Polymerized Extract, Lolium Perenne Pollen, Dep"
4452,"Betula Alba, Depigmented Polymerized Pollen Extract, Phleum Pratense Pollen, Depigmented Polymerized Extract, Festuca Elatior Pollen, Depigmented Polymerized Extract, Dactylis Glomerata Pollen, Depigmented Polymerized Extract, Poa Pratensis Pollen, Depigm"
4453,"Phleum Pratense Pollen, Depigmented Polymerized Extract, Festuca Elatior Pollen, Depigmented Polymerized Extract, Dactylis Glomerata Pollen, Depigmented Polymerized Extract, Secale Cereale Pollen, Depigmented Polymerized Extract, Poa Pratensis Pollen, Dep"
4454,"Phleum Pratense Pollen, Depigmented Polymerized Extract"
4455,"Dermatophagoides Pteronyssinus, Depigmented/Polymerized Extract, Dermatophagoides Farinae, Depigmented/Polymerized Extract"
4456,"Olea Europaea Pollen, Depigmented Polymerized Extract"
4457,"Platanus Acerifolia Pollen, Depigmented Polymerized Extract"
4458,"Plantago Lanceolata Pollen, Depigmented Polymerized Extract"
4459,"Euroglyphus Maynei, Depigmented Polymerized Extract"
4460,"Tyrophagus Putrescentiae, Depigmented Polymerized Extract"
4461,Flupentixol Decanoate
4462,Flupentixol Hydrochloride
4463,Methylprednisolone Acetate
4464,Medroxyprogesterone Acetate
4465,Leuprorelin Acetate
4466,Hydroxocobalamin Acetate
4467,"Lidocaine Hydrochloride Monohydrate, Methylprednisolone Acetate"
4468,"Methylprednisolone Acetate, Lidocaine Hydrochloride"
4469,"Lidocaine Hydrochloride Monohydrate, Methylprednisolone"
4470,"Hypericum Herb Dry Extract, Quantified"
4471,Selegiline Hydrochloride
4472,Mianserin Hydrochloride
4473,"Peru Balsam, Eucalyptus Oil, Rosemary Oil"
4474,"Benzalkonium Chloride, Dequalinium Chloride"
4475,Chlorhexidine Dihydrochloride
4476,Malathion
4477,"Menthol, Camphor, Eucalyptus Oil, Thymol, Turpentine Oil"
4478,"Naphazoline Nitrate, Prednisolone"
4479,"Tincture From Cardiospermum Halicacabum Flowering Top (1:1.3-1.7), Extraction Agent: Ethanol 85% (W/W)"
4480,"Acetylated Lanolin Alcohols, Liquid Paraffin"
4481,"Polysorbate 60, Benzoic Acid, Cetyl Alcohol, Glyceryl Monostearate, Cetyl Palmitate, Isopropyl Palmitate, Citric Acid, Diammonium Hydrogen Citrate, Water, Purified"
4482,"Glyceryl Monooleate, Butylhydroxytoluene, Dl-Alpha-Tocopheryl Hydrogen Succinate, Paraffin Hard, Triglycerides, Medium Chain, Paraffin White Soft, Propylene Glycol, Sodium Benzoate, Citric Acid Anhydrous, Isopropyl Myristate, Magnesium Sulfate Heptahydrat"
4483,Cardiospermum Mother Tincture
4484,"Ichthammol, Salicylic Acid, Betamethasone 17-Valerate 21-Acetate"
4485,"Lysimachia Nummularia, Herba Rec., Glycerol. Extr. 1:2, Solanum Dulcamara, Flos Rec., Glycerol. Extr. 1:2"
4486,"Solanum Dulcamara, Flos Rec., Ethanol. Decoctum 1:2,15, Lysimachia Nummularia, Herba Rec., Ethanol. Decoctum 1:2,15"
4487,"Zinc Oxide, Cod-Liver Oil"
4488,Estradiol Hemihydrate
4489,"Apis Mellifica Dil. D4, Sepia Officinalis Dil. D 8, Hepar Sulfuris Dil. D8, Sulfur Dil. D6, Graphites Dil. D8, Acidum Silicicum Dil. D8, Crotalus Durissus Terrificus E Veneno Siccato D10"
4490,"Triamcinolone Acetonide, Salicylic Acid"
4491,"Benzalkonium Chloride Solution 50%, Chlorhexidine Digluconate (20% Solution)"
4492,"Benzalkonium Chloride Solution, Chlorhexidine Digluconate Solution"
4493,"Copper Sulfate Pentahydrate, Zinc Oxide"
4494,Sertaconazole
4495,"Bacitracin, Hydrocortisone Acetate, Neomycin Sulfate"
4496,"Neomycin Sulfate, Prednisolone"
4497,"Benzalkonium Chloride, Chlorhexidine Dihydrochloride, Isopropyl Myristate, Liquid Paraffin"
4498,"Benzalkonium Chloride, Isopropyl Myristate, Liquid Paraffin"
4499,Sodium Fusidate
4500,"Ammonium Dodecyl Sulfate, Tea-Dodecylbenzenesulfonate"
4501,"Nicotinamide, Camphor, Racemic, Allantoin, Salicylic Acid"
4502,"Clotrimazole, Dexamethasone"
4503,"Neomycin Sulfate, Dexamethasone"
4504,"Carnitine Hydrochloride, Cyproheptadine Hydrochloride, Arginine Aspartate"
4505,"Emtricitabine, Tenofovir Alafenamide"
4506,"Ethanol (96 Per Cent), Orthophenylphenol"
4507,"Undecylenic Acid, Zinc Undecylenate"
4508,"Chlorphenamine Maleate, Ascorbic Acid, Acetylsalicylic Acid, Caffeine"
4509,"Apis Mellifica Dil. D6, Galphimia Glauca Dil. D6, Acidum Formicicum Dil D6, Cardiospermum Halicacabum D4"
4510,Turnera Diffusa Dil D4
4511,Pangamate Calcium
4512,Desflurane
4513,Zonisamide
4514,"Ethanol (96 Per Cent), Isopropyl Alcohol"
4515,"Lactic Acid Ph. Eur., 2-Propanol (Ph. Eur.), 1-Propanol"
4516,Desmopressin Acetate Trihydrate
4517,Hexamidine Diisetionate
4518,Desoximetasone
4519,"Peppermint Oil, Cajuput Oil, Eucalyptus Oil"
4520,Urapidil
4521,Desvenlafaxine
4522,Desvenlafaxine Benzoate
4523,Sulfur
4524,"Hydrocortisone, Propanocaine"
4525,Rasagiline Hemitartrate
4526,Oxybutynin Hydrochloride
4527,Chloroxylenol Bp
4528,"Hesperidin, Diosmin, Micronized"
4529,"Diosmin, Flavonoids Extracted From Rutaceae (Aurentiae), Expressed In Diosmin"
4530,"Devils Claw Dry Extract (1,5-2,5:1)"
4531,Devil's Claw Extract
4532,"Dry Extract From Devil's Claw Root, Extraction Solvent: Ethanol 60% V/V"
4533,"Lidocaine, Paraformaldehyde"
4534,Dexamethasone Sodium Phosphate Ph. Eur.
4535,"Dextromethorphan Hydrobromide, Dry Extract From Melissa Leaf, (Der 6-8: 1), Extraction Solvent: Purified Water, Dry Extract From Lime Flower (Der 2.5-3: 1), Extraction Solvent: Ethanol 70% (V/V)"
4536,"Dexamethasone Acetate, Framycetin Sulfate, Polymyxin B Sulfate"
4537,Dexamethasone Dihydrogen Phosphate Disodium Ph. Eur.
4538,Dexamethasone Disodium Phosphate
4539,"Dexamethasone Sodium Phosphate, Gentamicin Sulfate"
4540,"Gentamicin Sulfate, Dexamethasone"
4541,"Gentamicin Sulfate, Dexamethasone Dihydrogen Phosphate Disodium Ph. Eur."
4542,Dexamethasone Ph. Eur.
4543,"Netilmicin Sulfate, Dexamethasone Disodium Phosphate"
4544,Dexamethasone Sodium Metasulphobenzoate
4545,"Neomycin Sulfate, Dexamethasone, Acetic Acid, Glacial"
4546,"Dexamethasone Isonicotinate, Oxymetazoline Hydrochloride"
4547,"Gentamicin Sulfate, Dexamethasone Sodium Phosphate Ph. Eur."
4548,"Dextromethorphan Hydrobromide, Tiliae Inflorescentiae Extractum Aquosum (1:5)"
4549,"Dextromethorphan Hydrobromide, Tincture From Bitter-Fennel Fruit (Der 1: 5), Extraction Solvent: Ethanol 70% (V/V), Liquid Extract From Pinus Sylvestris Shoots (Der 1:1.6), Extraction Solvent: Ethanol 90% (V/V)"
4550,"Dexamethasone Isonicotinate, Tramazoline Hydrochloride"
4551,Dexamethasone Valerate
4552,"Chlorphenamine Maleate, Dexamethasone Valerate"
4553,"Dexamethasone Valerate, Neomycin"
4554,"Dexamethasone Valerate, Clioquinol"
4555,Dexchlorpheniramine Maleate
4556,Lisdexamfetamine Diadipate
4557,Dexlansoprazole
4558,Ferric Hydroxide Polymaltose Complex
4559,"Folic Acid, Ferric Hydroxide Polymaltose Complex"
4560,"Glucose, Anhydrous, Potassium Chloride, Sodium Chloride, Calcium Gluconate"
4561,"Apis Mellifica Dil. D6, Bryonia Dil. D6, Acidum Arsenicosum Dil. D12"
4562,"Potassium Chloride, Sodium Chloride, Sodium Citrate, Glucose"
4563,Glucose Monohydrate
4564,"Glucose, Anhydrous"
4565,"Lidocaine Hydrochloride Monohydrate, Cetylpyridinium Chloride, Zinc Gluconate"
4566,Demoxytocin
4567,"Colecalciferol, Sodium Fluoride"
4568,Human Anti-D Immunoglobulin
4569,13c-Urea
4570,"Taraxici Herba Cum Radice, Fennel Fruit Bitter, Myrtillus, Salvia Officinalis, Polygoni Avicularis Herba, Rubi Fruticosi Folium, Burdock Radix, Liquorice Root, Galega Officinalis, Phaseolus Vulgaris"
4571,"Taraxici Herba Cum Radice, Sage Leaf (Salvia Officinalis), Fennel Fruit Bitter, Myrtillus, Common Bean Pod, Seed-Free, Polygoni Avicularis Herba, Rubi Fruticosi Folium, Burdock Radix, Liquorice Root, Galega Officinalis"
4572,"Betulae Folium, Rose Fruit, Phaseoli Pericarpium, Agropyri Rhizoma, Rubi Fruticosi Folium"
4573,"Metformin Hydrochloride, Sitagliptin Hydrochloride"
4574,"Aether Sulfuricus D1, Camphora Dil. D2, Cactus Dil. D2, Crataegus Dil. D2"
4575,"Valeriana Ø, Aether Sulfuricus D1, Camphora Dil. D2, Cactus Dil. D2, Crataegus Dil. D2"
4576,Diamorphine
4577,Stiripentol
4578,Prednisolone Sodium Succinate
4579,Ferric Derisomaltose
4580,Loperamide
4581,Diamorphine Hydrochloride Bp
4582,"Magnesium Chloride Hexahydrate, Sodium Chloride, Calcium Chloride Dihydrate, Glucose, Sodium Lactate"
4583,"Sodium Lactate Solution, Magnesium Chloride Hexahydrate, Sodium Chloride, Calcium Chloride Dihydrate, Glucose Monohydrate"
4584,"Calcium Chloride, Magnesium Chloride Hexahydrate, Sodium Chloride, Glucose Monohydrate, Sodium Lactate"
4585,"Calcium Chloride, Sodium Lactate Solution, Sodium Chloride, Glucose Monohydrate, Magnesium Chloride"
4586,"Magnesium Chloride Hexahydrate, Sodium Chloride, Calcium Chloride Dihydrate, Glucose Monohydrate, Sodium Lactate"
4587,"Sodium Lactate Solution, Magnesium Chloride Hexahydrate, Sodium Chloride, Calcium Chloride Dihydrate, Glucose"
4588,Dioscorea Nipponica Root
4589,"Podophyllum Peltatum C9, Acidum Arsenicosum C9, Cinchona Pubescens C5"
4590,Nifuroxazide
4591,"Arsenicum Album D8, Veratrum Album D4, Citrullus Colocynthis D6, Argentum Nitricum D8, Colchicum Autumnale D6, Hydrargyrum Bichloratum D8, Podophyllum Peltatum D6"
4592,"Veratrum Album Trit. D 4, Colchicum Autumnale Trit D6, Acidum Arsenicosum D8, Citrullus Colocynthis D6, Argentum Nitricum D8, Hydrargyrum Bichloratum D8, Podophyllum Peltatum D6"
4593,"Liquid Extract Of Camomile Flower (1:1), Extraction Solvent: Ethanol 55% V/V, Apple Pectin"
4594,"Pectin, Chamomile Flower Liquid Extract (1:0.9-1.1), Extracting Solvent: Ethanol 55% (V/V)"
4595,Magnesium Citrate
4596,D-Biotin
4597,Diazepam Ph. Eur.
4598,Diazepam Bp
4599,Diazolidinyl Urea
4600,Phenoxybenzamine Hydrochloride
4601,Phenoxybenzamine Hydrochloride Bp
4602,"2,2'-Dibenzothiazyl Disulfide"
4603,Potassium Bromide
4604,Methyldibromo Glutaronitrile
4605,"1,3-Dibutyl-2-Thiourea"
4606,"Calcium Carbonate, Magnesium Carbonate, Magnesium Trisilicate"
4607,Pinaverium Bromide
4608,Dichlorophen
4609,Dicloxacillin
4610,"Diclofenac Sodium, Thiamine Hydrochloride, Cyanocobalamin, Pyridoxine Hydrochloride"
4611,"Diclofenac Sodium, Lidocaine Hydrochloride"
4612,Diclofenac Sodium Ph. Eur.
4613,"Diclofenac Sodium, Thiocolchicoside"
4614,"Cyclizine Hydrochloride, Dipipanone Hydrochloride"
4615,"Fludrocortisone Acetate, Gramicidin, Neomycin Sulfate"
4616,Disopyramide
4617,Dicycloverine Hydrochloride
4618,Hydrochlorothiazide
4619,"Piracetam, Dihydroergocristine Mesilate"
4620,Dihydroergotamine Mesilate
4621,Dihydroergocristine Mesilate
4622,Diethanolamine
4623,Diethylstilbestrol
4624,Ibuprofen Arginine
4625,"Potassium Chloride, Ethylcellulose Microencapsulated 80-90%"
4626,Fidaxomicin
4627,"Prochlorperazine Maleate, Indometacin, Caffeine"
4628,"Calcium Carbonicum Hahnemanni Dil. D 10, Matricaria Recutita Dil. D8, Peumus Boldus Spag. Peka Dil. D6, Calcium Fluoratum Dil. D10, Magnesium Carbonicum Dil. D10, Cuprum Aceticum Dil. D6"
4629,Anthocyanosidic Extract Of Vaccinium Myrtillus
4630,"Betacarotene, Anthocyanosidic Extract Of Vaccinium Myrtillus"
4631,"Anthocyanosidic Extract Of Vaccinium Myrtillus, A-Tocopherol Acetate Concentrate (Powder Form)"
4632,"Diphtheria Toxoid, Tetanus Toxoid, Algeldrate"
4633,"Diphtheria Toxoid, Tetanus Toxoid, Aluminium Hydroxide"
4634,"Aluminium Phosphate, Hydrated, Diphtheria Toxoid Adsorbed On Aluminium Phosphate, Tetanus Toxoid Adsorbed On Aluminium Phosphate, Poliovirus (Inactivated) Type 3 (Saukett Strain), Poliovirus (Inactivated) Type 2 (Mef-1 Strain), Poliovirus (Inactivated) Ty"
4635,"Diphtheria Toxoid, Tetanus Toxoid, Pertussis, Inactivated, Whole Cell, Combinations With Toxoids"
4636,Polypodium Leucotomos Root
4637,Tigecycline
4638,"Sodium Dihydrogen Phosphate, Sodium Sulfate Anhydrous"
4639,Cynarae Herbae Extractum Siccum
4640,"Angelica Archangelica Root, Melissa Officinalis Leaf, Nutmeg Seeds, Cinnamon Bark"
4641,"Dry Extract Of Fresh Artichoke Leaf (1:30-31), Extraction Solvent: Ethanol 65% V/V, Dry Extract Of Fresh Dandelion Herb With Root (1:17-18), Extraction Solvent: Ethanol 51% V/V, Dry Extract Of Boldo Leaf (1:10-11), Extraction Solvent: Ethanol 70% V/V, Tin"
4642,"Citrullus Colocynthis Dil. D6, Carbo Vegetabilis D6"
4643,"Caraway Fruit, Rhamnus Frangula L. Cortex, Menthae Piperitae Folium, Refined And Standardized Dry Extract Of Milk Thistle Fruit (24-27:1), Extraction Solvent: Acetone And Water (95:5), Taraxacum Officinale Root"
4644,"Eichhornia Dil. D1, Quassia Amara, Taraxacum Officinale, Okoubaka Aubrevillei"
4645,"Picrasma Excelsa, Quassia Amara Dil. D 3, Okoubaka Aubrevillei D3, Eichhornia Dil. D3, Taraxacum Officinale D3"
4646,"Aspidium (Dryopteris) Filix-Mas Folium Rec. Ethanol. Digest. D1, Polypodium Vulgare Folium Rec. Ethanol. Digest. D1, Scolopendrium (Phyllitis) Folium Rec. Ethanol. Digest. D1, Salix Alba Folium Rec. Ethanol. Digest. D1, Salix Viminalis Folium Rec. Ethanol"
4647,"Dryopteris Filix-Mas, Folium Rec., Ethanol. Digestio 1:3,1, Polypodium Vulgare, Folium Rec., Ethanol. Digestio 1:3,1, Salix Alba / Purpurea / Viminalis, Folium Rec., Ethanol. Digestio 1:3,1, Phyllitis Scolopendrium, Folium Rec., Ethanol. Digestio 1:3,1"
4648,"Liquid Extract (1:5) From St. John’s Wort, Chamomile Flower, Peppermint Leaf, Rhubarb Root, Rose Fruit, Fennel Fruit, Coriander Fruit, Extraction Solvent: Ethanol 70% (V/V)"
4649,"Carbo Vegetabilis D8, Citrullus Colocynthis D4, Strychnos Nux-Vomica D6, Atropa Bella-Donna D6, Plumbum Metallicum D8"
4650,"Plumbum Metallicum Dil. D8, Atropa Bella-Donna Dil. D6, Strychnos Nux-Vomica Dil. D6, Carbo Vegetabilis Dil. D8, Citrullus Colocynthis Dil. D4"
4651,Digoxin Immune Fab (Ovine)
4652,Digitoxin
4653,"Digitalis Purpurea, Ethanol. Digestio Dil. D2"
4654,Digoxin
4655,Digoxin Ph. Eur.
4656,"Disodium Phosphate, Anhydrous, Sodium Dihydrogen Phosphate Anhydrous"
4657,Phenytoin
4658,Dihydrocodeine
4659,Dihydrocodeine Tartrate Bp
4660,Potassium Dihydrogen Phosphate
4661,Theophylline Sodium Acetate
4662,"Daphne Mezereum Dil. D 6, Ranunculus Bulbosus D4, Citrullus Colocynthis Dil. D4"
4663,"Citrullus Colocynthis Dil. D 4, Daphne Mezereum Dil. D 6, Ranunculus Bulbosus D4"
4664,Unithiol
4665,Unithiol Monohydrate
4666,Dorzolamide Hydrochloride
4667,Dimenhydrinate Bp
4668,"Diosmin, Micronized"
4669,"Micronized Flavonoids, Containing 90% Diosmin And 10% Other Flavonoids Expressed As Hesperidin"
4670,Phenindione
4671,Docusate Sodium
4672,"Ibuprofen, Isopropyl Myristate"
4673,Vardenafil Hydrochloride
4674,"Glucose, Anhydrous, Sodium Hydrogen Carbonate, Potassium Chloride, Sodium Chloride, Citric Acid"
4675,"Potassium Chloride, Sodium Chloride, Glucose, Disodium Hydrogen Citrate"
4676,"Potassium Chloride Ph. Eur., Sodium Acid Citrate Bp, Glucose Ph. Eur., Sodium Chloride Ph. Eur."
4677,"Potassium Chloride Ph. Eur., Sodium Citrate Ph. Eur., Rice Powder, Sodium Chloride Ph. Eur."
4678,"Ibuprofen, Menthol"
4679,Dipentamethylenethiuram Disulfide
4680,Olsalazine Sodium
4681,Alanyl Glutamine
4682,Diphenylthiourea
4683,"Aluminium Phosphate, Hydrated, Poliovirus (Inactivated) Type 3 (Saukett Strain), Poliovirus (Inactivated) Type 2 (Mef-1 Strain), Poliovirus (Inactivated) Type 1 (Mahoney Strain), Diphtheria Toxoid Adsorbed On Aluminium Phosphate, Hydrated, Tetanus Toxoid"
4684,Piritramide
4685,Pipamperone
4686,Pipamperone Hydrochloride
4687,"Dipyridamole, Acetylsalicylic Acid"
4688,"Chlorocresol, Cetostearyl Alcohol"
4689,"Betamethasone Dipropionate, Betamethasone Sodium Phosphate"
4690,Dipyridamole Bp
4691,Dipyridamole Ph. Eur.
4692,"Chlorphenamine Maleate, Triamcinolone"
4693,"Acidum Silicicum Dil. D 10, Calcium Phosphoricum Dil. D 10, Discus Intervertebralis Thoracalis Suis Dil. D 6, Bambusa Arundinacea/Bambus Vulgaris E Nodo Sicc. Dil. D 6, Auri Solutio Colloidalis Dil. D 6, Magnesium Phosphoricum Dil. D10"
4694,"Arnica Montana Dil. D3, Acidum Silicicum Dil. D 10, Calcium Phosphoricum Dil. D 10, Discus Intervertebralis Thoracalis Suis Dil. D 6, Bambusa Arundinacea/Bambus Vulgaris E Nodo Sicc. Dil. D 6, Auri Solutio Colloidalis Dil. D 6, Formica Rufa D3, Euphorbia"
4695,"Aesculus Hippocastanum E Semine Ferm 34c Dil. D49 (Hab, Vs. 34c), Arnica Montana E Planta Tota Ferm 33c Dil. D19 (Hab, Vs. 33c), Disci Intervertebrales Cervicales, Thoracici Et Lumbales Bovis Gl Dil. D7 (Hab, Vs. 41b), Formica Rufa Ex Animale Toto Gl Dil."
4696,"Argentum Metallicum Dil. D19 Aquos., Arnica Montana E Planta Tota Ferm 33c Dil. D19 (Hab, Vs. 33c), Disci Intervertebrales Cervicales, Thoracici Et Lumbales Bovis Gl Dil. D7 (Hab, Vs. 41b), Formica Rufa Ex Animale Toto Gl Dil. D6 (Hab, Vs. 41c), Phyllosta"
4697,"Arnica Montana E Planta Tota Ferm 33c Dil. D19 (Hab, Vs. 33c), Aurum Metallicum Dil. D14 Aquos., Disci Intervertebrales Cervicales, Thoracici Et Lumbales Bovis Gl Dil. D7 (Hab, Vs. 41b), Formica Rufa Ex Animale Toto Gl Dil. D6 (Hab, Vs. 41c), Phyllostachy"
4698,"Equisetum Arvense Ex Herba Ferm 35b Dil. D14 (Hab, Vs. 35b), Disci Intervertebrales Cervicales, Thoracici Et Lumbales Bovis Gl Dil. D7 (Hab, Vs. 41b), Formica Rufa Ex Animale Toto Gl Dil. D6 (Hab, Vs. 41c), Hypophysis Bovis Gl Dil. D7 (Hab, Vs. 41a), Nico"
4699,"Equisetum Arvense Ex Herba Ferm 35b Dil. D3 (Hab, Vs. 35b), Disci Intervertebrales Cervicales, Thoracici Et Lumbales Bovis Gl Dil. D5 (Hab, Vs. 41b), Formica Rufa Ex Animale Toto Gl Dil. D6 (Hab, Vs. 41c), Stannum Metallicum Dil. D5, Viscum Album (Mali) E"
4700,"Equisetum Arvense Ex Herba Ferm 35b Dil. D14 (Hab, Vs. 35b), Disci Intervertebrales Cervicales, Thoracici Et Lumbales Bovis Gl Dil. D5 (Hab, Vs. 41b), Formica Rufa Ex Animale Toto Gl Dil. D6 (Hab, Vs. 41c), Stannum Metallicum Dil. D5, Phyllostachys E Nodo"
4701,"Arnica Montana E Planta Tota Ferm 33c Dil. D19 (Hab, Vs. 33c), Disci Intervertebrales Cervicales, Thoracici Et Lumbales Bovis Gl Dil. D7 (Hab, Vs. 41b), Formica Rufa Ex Animale Toto Gl Dil. D6 (Hab, Vs. 41c), Stibium Metallicum Dil. D7, Phyllostachys E No"
4702,"Argentum Metallicum Dil. D18 Aquos., Arnica Montana E Planta Tota Ferm 33c Dil. D18 (Hab, Vs. 33c), Disci Intervertebrales Cervicales, Thoracici Et Lumbales Bovis Gl Dil. D6 (Hab, Vs. 41b), Formica Rufa Ex Animale Toto Gl Dil. D5 (Hab, Vs. 41c), Gelsemium"
4703,"Arnica Montana E Planta Tota Ferm 33c Dil. D1 (Hab, Vs. 33c), Argentum Metallicum Dil. D18 Aquos., Disci Intervertebrales Cervicales, Thoracici Et Lumbales Bovis Gl Dil. D3 (Hab, Vs. 41b), Formica Rufa Ex Animale Toto Gl Dil. D3 (Hab, Vs. 41c), Viscum Alb"
4704,"Disci Intervertebrales Cervicales, Thoracici Et Lumbales Bovis Gl Dil. D3 (Hab, Vs. 41b), Equisetum Arvense Ex Herba Ferm 35b Dil. D1 (Hab, Vs. 35b), Formica Rufa Ex Animale Toto Gl Dil. D3 (Hab, Vs. 41c), Stannum Metallicum Trit. D4, Viscum Album (Mali)"
4705,"Equisetum Arvense Ex Herba Ferm 35b Dil. D14 (Hab, Vs. 35b), Disci Intervertebrales Cervicales, Thoracici Et Lumbales Bovis Gl Dil. D5 (Hab, Vs. 41b), Formica Rufa Ex Animale Toto Gl Dil. D6 (Hab, Vs. 41c), Stannum Metallicum Dil. D5, Viscum Album (Mali)"
4706,"Acidum Ascorbicum D6, Acidum Picrinicum D6, Acidum Silicicum D6, Aesculus Hippocastanum D6, Ammonium Chloratum D8, Argentum Metallicum D10, Calcium Phosphoricum D10, Cartilago Suis D8, Cimicifuga Racemosa D4, Cinchona Pubescens D4, Citrullus Colocynthis D"
4707,"Asa Foetida D8, Hydrargyrum Oxydatum Rubrum D10, Kalmia Latifolia D8"
4708,"Discus Intervertebralis Suis D10, Discus Intervertebralis Suis D200, Discus Intervertebralis Suis D30"
4709,"Discus Intervertebralis Suis D12, Discus Intervertebralis Suis D200, Discus Intervertebralis Suis D30, Discus Intervertebralis Suis D8"
4710,"Cyanocobalamin, Folic Acid, Nicotinamide"
4711,Orphenadrine Hydrochloride
4712,Sitagliptin Hydrochloride
4713,"Vitex Agnus-Castus Fruit Dry Extract, Extraction Solvent Ethanol 60%"
4714,Phenylephrine
4715,Pamidronate Disodium
4716,Disopyramide Phosphate
4717,"Dexpanthenol, Poly(Vinyl Alcohol)"
4718,Disperse Blue 3
4719,Disperse Yellow 3
4720,Disperse Yellow 9
4721,Disperse Orange 3
4722,Disperse Red 1
4723,Disperse Red 17
4724,D-Penicillamine
4725,"Clidinium Bromide, Diazepam"
4726,"Methocarbamol, Paracetamol"
4727,Hamemelis Water
4728,Distilled Hamamelis Water
4729,Sufentanil Citrate
4730,"Dapsone, Ferrous Oxalate"
4731,Bisulepin Hydrochloride
4732,"Liothyronine Sodium, Levothyroxine Sodium"
4733,"Sulfadiazine, Trimethoprim"
4734,Metolazone
4735,"Bearberry Leaves Dry Extract (3-4:1), Extraction Solvent Water"
4736,Torasemide Sodium
4737,"Furosemide, Spironolactone"
4738,Xipamide
4739,"Betula, Zea Mays L., Extract Of Equisetum Arvense, Elymus Repens"
4740,Equisetum Arvense
4741,Dry Extract From Rubus Idaeus (3-5:1): Extraction Solvent: Water
4742,Raspberry Leaf Dry Extract
4743,Paroxetine Mesilate
4744,Iprazochrome
4745,"Medroxyprogesterone Acetate, Estradiol Valerate"
4746,Dimethylol Dimethyl Hydantoin
4747,"Technetium (99mtc) Succimer, Dimercaptosuccinic Acid"
4748,Dimercaptosuccinic Acid
4749,Succimer
4750,"Paracetamol Bp, Sodium Salicylate Bp"
4751,Ivy Leaf Dry Extract (Der 4-8:1)
4752,"Lidocaine Hydrochloride Monohydrate, Calcium Dobesilate Monohydrate"
4753,Dobutamine Hydrochloride
4754,"Phenolphthalein, Belladonna Extract, Cascara, Hyoscyamus, Podophyllum Resin"
4755,"Docetaxel, Ethanol"
4756,Anhydrous Docetaxel
4757,Docetaxel Trihydrate
4758,"Riboflavin Sodium Phosphate, Thiamine Hydrochloride, Calcium Folinate, Cyanocobalamin, Nicotinamide"
4759,Culture Lyophilisate Of Lactobacillus Gasseri
4760,"Doxazosin, Finasteride"
4761,Doxycycline
4762,Etodolac
4763,"Iris Versicolor Dil. D4, Sanguinaria Canadensis D4, Cyclamen Purpurascens Dil. D4"
4764,"Doxylamine Hydrogen Succinate, Paracetamol"
4765,Methocarbamol
4766,Methadone Hydrochloride
4767,"Ascorbic Acid, Acetylsalicylic Acid, Codeine Phosphate"
4768,"Daphne Mezereum Dil. D 6, Verbascum Densiflorum Dil. D1, Magnesium Phosphoricum Dil. D6, Citrullus Colocynthis Dil. D2, Dioscorea Villosa Dil. D4, Chininum Arsenicosum Dil. D4"
4769,"Heparin Sodium, Dexpanthenol, Dimethyl Sulfoxide"
4770,Metamizole Magnesium Hexahydrate
4771,"Hydroxyzine Hydrochloride, Propyphenazone, Codeine Phosphate Hemihydrate"
4772,Amylocaine Hydrochloride
4773,"Benzocaine, Myrrh Tincture"
4774,Hydromorphone Hydrochloride
4775,"Peppermint Oil, Eucalyptus Oil, Rosemary Oil"
4776,"Fluocortolone Pivalate, Anhydrous Lidocaine Hydrochloride"
4777,"Fluocortolone Pivalate, Lidocaine Hydrochloride"
4778,Harpagophyton
4779,"Trockenextrakt Aus Teufelskrallenwurzel (1,5-2,5:1), Auszugsmittel: Wasser"
4780,"Ammonium Bromatum Trit. D 3, Atropa Bella-Donna Trit. D4, Echinacea Trit D2, Mentholum Trit D2, Mercurius Cyanatus Trit D12, Calcium Iodatum Trit. D4"
4781,"Paracetamol Bp, Diphenhydramine Hydrochloride Bp, Caffeine Bp, Ephedrine Hydrochloride Bp"
4782,Pinazepam
4783,"Argentum Metallicum D19, Chamomilla Vulgaris, Radix, Decoctum D2, Gelsemium Sempervirens, Decoctum D4, Atropa Bella-Donna D3, Echinacea Angustifolia Mother Tincture"
4784,Prothipendyl Hydrochloride
4785,Prothipendyl Hydrochloride Monohydrate
4786,Domperidone Maleate
4787,"Estriol, Lactobacillus Acidophilus"
4788,Niflumic Acid
4789,Ademetionine
4790,Donepezil
4791,Cimicifuga Racemosa Root Dry Extract
4792,"Apis Mellifica Dil. D4, Cuprum Metallicum Dil. D10, Chamomilla Recutita Dil. D 3, Mercurius Solubilis Hahnemanni Dil D8, Gelsemium Dil. D4"
4793,Prednisolone Acetate
4794,Fluorodopa (18f)
4795,Anhydrous Methyldopa
4796,Mexiletine Hydrochloride
4797,"Liquid Extract From Melissa Leaves (1: 1), Extraction Solvent: Ethanol 30% (M/M), Fluid Extract From Rosemary Leaves (1: 1), Extraction Agent: Ethanol 19% (V/V), Liquid Extract From Valerian Root (1: 1), Extraction Solvent: Ethanol 40% (M/M), Fluid Extrac"
4798,Doxapram
4799,Doxapram Hydrochloride
4800,Doxapram Hydrochloride Bp
4801,Avatrombopag Maleate
4802,Gold
4803,Indoramin
4804,Otilonium Bromide
4805,"Neomycin Sulfate, Fluocinolone Acetonide"
4806,"Benzalkonium Chloride, Tyrothricin, Benzocaine"
4807,"Humulus Lupulus Liquid Extract, Valeriana Officinalis Liquid Extract"
4808,"Liquid Extract From Valerian Root (Equivalent To 160-270 Mg Of Valerian Root), Extraction Solvent: Ethanol 58% (V/V), Liquid Extract From Hop Strobile (Equivalent To 145-220 Mg Of Hop Strobile), Extraction Solvent: Ethanol 65% (V/V)"
4809,"Tincture Of Valerian Root (1:10-11), Extraction Solvent: Ethanol 58% V/V, Liquid Extract From Hop Strobile (1:12-13), Extraction Solvent: Ethanol 65% (V/V)"
4810,"Hop Strobile Tincture (1:12-13), Extraction Solvent: Ethanol 65% V/V, Tincture Of Valerian Root (1:10-11), Extraction Solvent: Ethanol 58% V/V"
4811,"Coffea Arabica D4, Avena Sativa D1, Matricaria Recutita D4, Passiflora Incarnata D2, Strychnos Ignatii D6, Valeriana Officinalis Ø, Humulus Lupulus D2, Zincum Isovalerianicum D6"
4812,"Valeriana Officinalis Dry Extract, Passiflora Incarnata Dry Extract, Melissa Officinalis Dry Extract"
4813,Midazolam Maleate
4814,"Kalium Phosphoricum Dil. D 3, Avena Sativa Mother Tincture, Zincum Metallicum Dil. D8, Passiflora Incarnata Mother Tincture, Coffea Arabica Dil. D4, Humulus Lupulus Dil. D2"
4815,Remifentanil
4816,"Valeriana Officinalis Ø, Avena Sativa Dil. D1, Coffea Arabica Dil. D4, Eschscholtzia Californica Dil. D2, Humulus Lupulus Dil. D2, Passiflora Incarnata Dil. D2, Zincum Valerianicum Dil. D6"
4817,Valeriana Officinalis L. Root Dry Extract
4818,Midazolam Hydrochloride
4819,Loprazolam
4820,"Valeriana Officinalis Ø, Avena Sativa Mother Tincture, Passiflora Incarnata Mother Tincture"
4821,"Timolol Maleate, Dorzolamide"
4822,Dosulepin Hydrochloride
4823,Rifamycin Sodium
4824,"Isopropyl Myristate, Liquid Paraffin"
4825,Liquid Paraffin
4826,"Lamivudine, Dolutegravir"
4827,"Lamivudine, Dolutegravir Sodium"
4828,Pretomanid
4829,Doxepin
4830,Doxycycline (Anhydrous)
4831,"Calcium Dobesilate Monohydrate, Lidocaine Hydrochloride"
4832,"Calcium Dobesilate, Lidocaine Hydrochloride"
4833,"Dexamethasone Acetate, Calcium Dobesilate Monohydrate, Lidocaine Hydrochloride"
4834,"Dexamethasone Acetate, Calcium Dobesilate, Lidocaine Hydrochloride"
4835,Doxorubicin
4836,Doxycycline Bp
4837,Doxylamine
4838,"Diphenhydramine Hydrochloride Ph. Eur., Paracetamol Ph. Eur."
4839,Duloxetine Hydrochloride
4840,Kelp
4841,"Dry Extract From Artichoke Leaf (Der 25-35: 1), Extraction Solvent: Water"
4842,"Dry Extract From Turnera Diffusa Leaf (5-7 : 1), Extraction Solvent: Ethanol 90 % (V/V)"
4843,"Dry Extract Of Passion Flower (5-7:1), Dry Extract Of Melissa Leaf (4-6:1), Extraction Agent: Methanol 30% (V/V), Valerian Root Dry Extract (3-6:1), Ethanol 70 %(V/V)"
4844,"Dry Extract Of Agnus Castus Fruit (7-13: 1), Extraction Solvent: Ethanol 60% (M / M)"
4845,Pumpkin Seed Extract
4846,"Dry Extract Of Defatted Cucurbita Pepo Convar. Citrullina Var. Styriaca Seed (Der 21-36:1), Extraction Solvent Ethanol 60% M/M"
4847,"Dry Extract Of Milk Thistle Fruit (20-35:1), Extraction Solvent: Acetone 96% (V/V)"
4848,"Thick Extract From Saw Palmetto Fruit (Der: 9-11:1), Extraction Solvent: Ethanol 96% V/V"
4849,"Arnica Montana, Calendula Officinalis, Symphytum Officinale D4, Echinacea Purpurea Mother Tincture"
4850,Dry Extract Of Cimicifuga Rhizome (Der 4.5-8.5:1)
4851,Hyperici Herba
4852,"Extract Of Potentilla Anserina (1:1,7-2,2), Extraction Solvent: Ethanol 40 % (V/V), Extract Of Matricariae Flos (1:1,7-2,2), Extraction Solvent: Ethanol 45 % (V/V), Extract Of Liquiritiae Radix (1:1,7-2,2), Extraction Solvent: Ethanol 40 % (V/V), Extract"
4853,"Fennel, Bitter, Rhamnus Frangula L. Cortex, Menthae Piperitae Folium, Sennae Folium"
4854,"Menthae Piperitae Folium, Centaurii Herba, Malvae Folium"
4855,"Tiliae Flos, Marshmallow Root, Plantaginis Lanceolatae Folium, Sambucus Nigra Flower, Spiraeae Flos"
4856,"Crataegi Folium Cum Flore, Melissa Leaf"
4857,"Marshmallow Root, Thyme, Plantaginis Lanceolatae Folium"
4858,Malvae Folium
4859,"Matricariae Flos, Menthae Piperitae Folium, Centaurii Herba, Taraxaci Radix"
4860,"Matricariae Flos, Menthae Piperitae Folium, Centaurii Herba, Malvae Folium, Calamus Rhizome"
4861,Visci Herba
4862,"Melissa Leaf, Valerianae Radix"
4863,"Equisetum Stem, Restharrow Root, Urticae Folium"
4864,Menthae Piperitae Folium
4865,Millefolii Herba
4866,"Melissa Leaf, Malvae Folium"
4867,Centaurii Herba
4868,Equisetum Stem
4869,"Calcium Iodatum D6, Belladonna D6, Hepar Sulfuris D12, Lachesis D 12, Kalium Bichromicum D8, Phytolacca Americana D6, Apis Mellifica D6, Teucrium Marum D6, Hydrargyrum Bichloratum D 12"
4870,"Calcium Iodatum D6, Belladonna D6, Hepar Sulfuris D12, Hydrargyrum Bichloratum D8, Lachesis D 12, Kalium Bichromicum D8, Phytolacca Americana D6, Apis Mellifica D6, Teucrium Marum D6"
4871,"Sepia Officinalis Trit. D4, Cimicifuga D4, Lachesis D 12, Acidum Sulfuricum D4, Sanguinaria Canadensis Dil. D4"
4872,"Rhododendron D4, Rhus Toxicodendron D4, Calcium Phosphoricum D12, Causticum Hahnemanni D6, Berberis Vulgaris D4, Solanum Dulcamara D4, Strychnos Nux-Vomica D4"
4873,"Rhododendron D4, Rhus Toxicodendron D4, Calcium Phosphoricum D12, Causticum Hahnemanni D6, Berberis Vulgaris D4, Solanum Dulcamara D4"
4874,"Baryta Muriatica D12, Arnica Montana D6, Nitroglycerinum D6, Conium Maculatum D6, Phosphorus D12"
4875,"Hamamelis D 4, Collinsonia Canadensis D4, Paeonia Officinalis D4, Acidum Nitricum D6, Strychnos Nux-Vomica D4, Aesculus Hippocastanum D4, Sulfur D5, Lycopodium Dil. D5"
4876,"Avena Sativa D4, Valeriana D4, Eschscholtzia Californica D4, Humulus Lupulus D4, Coffea Arabica D4, Matricaria Recutita D4, Strychnos Ignatii D6, Passiflora Incarnata D4, Zincum Isovalerianicum D6"
4877,"Iris Versicolor D6, Cimicifuga Racemosa D6, Sanguinaria Canadensis D6, Spigelia Anthelmia D6, Gelsemium Sempervirens D6"
4878,"Cimicifuga D4, Gelsemium Sempervirens D4, Iris Versicolor D4, Spigelia Anthelmia D4, Sanguinaria Canadensis Dil. D4"
4879,"Scrophularia Nodosa D4, Acidum Lacticum D4, Natrium Selenosum D5, Germanium Oxidatum D6, Naja Naja D6"
4880,"Acidum Lacticum D6, Scrofularia Nodosa D6, Naja Naja D12"
4881,"Equisetum Hiemale D6, Berberis Vulgaris D4, Lytta Vesicatoria D4, Solanum Dulcamara D4"
4882,"Thyreoidinum E Gland. Thyreoid. Suis D12, Pancreas Suis D12, Testis Suis D12, Hypophysis Suis D12, Sus Scrofa Adrenal Gland D12, Thymus Suis D12"
4883,"Thyreoidinum E Gland. Thyreoid. Suis D12, Pancreas Suis D12, Hypophysis Suis D12, Sus Scrofa Adrenal Gland D12, Thymus Suis D12, Sus Scrofa Ovary D12"
4884,"Lachesis D 12, Naja Naja D12, Grindelia Robusta D4"
4885,"Arsenicum Album D30, Apis Mellifica D30, Rhus Toxicodendron D30, Sulfur D30"
4886,"Bryonia D4, Kalium Carbonicum D6, Ranunculus Bulbosus D4"
4887,"Chimaphila Umbellata D6, Populus Tremuloides D6, Chondrodendron D6, Pulsatilla Pratensis D6, Serenoa Repens D6, Conium Maculatum D6"
4888,"Chimaphila Umbellata D4, Chondrodendron D4, Pulsatilla Pratensis D4, Populus Tremuloides D4, Serenoa Repens D4, Conium Maculatum D5, Ferrum Picrinicum D4"
4889,"Acidum Nitricum D12, Acidum Phosphoricum D12, Calcium Iodatum D12, Ferrum Iodatum D12, Sulfur Iodatum D12"
4890,"Acidum Nitricum D6, Berberis Vulgaris D4, Smilax D4, Lycopodium Dil. D5"
4891,"Acidum Nitricum D6, Berberis Vulgaris D6, Lycopodium Clavatum D6, Smilax D6"
4892,"Crocus Sativus D4, Ferrum Phosphoricum D8, Secale Cornutum D6, Aesculus Hippocastanum D4, Hamamelis Virginiana D6, Acidum Sulfuricum D4"
4893,"Conium Maculatum D30, Anamirta Cocculus D30, Theridion Curassavicum D30, Argentum Nitricum D30"
4894,"Kalmia Latifolia D6, Selenicereus Grandiflorus D6, Urginea Maritima D6, Phosphorus D6, Crataegus D6, Digitalis Purpurea D6, Kalium Carbonicum D6, Spigelia Anthelmia D6, Strophanthus Gratus D6"
4895,"Arnica Montana Oleos D3, Atropa Bella-Donna Oleos D3, Solanum Dulcamara Oleos D3, Calendula Officinalis Oleos D3, Camphora Oleos D3, Hamamelis Virginiana Oleos D3, Hypericum Perforatum Oleos D3, Echinacea Oleos D3, Achillea Millefolium Oleos D3, Strychnos"
4896,"Cinchona Pubescens D6, Ferrum Muriaticum D6, Sulfur D30, Lycopodium Clavatum D12"
4897,"Veratrum Album D12, Salvia Officinalis D30, Lachesis D30, Sepia Officinalis D30, Pilocarpus D4"
4898,"Silicea D30, Cuprum Metallicum D12, Bufo Rana D200, Atropa Bella-Donna D30, Zincum Metallicum D12"
4899,"Silicea D30, Hekla Lava E Lava D12, Calcium Carbonicum Hahnemanni D30, Calcium Fluoratum D12, Calcium Phosphoricum D12"
4900,"Delphinium Staphisagria D8, Calcium Carbonicum Hahnemanni D30, Matricaria Recutita D4"
4901,"Zincum Isovalerianicum D 8, Amanita Muscaria D12, Lachesis D30, Strychnos Ignatii D12, Phosphorus D30, Magnesium Phosphoricum D12"
4902,"Aluminium Oxydatum D12, Bryonia D4, Citrullus Colocynthis D4, Lycopodium Clavatum D4, Strychnos Nux-Vomica D6, Sulfur D12"
4903,"Aluminium Oxydatum D12, Bryonia D6, Citrullus Colocynthis D6, Lycopodium Clavatum D6, Strychnos Nux-Vomica D6, Sulfur D12"
4904,"Acidum Arsenicosum Dil. D200, Bryonia D30, Sulfur D30, Apis Mellifica D6, Apisinum D12"
4905,"Vespa Crabro Dil. D12, Lachesis D30, Lycopodium Clavatum D30, Palladium Metallicum D12"
4906,"Acidum Phosphoricum D12, Secale Cornutum D4, Lycopodium Clavatum D30, Natrium Sulfuricum D12, Acidum Arsenicosum Dil. D8"
4907,"Acidum Phosphoricum D12, Secale Cornutum D4, Acidum Arsenicosum D8, Natrium Sulfuricum D12"
4908,"Acidum Phosphoricum D12, Conium Maculatum D30, Testis Suis D12, Vitex Agnus-Castus D8, Turnera Diffusa D6"
4909,"Acidum Phosphoricum D12, Vitex Agnus-Castus D8, Turnera Diffusa D6"
4910,"Silybum Marianum D12, Pulsatilla Pratensis Dil. D30, Vipera Berus D12, Secale Cornutum D30, Aesculus Hippocastanum D30, Hamamelis Virginiana D6"
4911,"Silybum Marianum D12, Vipera Berus D12, Pulsatilla Pratensis D30, Secale Cornutum D30, Aesculus Hippocastanum D30, Hamamelis Virginiana D6"
4912,"Natrium Sulfuricum D200, Eriodictyon Californicum D12, Carbo Vegetabilis D30, Kalium Phosphoricum D30, Acidum Arsenicosum Dil. D8"
4913,"Eriodictyon Californicum D12, Acidum Arsenicosum D8, Carbo Vegetabilis D12, Natrium Sulfuricum D6"
4914,"Arum Maculatum D12, Arnica Montana Dil. D30, Argentum Nitricum D12, Calcium Carbonicum Hahnemanni D30, Phosphorus D30"
4915,"Filipendula Ulmaria D12, Natrium Sulfuricum D8, Lithium Carbonicum D12, Ferrum Phosphoricum D12, Rhododendron D6"
4916,"Filipendula Ulmaria D12, Lithium Carbonicum D12, Strychnos Nux-Vomica D30, Ferrum Phosphoricum D12, Natrium Sulfuricum D30, Rhododendron D6"
4917,"Coffea Arabica D30, Lachesis D30, Strychnos Ignatii D30, Nitroglycerinum D12"
4918,"Silicea D30, Kalium Carbonicum D6, Solanum Dulcamara D30, Phosphorus D30, Ferrum Phosphoricum D12"
4919,"Mercurius Solubilis Hahnemanni D30, Calcium Carbonicum Hahnemanni D30, Kalium Bichromicum D12, Sulfur D30, Hydrargyrum Sulfuratum Rubrum D12, Arsenicum Album D12, Pulsatilla Pratensis D12"
4920,"Anacardium D6, Belladonna D6, Acidum Arsenicosum D6, Carbo Vegetabilis D8, Argentum Nitricum D6, Lycopodium Clavatum D6, Matricaria Recutita D6, Strychnos Nux-Vomica D6"
4921,"Cimicifuga D4, Natrium Chloratum D30, Aesculus Hippocastanum Dil. D6, Strontium Carbonicum D12, Citrullus Colocynthis D6, Strychnos Nux-Vomica D30, Phytolacca Americana D8"
4922,"Iodum D30, Natrium Chloratum D30, Lapis Albus D12, Lycopus Virginicus D12"
4923,"Apomorphinum Hydrochloricum Dil. D12, Anamirta Cocculus Dil. D12, Psychotria Ipecacuanha D8, Strychnos Nux-Vomica D30, Petroleum Rectificatum D12"
4924,"Natrium Chloratum D200, Bromum D12, Juglans Regia D30, Hepar Sulfuris D30, Kalium Bromatum D12"
4925,"Lycopodium D 30, Anacardium D6, Phosphorus D6, Kalium Phosphoricum D6"
4926,"Calendula Officinalis D4, Hamamelis Virginiana D4, Rhus Toxicodendron D6, Ruta Graveolens D6, Arnica Dil. D4"
4927,"Symphytum Officinale D12, Calendula Officinalis D6, Arnica Montana D6, Rhus Toxicodendron D12, Ruta Graveolens D6, Hamamelis Virginiana D6"
4928,"Artemisia Vulgaris D4, Artemisia Cina D4, Tanacetum Vulgare D4, Hydrargyrum Bichloratum D6, Graphites D30"
4929,"Artemisia Cina D6, Artemisia Vulgaris D6, Tanacetum Vulgare D6, Graphites D30, Hydrargyrum Bichloratum D 12"
4930,"Silicea D30, Teucrium Scorodonia D6, Calcium Carbonicum Hahnemanni D30, Arsenum Iodatum D6, Lycopodium Clavatum D30, Phosphorus D30"
4931,"Euspongia Officinalis D4, Natrium Sulfuricum D4, Fucus Vesiculosus D4, Calcium Carbonicum Hahnemanni D12, Graphites D12"
4932,"Euspongia Officinalis D6, Fucus Vesiculosus D6, Natrium Sulfuricum D6, Calcium Carbonicum Hahnemanni D12, Graphites D12"
4933,"Camphora D4, Eupatorium Perfoliatum D4, Aconitum Napellus D4, Baptisia Tinctoria D4, Bryonia D4, Causticum Hahnemanni D6, Ferrum Phosphoricum D8, Eucalyptus Globulus D4, Gelsemium Sempervirens D6, Sabadilla D6"
4934,"Camphora D6, Eucalyptus Globulus D6, Baptisia Tinctoria D6, Bryonia D6, Causticum Hahnemanni D6, Ferrum Phosphoricum D8, Gelsemium Sempervirens D6, Aconitum Napellus D6, Sabadilla D6, Eupatorium Perfoliatum D6"
4935,"Fumaria Officinalis D6, Hepar Sulfuris D12, Smilax D6"
4936,"Rhus Toxicodendron D1, Rhododendron Mother Tincture, Camphora Oleos D3, Nux Vomica Mother Tincture, Berberis Vulgaris Mother Tincture, Solanum Dulcamara D1"
4937,"Arisaema Triphyllum D4, Mercurius Solubilis Hahnemanni D 8, Pulsatilla Pratensis D4, Atropa Bella-Donna D4, Ferrum Phosphoricum D8"
4938,"Secale Cornutum D4, Cuprum Aceticum D6, Nicotiana Tabacum D4"
4939,"Tabacum D6, Cuprum Aceticum D6, Secale Cornutum D6"
4940,"Plumbum Metallicum D12, Chamaelirium Luteum D6, Solidago Virgaurea D6, Phosphorus D6"
4941,"Plumbum Metallicum D12, Phosphorus D6, Chamaelirium Luteum D4, Kalium Arsenicosum D4, Solidago Virgaurea D4"
4942,"Tabacum D6, Ammonium Carbonicum D4, Hydrocyanicum Acidum D6, Camphora D4, Veratrum Album D4, Carbo Vegetabilis D30"
4943,"Rhus Toxicodendron D4, Daphne Mezereum D4, Natrium Chloratum D6"
4944,"Citrullus Colocynthis D12, Ranunculus Bulbosus D4, Rhus Toxicodendron D30, Arsenicum Album D12"
4945,"Cinchona Pubescens D6, Chelidonium Majus D6, Citrullus Colocynthis D6, Lycopodium Clavatum D6, Silybum Marianum D6, Strychnos Nux-Vomica D6, Cholesterolum D6"
4946,"Chelidonium Majus D4, Cinchona Pubescens D4, Citrullus Colocynthis D6, Lycopodium Clavatum D4, Silybum Marianum D4, Strychnos Nux-Vomica D4, Cholesterolum D6"
4947,"Verbascum Densiflorum Dil. D4, Aconitum Napellus D4, Citrullus Colocynthis D6, Kalmia Latifolia D4, Simarouba Cedron D4"
4948,"Arsenicum Album D30, Magnesium Phosphoricum D8, Gnaphalium Polycephalum D4, Aconitum Napellus D4, Citrullus Colocynthis D4"
4949,"Arsenicum Album D30, Magnesium Phosphoricum D8, Gnaphalium Polycephalum D6, Citrullus Colocynthis D6, Aconitum Napellus D6"
4950,"Phosphorus D6, Citrullus Colocynthis D6, Lycopodium Clavatum D6, Momordica Balsamina D4"
4951,"Bryonia D4, Ledum Palustre D4, Arnica Dil. D4, Acidum Sulfuricum D6, Argentum Metallicum D12, Causticum Hahnemanni D12"
4952,"Arnica Montana D6, Bryonia D6, Acidum Sulfuricum D6, Argentum Metallicum D12, Ledum Palustre D6, Causticum Hahnemanni D12"
4953,"Causticum Hahnemanni D30, Ferrum Phosphoricum D8, Sepia Officinalis D6, Kalium Phosphoricum D12, Pulsatilla Pratensis D12"
4954,"Cimicifuga D4, Caulophyllum Thalictroides Dil D4, Matricaria Recutita D30, Cuprum Aceticum D4, Magnesium Phosphoricum D6, Viburnum Opulus D4"
4955,"Ammi Visnaga D4, Kalium Iodatum D4, Lobelia Inflata D4, Aconitum Napellus D4, Mentholum D4, Datura Stramonium D4, Drosera D4, Convallaria Majalis D4"
4956,"Natrium Chloratum D4, Robinia Pseudoacacia D6, Amanita Muscaria D5, Echinacea D10, Nicotiana Tabacum D4"
4957,"Delphinium Staphisagria D6, Euphrasia D4, Hydrargyrum Biiodatum D8"
4958,"Belladonna D6, Corallium Rubrum D12, Thymus Vulgaris D6, Bryonia D6, Cuprum Aceticum D12, Dactylopius Coccus D6, Matricaria Recutita D6, Psychotria Ipecacuanha D6, Drosera D6, Ammonium Causticum D6"
4959,"Cimicifuga D4, Ginkgo Biloba D4, Gelsemium Sempervirens D4, Aranea Diadema D4, Anamirta Cocculus D4, Citrullus Colocynthis D4, Cyclamen Purpurascens D4, Spigelia Anthelmia D4"
4960,"Euspongia Officinalis D6, Corallium Rubrum D12, Atropa Bella-Donna D4, Bryonia D4, Cuprum Aceticum D12, Dactylopius Coccus D6, Psychotria Ipecacuanha D6, Drosera D4, Sticta Dil. D4"
4961,"Phosphoric Acid D2, Nux Vomica D3, Cinnamomum Verum D2, Hydrastis Canadensis D2, Alfalfa D2, China D2, Avena Sativa D2, Calcarea Phosphorica D6, Magnesium Phosphoricum D6, Panax Ginseng D2"
4962,"Hydrargyrum Sulfuratum Rubrum D8, Pulsatilla Pratensis D6, Kalium Bichromicum D6, Calcium Carbonicum Hahnemanni D12"
4963,"Calcium Iodatum D6, Barium Chloratum D6, Apis Mellifica Dil. D8, Atropa Bella-Donna D4, Hepar Sulfuris D12, Hydrargyrum Bichloratum D8, Lachesis D 12, Kalium Bichromicum D8, Phytolacca Americana D4, Teucrium Marum D6"
4964,"Sepia Officinalis Dil. D 8, Cimicifuga D4, Lachesis D 12, Acidum Sulfuricum D4, Sanguinaria Canadensis Dil. D4"
4965,"Collinsonia Canadensis D4, Paeonia Officinalis D3, Sulfur D6, Aesculus Hippocastanum D3, Acidum Nitricum D6, Hamamelis Virginiana D4, Kalium Carbonicum D6, Lycopodium Clavatum D6, Strychnos Nux-Vomica D4, Graphites D9"
4966,"Avena Sativa D4, Valeriana D4, Eschscholtzia Californica D4, Humulus Lupulus D4, Ammonium Bromatum D4, Coffea Arabica D4, Matricaria Recutita D4, Strychnos Ignatii D6, Passiflora Incarnata D4, Zincum Isovalerianicum D6"
4967,"Naja Naja D8, Acidum Lacticum D4, Scrophularia Nodosa D3"
4968,"Equisetum Hiemale D6, Berberis Vulgaris D4, Lytta Vesicatoria D6, Solanum Dulcamara D4"
4969,"Acidum Nitricum D6, Berberis Vulgaris D4, Lycopodium Clavatum D6, Smilax D4"
4970,"Silicea D30, Hekla Lava E Lava D12, Calcium Hypophosphorosum D6, Daphne Mezereum D6, Mercurius Praecipitatus Ruber Dil. D12, Calcium Carbonicum Hahnemanni D30, Calcium Fluoratum D12, Calcium Phosphoricum D12, Matricaria Recutita D6"
4971,"Plumbum Aceticum D12, Aluminium Oxydatum D12, Bryonia D4, Citrullus Colocynthis D4, Hydrargyrum Bichloratum D8, Lachesis D30, Lycopodium Clavatum D6, Strychnos Nux-Vomica D6, Sulfur D12"
4972,"Silybum Marianum D12, Calcium Fluoratum D30, Daphne Mezereum D12, Placenta Totalis Suis D30, Vipera Berus D12, Pulsatilla Pratensis D30, Secale Cornutum D30, Aesculus Hippocastanum D30, Hamamelis Virginiana D6, Atropa Bella-Donna D12"
4973,"Natrium Chloratum D30, Natrium Sulfuricum D200, Hypophysis Suis D30, Eriodictyon Californicum D12, Acidum Arsenicosum D8, Atropa Bella-Donna D30, Bryonia D12, Carbo Vegetabilis D30, Kalium Phosphoricum D30, Veratrum Album D30"
4974,"Mercurius Solubilis Hahnemanni D30, Calcium Carbonicum Hahnemanni D30, Sepia Officinalis D12, Kalium Bichromicum D12, Sulfur D30, Hydrargyrum Sulfuratum Rubrum D12, Arsenicum Album D12, Pulsatilla Pratensis D12"
4975,"Anacardium D6, Arsenicum Album D30, Phosphorus D6, Kalium Phosphoricum D6, Lycopodium Clavatum D30, Sepia Officinalis D8, Atropa Bella-Donna D12, Gelsemium Sempervirens D12"
4976,"Atropa Bella-Donna D4, Calendula Officinalis D3, Hamamelis Virginiana D4, Rhus Toxicodendron D6, Echinacea D4, Ruta Graveolens D6, Arnica Dil. D4"
4977,"Euspongia Officinalis Dil. D 5, Natrium Sulfuricum D4, Fucus Vesiculosus D4, Calcium Carbonicum Hahnemanni D12, Graphites D12"
4978,"Camphora D4, Eupatorium Perfoliatum D3, Aconitum Napellus D4, Baptisia Tinctoria D4, Bryonia D4, Causticum Hahnemanni D6, Ferrum Phosphoricum D8, Eucalyptus Globulus D4, Gelsemium Sempervirens D6, Sabadilla D6"
4979,"Tabacum D6, Aesculus Hippocastanum Dil. D6, Cuprum Aceticum D6, Secale Cornutum D6, Veratrum Album D6, Potentilla Anserina D6"
4980,"Chelidonium Majus D4, Cinchona Pubescens D4, Citrullus Colocynthis D6, Lycopodium Clavatum D6, Silybum Marianum D4, Strychnos Nux-Vomica D4, Cholesterolum D6"
4981,"Arsenicum Album D30, Magnesium Phosphoricum D8, Aconitum Napellus D4, Citrullus Colocynthis D4, Pseudognaphalium Obtusifolium D3"
4982,"Ignatia Dil. D5, Panax Ginseng D4, Acidum Phosphoricum D4, Sepia Officinalis D6, Anamirta Cocculus D5, Chamaelirium Luteum D5, Zincum Metallicum D6"
4983,"Chamaelirium Luteum D6, Acidum Phosphoricum D6, Sepia Officinalis D6, Strychnos Ignatii D6, Anamirta Cocculus D6, Zincum Metallicum D6"
4984,"Chamaelirium Luteum D6, Acidum Phosphoricum D6, Sepia Officinalis D6, Strychnos Ignatii D6, Anamirta Cocculus D6, Panax Ginseng D6, Zincum Metallicum D6"
4985,"Ignatia Dil. D5, Acidum Phosphoricum D4, Sepia Officinalis D6, Anamirta Cocculus D5, Chamaelirium Luteum D5, Zincum Metallicum D6"
4986,"Natrium Chloratum D30, Mahonia Aquifolium D4, Calcium Carbonicum Hahnemanni D30, Arsenicum Album D12, Centella Asiatica D4, Graphites D12"
4987,Tiliae Flos
4988,"Equisetum Arvense, Ethanol. Decoctum Dil. D15, Arnica Montana D15, Mandragora Officinarum Ethanol. Decoctum D4, Oryctolagus Cuniculus Cartilago D8, Betula Pubescens Leaf D4, Formica Rufa D10"
4989,"Rhamnus Frangula Dry Hydroalcoholic Extract, Standardised, Cascara Dry Hydroalcoholic Extract, Standardised, Fucus Dry Aqueous Extract"
4990,"Cetrimide, Benzalkonium Chloride Solution"
4991,"Ether, Tincture Of Valerian Root (1:5), Extraction Liquid: Ethanol 70 V/V, Mint Oil"
4992,"Chlorhexidine Gluconate, Tetracaine Hydrochloride"
4993,Levocarnitine Propionate
4994,Dronedarone
4995,Dronedarone Hydrochloride
4996,Opium Tincture
4997,"Tincture From Opium, Raw, Corresponding To 10mg Of Morphin, Extraction Solvent: Ethanol 33% (V/V)"
4998,"Lobelia Inflata D3, Belladonna D3, Ipeca D 4, Dactylopius Coccus D3, Veratrum Album D8, Viola Odorata Mother Tincture, Thymus Vulgaris D3, Cuprum Aceticum D4, Pulsatilla Pratensis D3, Drosera D2"
4999,"Hedera Helix, Thymus Vulgaris, Psychotria Ipecacuanha D1, Drosera Rotundifolia, Dactylopius Coccus D1"
5000,"Pulsatilla D3, Lobelia Inflata D3, Belladonna D3, Ipeca D 4, Dactylopius Coccus D3, Veratrum Album D8, Thimus Vulgaris D3, Viola Odorata Mother Tincture, Cuprum Aceticum D4, Drosera D2"
5001,"Cuprum Aceticum Dil. D4, Drosera Dil. D30, Cuprum Aceticum Dil. D10, Cuprum Aceticum Dil. D200, Cuprum Aceticum Dil. D30, Drosera Dil. D200, Drosera Dil. D10, Drosera Dil. D2"
5002,"Drosera Dil. D30, Cuprum Aceticum Dil. D10, Cuprum Aceticum Dil. D200, Cuprum Aceticum Dil. D30, Drosera Dil. D200, Drosera Dil. D10, Cuprum Aceticum Dil. D6, Drosera Dil. D4"
5003,"Drosera Rotundifolia D2, Drosera Rotundifolia D10, Drosera Rotundifolia D200, Drosera Rotundifolia D30, Cuprum Aceticum D10, Cuprum Aceticum D200, Cuprum Aceticum D30, Cuprum Aceticum D4"
5004,"Arnica Montana C3, Atropa Bella-Donna C3, Dactylopius Coccus C3, Drosera C3, Ferrum Phosphoricum C3, Corallium Rubrum C3, Solidago Virgaurea C1, Artemisia Cina C3, Cuprum Gluconicum C3, Ipeca C3"
5005,"Corallium Rubrum C4, Artemisia Cina C4, Dactylopius Coccus C5, Ferrum Phosphoricum C5, Drosera C4, Atropa Bella-Donna C4, Psychotria Ipecacuanha C4, Arnica Montana C4, Cuprum Metallicum C5, Solidago Virgaurea D3"
5006,"Solidago Virga Aurea D3, Corallium Rubrum C4, Artemisia Cina C4, Dactylopius Coccus C5, Ferrum Phosphoricum C5, Drosera C4, Atropa Bella-Donna C4, Psychotria Ipecacuanha C4, Arnica Montana C4, Cuprum Metallicum C5"
5007,"Arnica Montana C3, Atropa Bella-Donna C3, Psychotria Ipecacuanha C3, Dactylopius Coccus C3, Drosera C3, Ferrum Phosphoricum C3, Corallium Rubrum C3, Cuprum Metallicum C3, Solidago Virgaurea C1, Artemisia Cina C3"
5008,Drospirenone
5009,"Drospirenone, Estetrol"
5010,"Ferrum Phosphoricum Trit. D6, Kalium Phosphoricum Trit. D6, Calcium Fluoratum Trit D6, Calcium Phosphoricum Trit. D6, Acidum Silicicum Trit. D6, Calcium Sulfuricum Trit. D6, Kalium Sulfuricum Trit. D6, Magnesium Phosphoricum Trit. D6, Natrium Chloratum Tr"
5011,Dextromethorphan Hydrobromide Bp
5012,"Glycerol, Liquid Sugar"
5013,"Grindelia Robusta Dil. D3, Cetraria Islandica Dil. D 3, Solanum Dulcamara Dil. D 4, Aralia Racemosa Dil. D2, Sanguinaria Canadensis Dil. D3, Inula Helenium Dil. D3, Psychotria Ipecacuanha Dil. D4, Drosera Dil. D2"
5014,Graphites D6
5015,"Levomenthol, Peppermint Oil, Myrrh Tincture"
5016,"Corylus Avellana L., Alnus Glutinosa L., Betula Verrucosa Pollen"
5017,"Diphtheria Toxoid, Tetanus Toxoid, Pertussis Toxoid, Algeldrate"
5018,"Diphtheria Toxoid, Tetanus Toxoid, Algeldrate, Inactivated Bordetella Pertussis Suspension"
5019,"Pentetic Acid, Technetium-99mtc-Dtpa"
5020,Pentetic Acid
5021,"Clindamycin Phosphate, Benzoyl Peroxide"
5022,Omega-3-Acid Ethyl Esters
5023,"Latanoprost, Timolol"
5024,"Estrogens Conjugated, Bazedoxifene"
5025,"Cineole Bp, Menthol Bp, Methyl Salicylate Bp"
5026,Ozenoxacin
5027,"Dexamethasone Sodium Phosphate, Levofloxacin Hemihydrate"
5028,"Dexamethasone, Levofloxacin"
5029,"Hexyl Cinnamic Aldehyde, Citral, Coumarin, 4-(4-Hydroxy-4-Methylpentyl)cyclohex-3-Ene-1-Carbaldehyde, Farnesol, Citronellol"
5030,"Vibrio Cholerae O1 Inaba, Classical Biotype (Heat Inactivated), Vibrio Cholerae O1 Inaba, El Tor Biotype (Formalin Inactivated), Vibrio Cholerae O1 Ogawa, Classical Biotype (Heat Inactivated), Vibrio Cholerae O1 Ogawa, Classical Biotype (Formalin Inactiva"
5031,"Benzyl Nicotinate, Capsicum, Ethyl Nicotinate, Hydroxyethyl Salicylate, Methyl Nicotinate"
5032,"Solanum Dulcamara Dil D2, Solanum Dulcamara Dil. D30, Solanum Dulcamara Dil. D200, Aranea Diadema D6, Aranea Diadema D10, Aranea Diadema D200, Aranea Diadema D30, Solanum Dulcamara Dil. D10"
5033,"Causticum D6, Rhododendron Aureum D4, Calcarea Phosphorica D12, Berberis Vulgaris D4, Solanum Dulcamara D6, Rhus Toxicodendron D12"
5034,Povidone
5035,Sodium Picosulfate Monohydrate
5036,Sodium Picofosfate
5037,"Carbinoxamine Maleate, Ammonium Chloride, Codeine Phosphate, Ephedrine Hydrochloride"
5038,"Diphtheria Toxoid, Tetanus Toxoid, Poliovirus (Inactivated) Type 3 (Saukett Strain), Poliovirus (Inactivated) Type 2 (Mef-1 Strain), Poliovirus (Inactivated) Type 1 (Mahoney Strain), Algeldrate"
5039,"Diphtheria Toxoid, Tetanus Toxoid, Poliovirus (Inactivated) Type 3 (Saukett Strain), Poliovirus (Inactivated) Type 2 (Mef-1 Strain), Poliovirus (Inactivated) Type 1 (Mahoney Strain), Aluminium Hydroxide"
5040,Fluvoxamine Maleate
5041,"Clindamycin, Benzoyl Peroxide, Hydrous"
5042,"Chlorhexidine Gluconate, Hydrocortisone Butyrate"
5043,"Semecarpus Anacardium Trit. D 4, Lachesis Trit. D12, Psychotria Ipecacuanha D4, Argentum Nitricum D6, Iodum D6, Petroleum Rectificatum D6, Robinia Pseudoacacia D4"
5044,"Foscarbidopa, Foslevodopa"
5045,"Triclosan, Flumetasone Pivalate (Ph. Eur.)"
5046,"Fosinopril Sodium, Hydrochlorothiazide"
5047,"Sodium Hydrogen Carbonate, Magnesium Chloride Hexahydrate, Potassium Chloride, Sodium Chloride, Calcium Chloride Dihydrate, Glucose Monohydrate"
5048,"Ascorbic Acid, Calcium Pantothenate, Colecalciferol, Cyanocobalamin, Folic Acid, Nicotinamide, Riboflavin, Thiamine Nitrate, Zinc, Copper, Iron, Magnesium, Manganese, Pyridoxine Hydrochloride, Retinol, Alphatocopherol Acetate, Phosphate, Molybdenum"
5049,"Aluminium Hydroxide-Magnesium Carbonate Gel, Magnesium Hydroxide, Magnesium Trisilicate"
5050,"Cetirizine Dihydrochloride, Calcium Ion"
5051,"Lactulose, Liquid"
5052,Dupilumab
5053,"Amlodipine Besilate, Atorvastatin L-Lysine"
5054,Anhydrous Cefadroxil
5055,"Sodium Fluoride, Fluorine"
5056,"Lanolin, Liquid Paraffin"
5057,Paraffin White Soft
5058,Rubi Fruticosi Folium
5059,Agrimoniae Herba
5060,Dried Ferrous Sulfate
5061,Ferrous Ion
5062,Esomeprazole Magnesium
5063,"Dutasteride, Tamsulosin"
5064,Givinostat
5065,"Hydrochlorothiazide, Triamterene"
5066,"Fluticasone Propionate, Azelastine"
5067,"Arginine Aspartate, Glutodine"
5068,Fish Oil
5069,Parecoxib
5070,Citrulline Malate
5071,"Dectaflur, Olaflur, Sodium Fluoride"
5072,Aluminium Formate
5073,Terazosin Hydrochloride Dihydrate
5074,"Melilotus Officinalis Ø, Aesculus Hippocastanum E Sem. Tot. Rec., Avena Sativa Mother Tincture, Secale Cornutum Dil. D4"
5075,"Matricaria Recutita D30, Cimicifuga Racemosa D4, Cuprum Aceticum D4, Magnesium Phosphoricum D6, Viburnum Opulus D3"
5076,"Cimicifuga Dil. D3, Magnesium Phosphoricum Dil. D6, Caulophyllum Dil. D2, Viburnum Opulus Dil. D2"
5077,"Coffea Arabica Trit. D6, Veratrum Album Trit. D6, Reserpinum Trit. D6, Passiflora Incarnata Mother Tincture, Gelsemium Trit. D4"
5078,"Matricaria Recutita D6, Valeriana Officinalis D4, Passiflora Incarnata D4, Coffea D 6, Reserpinum D8, Gelsemium Dil. D6"
5079,"Reserpinum Dil. D8 Vinos, Coffea Arabica Dil. D6 Vinos, Veratrum Album Dil. D6 Vinos, Passiflora Incarnata Mother Tincture, Gelsemium Dil. D4"
5080,"Reserpinum Dil. D8 Vinos, Gelsemium Sempervirens Dil. D4 Vinos, Coffea Arabica Dil. D6 Vinos, Veratrum Album Dil. D6 Vinos, Passiflora Incarnata Mother Tincture"
5081,Hypericum Perforatum L. Herba
5082,Sufentanil
5083,"Paraffin, Light Liquid, Paraffin White Soft, Wool Fat, Anhydrous"
5084,Docusate Sodium Bp
5085,"Choline Salicylate Solution Bp, Glycerin Bp"
5086,"Sulfur D10, Sulfur D4, Vincetoxicum Hirundinaria D10, Vincetoxicum Hirundinaria D30, Vincetoxicum Hirundinaria D6"
5087,"Artemisia Absinthium Ø, Semecarpus Anacardium Dil. D2, Strychnos Nux-Vomica Dil. D6, Apomorphinum Hydrochloricum Dil. D12"
5088,Thymus Herb Liquid Extract
5089,Hydrogen Peroxide Solution (3 Per Cent)
5090,Hydrogen Peroxide Solution (3% W/W)
5091,Eberconazole
5092,Mitoxantrone Hydrochloride
5093,Lebrikizumab
5094,Oseltamivir
5095,Nebivolol Hydrochloride
5096,Urapidil Hydrochloride
5097,"Lidocaine, Primycin"
5098,Tabelecleucel
5099,Ethylenedicysteine
5100,"Argentum Nitricum Dil. D13 Aquos. (Hab, Vs. 5b), Gingiva Bovis Gl Dil. D4 (Hab, Vs. 41b), Gingiva Bovis Gl Dil. D8 (Hab, Vs. 41b), Salvia Officinalis E Foliis La 20% (Hab, Vs. 12c), Tonsillae Palatinae Bovis Gl Dil. D4 (Hab, Vs. 41a), Tonsillae Palatinae"
5101,Dried Pressed Juice From Fresh Flowering Purple Coneflower Herb (18-25:1)
5102,"Echinacea Pallida E Planta Tota Ferm 33c Dil. D2 (Hab, Vs. 33c), Rosae Aetheroleum Dil. D7 (Hab, Vs. 5a, Lsg. D1 Mit Ethanol 94% (M/M))"
5103,Echinacea Angustifolia Rh Dil. D3
5104,Echinacea Angustifolia Mother Tincture
5105,"Echinacea Purpurea Radix, Extract"
5106,Echinacea Purpurea Root
5107,Echinacea Dry Extract
5108,"Dry Extract From Purple Coneflower Root, Extraction Solvent: Etanol 75% W/W"
5109,"Rhus Toxicodendron D4, Acidum Arsenicosum D8, Baptisia Tinctoria D4, Bryonia D6, Euphorbium D6, Aconitum Napellus D3, Argentum Nitricum D8, Arnica Montana D4, Cortisonum Aceticum D13, Hepar Sulfuris D10, Hydrargyrum Bichloratum D8, Lachesis D10, Sanguinar"
5110,"Echinacea Dil. D2, Phytolacca Americana Dil. D4, Matricaria Recutita Dil. D6, Lachesis Dil. D10, Thuja Occidentalis Dil. D4, Hepar Sulfuris Trit. D8, Bryonia Dil. D4, Rhus Toxicodendron Dil. D4"
5111,"Gelsemium Sempervirens Dil. D 6, Sulfur Dil. D 8, Zincum Metallicum Dil. D10, Phosphorus Dil. D8, Aconitum Napellus Dil. D3, Hydrargyrum Bichloratum Dil D8, Lachesis Dil. D10, Arnica Montana Dil. D4, Eupatorium Perfoliatum Dil. D6, Bryonia Dil. D6, Euphor"
5112,"Bryonia Cretica D8, Arnica Montana D6, Acidum Arsenicosum D10, Argentum Nitricum D10, Baptisia Tinctoria D6, Euphorbium D8, Aconitum Napellus D5, Cortisonum Aceticum D15, Hepar Sulfuris D12, Hydrargyrum Bichloratum D8, Lachesis D 12, Phosphorus D10, Pulsa"
5113,Echinacea Mother Tincture
5114,"Echinacea Pallida E Planta Tota Ferm 33c Dil. D2 (Hab, Vs. 33c)"
5115,"Echinacea Pallida E Planta Tota Ferm 33c Dil. D3 (Hab, Vs. 33c)"
5116,Pressed Juice From Flowering Purple Coneflower Herb [1.7-2.5 : 1]
5117,Press Juice Of Fresh And Flowering Echinacea Purpurea (1.5 - 2.5:1)
5118,Echinaceae Purpureae Herba Succus Expressus (1.5 - 2.5 : 1)
5119,Dry Pressed Juitce From Fresh Purple Coneflower Herb (22-65:1)
5120,"Lachesis Mutus Dil D9, Mercurius Solubilis Hahnemanni Dil D8, Thuja Dil D1, Phytolacca Dil. D4, Echinacea Purpurea Mother Tincture"
5121,"Argentum Metallicum Dil. D29 Aquos., Atropa Belladonna Ex Herba Ferm 33a Dil. D14 (Hab, Vs. 33a), Echinacea Pallida E Planta Tota Ferm 33c Dil. D2 (Hab, Vs. 33c), Rosae Aetheroleum Dil. D7 (Hab, Vs. 5a, Lsg. D1 Mit Ethanol 94% (M/M)), Quarz Dil. D19 Aquos"
5122,"Ascorbic Acid, Echinacea Purpurea Radix, Extract, Zinc"
5123,"Liquid Extract From Pale Coneflower Root (1:3.5-6.5), Extraction Solvents: Ethanol 96% (V/V) / Liqueur Wine (1:1.5)"
5124,"Argentum Metallicum Dil. D29 Aquos., Echinacea Pallida E Radice Ferm 33d Dil. D1 (Hab, Vs. 33d)"
5125,"Argentum Metallicum Dil. D29 Aquos., Echinacea Pallida E Radice Ferm 33d Dil. D2 (Hab, Vs. 33d)"
5126,"Argentum Metallicum Dil. D18 Aquos., Atropa Belladonna E Fructibus Ferm 33a Dil. D2 (Hab, Vs. 33a), Echinacea Pallida E Radice Ferm 33d Ø (Hab, Vs. 33d), Mercurius Solubilis Hahnemanni Dil. D13 Aquos., Apis Mellifica Ex Animale Toto Gl Dil. D3 (Hab, Vs. 4"
5127,"Argentum Metallicum Dil. D10, Cuprum Aceticum Dil. D6 Aquos. (Hab, Vs. 5b), Cutis Feti Bovis Gl Dil. D4 (Hab, Vs. 41b), Funiculus Umbilicalis Bovis Gl Dil. D4 (Hab, Vs. 41b), Terebinthina Laricina, Viscum Album (Mali) E Planta Tota Ferm 34i Dil. D2 (Hab,"
5128,"Echinacea Dil. D12, Echinacea Dil. D200, Echinacea Dil. D30"
5129,Dried Pressed Juice From Fresh Flowering Purple Coneflower Herb (31.5 - 53.6 : 1)
5130,"Echinacea Purpurea Flowering Aerial Part Fresh Pressed Juice (1,7-2,5:1)"
5131,"Dry Extract From Fresh Purple Coneflower Herb (1:7.5-14.6), Extraction Solvent: Ethanol 65% V/V, Dry Extract From Fresh Purple Coneflower Root (1:7.1-12.5), Extraction Solvent: Ethanol 65% V/V"
5132,"Dry Extract From Purple Coneflower Herb, Extraction Solvent: Ethanol 65% V/V, Dry Extract From Purple Coneflower Root, Extraction Solvent: Ethanol 65% V/V"
5133,"Echinacea Purpurea Herba, Extract, Echinacea Purpurea Radix, Extract"
5134,"Liquid Extract From Fresh Purple Coneflower Root Corresponding To 15-21 Mg Of Fresh Purple Solhatt Root, Equivalent To 4 Mg Of Dried Purple Solhatt Root, Extraction Solvent: Ethanol 57.3% M/M, Liquid Extract From Fresh Purple Coneflower Herb Corresponding"
5135,"Liquid Extract Of Fresh Echinacea Purpurea Herb (1:12), Extraction Solvent: Ethanol 65% V/V, Liquid Extract Of Fresh Echinacea Purpurea Root (1:11), Extraction Solvent: Ethanol 65% V/V"
5136,"Tincture Extract From Fresh Purple Coneflower Herb (1:7.5-14.6), Extraction Solvent: Ethanol 65% V/V, Tincture From Fresh Purple Coneflower Root (1:7.1-12.5), Extraction Solvent: Ethanol 65% V/V"
5137,"Tincture From Fresh Echinacea Purpurea Herb (1:12), Extraction Solvent: Ethanol 57.3% M/M, Aquous Extract Of Echinaceae Purpureae Radix (1:11) Extraction Solvent: Ethanol 57.3% (M/M)"
5138,"Dry Extract Of Fresh Echinacea Purpurea Herb (1:12), Extraction Solvent: Ethanol 65% V/V, Dry Extract Of Fresh Echinacea Purpurea Root (1:11), Extraction Solvent: Ethanol 65% V/V"
5139,"Tincture From Fresh Echinacea Purpurea Herb (1:12-13), Extraction Solvent: Ethanol 65% (V/V), Tincture From Fresh Echinacea Purpurea Root (1:11-12), Extraction Solvent: Ethanol 65% (V/V)"
5140,"Soft Extract From Fresh Purple Coneflower Herb, Soft Extract From Fresh Purple Coneflower Root, Extract From Fresh Sage Leaf"
5141,"Tincture From Fresh Echinacea Purpurea Herb (1:12-13), Extraction Solvent: Ethanol 65% (V/V), Tincture From Fresh Echinacea Purpurea Root (1:11-12), Extraction Solvent: Ethanol 65% (V/V), Tincture Extract From Fresh Sage Leaf (1:17-18), Extraction Solvent"
5142,"Dry Extract From Fresh Sage Leaf (1:17-18), Extraction Solvent: Ethanol 68% V/V, Tincture From Fresh Echinacea Purpurea Herb (1:12-13), Extraction Solvent: Ethanol 65% (V/V), Tincture From Fresh Echinacea Purpurea Root (1:11-12), Extraction Solvent: Ethan"
5143,"Soft Extract From Purple Coneflower Herb (Der 30-40: 1), Extraction Solvent: Ethanol 23-30% (V/V)"
5144,"Soft Extract Of Purple Coneflower Herb (30-40:1), Extraction Solvent: Ethanol"
5145,"Thymi Extractum Fluidum, Echinaceae Purpureae Herbae Recentis Succus (1:1), Extractum Compositum Ex:plantaginis Lanceolatae Folio,grindeliae Herba, Rosae Fructu"
5146,Echinacea Angustifolia
5147,Echinaceae Purpurae Herbae Extractum Siccum
5148,"Echinacea Trit. D1, Hydrastis Canadensis Trit. D4, Calcium Carbonicum Hahnemanni D5, Senega D4, Acidum Silicicum D4, Lachesis Mutus Trit. D8"
5149,"Gelsemium Sempervirens Dil. D 3, Crocus Sativus Dil. D2, Myristica Fragrans Dil. D3, Avena Sativa Mother Tincture, Hypericum Perforatum Mother Tincture, Passiflora Incarnata Mother Tincture"
5150,"Thuja Occidentalis Trit D1, Apis Mellifica Trit. D12, Echinacea Purpurea Trit. D1, Lachesis Mutus Trit. D8, Bryonia Trit. D2, Eupatorium Perfoliatum Trit. D2"
5151,"Epinephrine Bitartrate, Lidocaine Hydrochloride"
5152,Shark-Liver Oil
5153,Econazole Nitrate
5154,Econazole
5155,Phenoxymethylpenicillin Bp
5156,Phenoxymethylpenicillin Potassium Bp
5157,Tetracycline
5158,Tetracycline Hydrochloride Bp
5159,"Lactobacillus Gasseri, Lactobacillus Rhamnosus"
5160,"Refined And Standardized Dry Extract From Milk Thistle Fruit (30:1), Corresponding To 150 Mg Silymarin Calculated As Silibinin, Extraction Solvent: Acetone"
5161,"Paraffin White Soft Ph. Eur., Liquid Paraffin Ph. Eur"
5162,"Chloroxylenol, Camphor, Racemic"
5163,Azilsartan Medoxomil
5164,"Chlortalidone, Azilsartan Medoxomil"
5165,Ibuprofen Isobutanolammonium
5166,"Ivy Leaves, Dry Extract"
5167,"Diethylamine Salicylate, Escin"
5168,Edoxaban Tosylate
5169,Edoxaban Tosylate Monohydrate
5170,Flurbiprofen Sodium
5171,Reboxetine
5172,Reboxetine Methanesulfonate
5173,"Potassium Hydrogen Tartrate, Sodium Hydrogen Carbonate"
5174,Rilpivirine
5175,"Emtricitabine, Efavirenz, Tenofovir Disoproxil"
5176,Efavirenz
5177,"Emtricitabine, Efavirenz, Tenofovir Disoproxil Fumarate"
5178,"Emtricitabine, Efavirenz, Tenofovir Disoproxil Succinate"
5179,"Emtricitabine, Efavirenz, Tenofovir Disoproxil Phosphate"
5180,Ephedrine
5181,Ephedrine Hydrochloride
5182,Ephedrine Sulfate
5183,Anhydrous Levothyroxine Sodium
5184,"Potassium Iodide, Levothyroxine Sodium, Hydrate"
5185,"Potassium Citrate, Citric Acid"
5186,"Magnesium Sulfate, Sodium Hydrogen Carbonate Pheur, Citric Acid, Anhydrous Ph. Eur."
5187,Hydrocortisone Aceponate
5188,Fluorometholone
5189,"B/Phuket/3073/2013-Like Virus (B/Phuket/3073/2013, Wild Type), Influenza Virus B/Michigan/01/2021, Influenza A/Victoria/4897/2022 Ivr-238 (H1n1), Inactivated, Influenza A Virus, A/Croatia/10136rv/2023 (H3n2) Like Strain X-425a, Inactivated"
5190,"Influenza Virus B/Michigan/01/2021, Influenza A/Victoria/4897/2022 Ivr-238 (H1n1), Inactivated, Influenza A Virus, A/Croatia/10136rv/2023 (H3n2) Like Strain X-425a, Inactivated"
5191,Triclabendazole
5192,Interferon Alfa
5193,Olanzapine Dihydrochloride Trihydrate
5194,Sunitinib
5195,"Marshmallow Leaf, Marshmallow Root, Pimpinella Anisum, Liquorice Root"
5196,Oak Pollen
5197,Oakmoss Extract
5198,Quercus
5199,Quercus Cortex
5200,"Fish Oil, Rich In Omega-3-Acids"
5201,"Hop Strobile Dry Extract (4-8:1), Valerian Root Dry Extract (3-6:1), Ethanol 70 %(V/V)"
5202,Ferrous Gluconate Hydrate Ph.Eur.
5203,Ferrous Sulphate Monohydrate
5204,"Lidocaine Hydrochloride Monohydrate, Levomenthol, Camphor, Racemic"
5205,"Echinacea Purpurea Root, Echinacea Pallida Root"
5206,Ustekinumab
5207,Sebetralstat
5208,Fluocinolone Acetonide
5209,"Calcium Hypophosphorosum Dil. D1, Graphites Dil. D10, Bellis Perennis Mother Tincture"
5210,"Mahonia Aquifolium Mother Tincture, Centella Asiatica Ø, Viola Tricolor Ø"
5211,Abaloparatide
5212,Mirvetuximab Soravtansine
5213,Idursulfase
5214,"Liquid Extract From Fresh Symphyti Radix (1:2), Extration Solvent: Ethanol 60% (V/V)"
5215,Vindesine Sulfate
5216,"Umeclidinium Bromide, Fluticasone Furoate, Vilanterol"
5217,"Magnesium Chloride Hexahydrate, Potassium Chloride, Sodium Chloride, Calcium Chloride Dihydrate, Sodium Acetate Trihydrate, Sodium Citrate Dihydrate"
5218,"Magnesium Chloride Hexahydrate, Potassium Chloride, Sodium Chloride, Calcium Chloride Dihydrate, Sodium Acetate Trihydrate"
5219,"Magnesium Chloride Hexahydrate, Potassium Chloride, Sodium Chloride, Calcium Chloride Dihydrate, Sodium Acetate Trihydrate, Glucose Monohydrate Ph. Eur."
5220,"Sodium Chloride, Glucose Monohydrate, Sodium Acetate Trihydrate"
5221,"Sodium Dihydrogen Phosphate Dihydrate, Magnesium Chloride Hexahydrate, Potassium Chloride, Sodium Chloride, Glucose Monohydrate, Sodium Acetate Trihydrate"
5222,"Sodium Dihydrogen Phosphate Dihydrate, Magnesium Chloride Hexahydrate, Potassium Chloride, Sodium Chloride, Sodium Acetate Trihydrate, Glucose Monohydrate Ph. Eur."
5223,Chlordiazepoxide
5224,Eletriptan
5225,Eletriptan Hydrobromide
5226,Eletriptan Hydrobromide Monohydrate
5227,"Sodium Chloride, Glucose Monohydrate, Magnesium Acetate Tetrahydrate, Potassium Acetate"
5228,"Sodium Chloride, Glucose Monohydrate, Magnesium Acetate, Potassium Acetate"
5229,"Dipotassium Phosphate, Potassium Chloride, Sodium Chloride, Glucose Monohydrate, Sodium Acetate Trihydrate"
5230,"Potassium Chloride, Sodium Acetate, Sodium Chloride, Glucose Monohydrate, Magnesium Chloride, Sodium Gluconate"
5231,"Magnesium Chloride Hexahydrate, Potassium Chloride, Sodium Chloride, Glucose Monohydrate, Potassium Acetate, Sodium Acetate Trihydrate, Sodium Gluconate"
5232,"Potassium Chloride, Sodium Acetate, Sodium Chloride, Glucose Monohydrate, Potassium Acetate, Magnesium Chloride, Sodium Gluconate"
5233,"Potassium Chloride, Sodium Acetate, Sodium Chloride, Magnesium Chloride, Sodium Gluconate"
5234,"Potassium Chloride, Sodium Chloride, Ammonium Chloride, Glucose Monohydrate"
5235,"Potassium Chloride, Sodium Chloride, Ammonium Chloride"
5236,"Dipotassium Phosphate, Magnesium Chloride Hexahydrate, Potassium Chloride, Glucose Monohydrate, Sodium Acetate Trihydrate"
5237,"Magnesium Chloride Hexahydrate, Potassium Chloride, Potassium Pyrophosphate Trihydrate, Glucose Monohydrate, Sodium Acetate Trihydrate"
5238,"Potassium Chloride, Sodium Chloride, Sodium Lactate 60%"
5239,"Magnesium Chloride Hexahydrate, Potassium Chloride, Sodium Chloride, Sodium Citrate, Calcium Chloride Dihydrate, Sodium Acetate Trihydrate"
5240,"Dipotassium Phosphate, Sodium Chloride, Glucose Monohydrate, Magnesium Sulfate Heptahydrate, Potassium Acetate, Calcium Gluconate Monohydrate"
5241,"Dipotassium Phosphate, Sodium Chloride, Calcium Gluconate, Glucose Monohydrate, Magnesium Sulfate, Potassium Acetate"
5242,"Sodium Chloride, Calcium Gluconate, Glucose Monohydrate, Magnesium Sulfate, Potassium Acetate, Dibasic Potassium Phosphate Anhydrous"
5243,"Sodium Chloride, Glucose Monohydrate, Magnesium Sulfate Heptahydrate, Potassium Acetate, Dibasic Potassium Phosphate Anhydrous, Calcium Gluconate Monohydrate"
5244,"Magnesium Chloride Hexahydrate, Potassium Chloride, Sodium Chloride, Calcium Chloride Dihydrate, Glucose Monohydrate, Sodium Acetate Trihydrate, Sodium Citrate Dihydrate"
5245,"Magnesium Chloride Hexahydrate, Potassium Chloride, Sodium Chloride, Sodium Citrate, Calcium Chloride Dihydrate, Glucose Monohydrate, Sodium Acetate Trihydrate"
5246,"Potassium Chloride, Sodium Chloride, Sodium Lactate (As 50% Solution)"
5247,"Potassium Chloride, Sodium Chloride, Sodium (S)-Lactate 60%"
5248,"Sodium Hydrogen Carbonate, Potassium Chloride, Sodium Chloride"
5249,"Eleutherococcus Root Liquid Extract (Der 1:1, Extraction Medium Ethanol, 35% V/V)"
5250,Eleutherococcus Senticosus Powder
5251,"Ascorbic Acid, Biotin, Calcium Pantothenate, Colecalciferol, Cyanocobalamin, Folic Acid, Nicotinamide, Riboflavin, Calcium Hydrogen Phosphate (Anhydrous), Copper Sulphate, Anhydrous, Magnesium Oxide, Light, Manganese Sulphate Monohydrate, Thiamine Nitrate"
5252,"Ascorbic Acid, Biotin, Calcium Pantothenate, Colecalciferol, Cyanocobalamin, Folic Acid, Nicotinamide, Riboflavin, Calcium Hydrogen Phosphate (Anhydrous), Copper Sulphate, Anhydrous, Thiamine Nitrate, Ferrous Fumarate, Phosphorus, Pyridoxine Hydrochloride"
5253,"Ascorbic Acid, Biotin, Calcium Pantothenate, Colecalciferol, Cyanocobalamin, Folic Acid, Nicotinamide, Riboflavin, Thiamine Nitrate, Zinc, Calcium, Copper, Iron, Magnesium, Manganese, Phosphorus, Pyridoxine Hydrochloride, Retinol, Alphatocopherol Acetate"
5254,Pegunigalsidase Alfa
5255,Pimecrolimus
5256,"Lactobacillus Acidophilus, Bifidobacterium Animalis Subsp. Lactis"
5257,Metoclopramide Hydrochloride Anhydrous
5258,Fosinopril Sodium
5259,"Dry Extract Of Ptychopetalum Olacoides Wood (100-250:1), Extraction Solvent: Ethanol 70% (V/V), Caffeine"
5260,"Citrus Sinensis (603), Sodium Bromide, Thyme Tincture"
5261,"Liquid Extract Of Thyme (1:3.45-3.85), Extraction Solvent: Ethanol 27%(V/V)"
5262,"Caraway Fruit, Fennel, Bitter, Matricariae Flos, Menthae Piperitae Folium, Pimpinella Anisum"
5263,"Betulae Folium, Restharrow Root, Orthosiphon Folium, Solidago Gigantea Flowering Top"
5264,"Betulae Folium, Restharrow Root, Equisetum, Solidago Gigantea"
5265,"Melissa Leaf, Passiflorae Herba, Menthae Piperitae Folium, Valerianae Radix Pulverata"
5266,Alfatradiol
5267,"Dry Extract From Cranberry Fruit Juice, Corresponding To 36 Mg Of Proanthocyanidins, Calculated As Proanthocyanidin A2, Extraction Solvent: Ethanol 70% (V/V)"
5268,"Refined And Quantified Dry Extract From Vaccinium Macrocarpon Fruit Juice (20-35:1), Corresponding To 36 Mg (34.2-37.8 Mg) Of Proanthocyanidins Expressed As Proanthocyanidins A2, Extraction Solvent: Ethanol 70% V/V"
5269,Refined Dry Extract Of Vaccinium Macrocarpon Fruit Juice
5270,"Dectaflur, Olaflur"
5271,"Dectaflur, Olaflur, Sodium Fluoride, Aminofluoride"
5272,Efmoroctocog Alfa
5273,"Sodium Dihydrogen Phosphate Dihydrate, Magnesium Chloride Hexahydrate, Potassium Chloride, Sodium Chloride, Glucose"
5274,"Magnesium Chloride Hexahydrate, Potassium Chloride, Sodium Chloride, Calcium Chloride Dihydrate, Glucose, Sodium Acetate Trihydrate"
5275,"Magnesium Chloride Hexahydrate, Potassium Chloride, Sodium Chloride, Calcium Chloride Dihydrate, Glucose"
5276,"Magnesium Chloride Hexahydrate, Potassium Chloride, Sodium Chloride, Sodium Acetate Trihydrate"
5277,Corifollitropin Alfa
5278,Mefloquine
5279,"Potassium Chloride, Sodium Chloride, Glucose, Sodium Citrate Dihydrate"
5280,"Potassium Hydrogen Aspartate Hemihydrate, Magnesiumbis(Hydrogen-Dl-Aspartate) Tetrahydrate"
5281,"Potassium Hydrogen Aspartate Hemihydrate, Potassium Chloride, Magnesiumbis(Hydrogen-Dl-Aspartate) Tetrahydrate"
5282,Gabapentin
5283,Eltrombopag
5284,Elranatamab
5285,Eltrombopag Olamine
5286,Gadopiclenol
5287,Fampridine
5288,Vardenafil
5289,Levoleucovorin
5290,Tagraxofusp
5291,Emedastine
5292,Polygeline
5293,Rizatriptan
5294,"Aztreonam, Avibactam"
5295,"Embryo Totalis Suis D200, Embryo Totalis Suis D30, Embryo Totalis Suis D10"
5296,Tiratricol
5297,Granisetron
5298,"Meclozine Hydrochloride, Pyridoxine Hydrochloride"
5299,Ethosuximide
5300,"Doconexent, Icosapent"
5301,Galcanezumab
5302,Magnesium Aspartate Dihydrate
5303,Magnesium L-Aspartate Hydrochloride Trihydrate
5304,Pipethanate Ethobromide
5305,"Hydrocortisone Acetate, Lidocaine Hydrochloride"
5306,Elotuzumab
5307,Lactitol Monohydrate
5308,Natural Emser Salt
5309,"Emtricitabine, Tenofovir Disoproxil"
5310,"Emtricitabine, Tenofovir Disoproxil Fumarate"
5311,"Emtricitabine, Tenofovir Disoproxil Phosphate"
5312,"Emtricitabine, Tenofovir"
5313,"Emtricitabine, Tenofovir Alafenamide, Rilpivirine"
5314,"Emtricitabine, Tenofovir Disoproxil Maleate"
5315,Emtricitabine
5316,"Sodium Picosulfate, Liquid Paraffin"
5317,"Paraffin White Soft, Emulsifying Wax, Liquid Paraffin"
5318,Enalaprilat
5319,"Enalapril, Lercanidipine"
5320,Enalapril
5321,"Enalapril Maleate, Lercanidipine Hydrochloride Hemihydrate"
5322,Enalapril Maleate Ph. Eur.
5323,"Enalapril, Hydrochlorothiazide"
5324,"Cilastatin, Imipenem"
5325,"Algeldrate, Tick-Borne Encephalitis Virus (Inactivated), Strain K23"
5326,"Tick-Borne Encephalitis Virus (Inactivated), Strain K23"
5327,Sodium Fluoride Bp
5328,Erythrosine
5329,"Hydrastis Canadensis D3, Calendula Officinalis Mother Tincture, Chamaelirium Luteum D3"
5330,Chloroxine
5331,"Lactobacillus Acidophilus P-18806, Lactobacillus Delbrueckii P-18805, Streptococcus Thermophilus P-18807"
5332,Lutetium (177lu) Chloride
5333,"Argentum Metallicum Dil. D29 Aquos., Echinacea Pallida E Planta Tota Ferm 33c Dil. D1 (Hab, Vs. 33c), Endometrium Bovis Gl Dil. D16 (Hab, Vs. 41c), Quarz Dil. D29 Aquos."
5334,"Argentum Metallicum Dil. D29 Aquos., Echinacea Pallida E Planta Tota Ferm 33c Dil. D2 (Hab, Vs. 33c), Endometrium Bovis Gl Dil. D16 (Hab, Vs. 41c), Quarz Dil. D29 Aquos."
5335,Iloprost Trometamol
5336,Procyanidol Oligomer
5337,"Disodium Phosphate Dodecahydrate, Sodium Dihydrogen Phosphate Monohydrate"
5338,"Sodium Phosphate Dibasic Heptahydrate, Sodium Dihydrogen Phosphate Monohydrate"
5339,"Dry Extract Of Ptychopetalum Olacoides Wood (100-250:1), Extraction Solvent: Methanol 70% (V/V), Dry Extract Of Turnera Diffusa Leaf (4-6:1) Extraction Solvent: Methanol 60% (V/V), Caffeine"
5340,"Mometasone Furoate, Glycopyrronium Bromide, Indacaterol"
5341,"Hepatitis B Surface Antigen (Rdna), Algeldrate"
5342,"Hepatitis B Surface Antigen (Rdna) [produced In S. Cerevisiae Cells By Rdna], Algeldrate"
5343,Enzalutamide
5344,"Sulfur Dil D4, Vincetoxicum Hirundinaria Dil. D6, Vincetoxicum Hirundinaria Dil. D10, Vincetoxicum Hirundinaria Dil. D30, Sulfur Dil. D10"
5345,"Vincetoxicum Hirundinaria Trit. D5, Sulfur Trit. D4"
5346,"Sulfur D4, Vincetoxicum Hirundinaria D5"
5347,Trastuzumab Deruxtecan
5348,Sutimlimab
5349,"Sodium Hydrogen Carbonate, Sodium Carbonate Anhydrous, Citric Acid"
5350,Primidone
5351,Recombinant L-Asparaginase
5352,"Calcium Ion, Magnesium"
5353,Satralizumab
5354,Entecavir Monohydrate
5355,"Nerium Oleander D6, Hydrargyrum Bichloratum D5, Acidum Phosphoricum D3, Matricaria Recutita D4"
5356,"Colocynthis D 6, Nerium Oleander D6, Acidum Phosphoricum D4, Hydrargyrum Bichloratum D8, Matricaria Recutita D4, Rhus Toxicodendron D6, Veratrum Album D6"
5357,"Mercurius Sublimatus Corrosivus Dil. D5, Acidum Phosphoricum Dil. D3, Matricaria Recutita Dil. D4, Colocynthis Dil. D6, Veratrum Album Dil. D6"
5358,"Bacillus Clausii, Strains Sin, O/C, T, N/R, Polyantibiotic Resistant Spores"
5359,Bemiparin Sodium
5360,"Budesonide, Micronised"
5361,Mint Oil
5362,Clotiapine
5363,Vedolizumab
5364,"Euphrasia 3c D6, Hepar Sulfuris D12, Atropa Bella-Donna D6"
5365,"Sepia Officinalis Dil. D 8, Pulsatilla Pratensis Dil. D12, Causticum Hahnemanni Dil. D12, Kalium Phosphoricum Dil. D12, Ferrum Phosphoricum Dil. D8"
5366,"Phenylephrine Hydrochloride, Mepyramine Maleate"
5367,"Retinol Palmitate, Riboflavin Sodium Phosphate, Thiamine Hydrochloride, Ascorbic Acid, Biotin, Colecalciferol, Cyanocobalamin, Dexpanthenol, Nicotinamide, Pyridoxine Hydrochloride, Folic Acid Hydrate, All-Rac-Phytomenadione, Dl-Alpha-Tocopherol"
5368,Repaglinide
5369,"Sorbitol (E420), Enzalutamide"
5370,"Phenylephrine Hydrochloride, Lidocaine Hydrochloride"
5371,"Wässriger Gesamtauszug Aus Enzianwurzel (0,3608 G), Ingwerwurzel (0,2215 G), Kalmuswurzel (0,0333 G), Pfefferfrüchten (0,0066 G), Wermutkraut (0,2775 G)"
5372,Gentian Root
5373,Eosine
5374,Eosine Disodium
5375,Maprotiline Hydrochloride
5376,"Ascorbic Acid, Cyanocobalamin, Folic Acid, Nicotinamide"
5377,"Calcium Folinate, Cyanocobalamin"
5378,Pelargonium Sidoides Root Liquid Extract
5379,"Sofosbuvir, Velpatasvir"
5380,Ephedrine Hydrochloride Bp
5381,"Peppermint Oil, Ammonium Chloride, Eucalyptus Oil, Star Anise Oil, Bitter Fennel Oil, Thick Extract Of Thyme Herb (5 – 7 : 1), Extracting Agent: Methanol 25 % (V/V)"
5382,"Magnesium Hydroxide, Simeticone Emulsion, Aluminium Hydroxide"
5383,Cannabidiol
5384,"Calendulae Flos, Solidaginis Herba, Epilobium Parviflorum Whole, Folium Bucco"
5385,"Betamethasone Valerate, Gentamicin"
5386,"Econazole Nitrate, Triamcinolone Acetonide"
5387,"Epiphysis Bovis Gl Dil. D5 (Hab, Vs. 41a)"
5388,"Epiphysis Bovis Gl Dil. D7 (Hab, Vs. 41a), Plumbum Metallicum Dil. D29 Aquos."
5389,Pressed Juice From Fresh Flowering Purple Coneflower Herb (1.5-2.5:1)
5390,"Epinephrine Hydrochloride, Naphazoline Hydrochloride, Phenazone, Rutoside"
5391,"Bacitracin, Hydrocortisone Butyrate, Tixocortol Pivalate, Bronopol, Budesonide, Chlorquinaldol, Clioquinol, Mercaptobenzothiazole, Disperse Blue 106, Gold Sodium Thiosulfate, Parthenolide, Diazolidinyl Urea, Imidurea"
5392,"Cinchocaine Hydrochloride, Neomycin Sulfate, Tetracaine Hydrochloride, Benzocaine, Butyl Parahydroxybenzoate, Ethyl Parahydroxybenzoate E214, Methyl Parahydroxybenzoate, Peru Balsam, Propyl Parahydroxybenzoate, Cobalt(Ii) Chloride, Colophony, Eugenol, Woo"
5393,"Disulfiram, Thiomersal, P-Phenylenediamine, Dibromodicyanobutane, Carba Mix, Mercapto Mix, Thiuram Mix, Methylchloroisothiazolinone, P-Tert-Butylphenol Formaldehyde Resin, Epoxy Resin, Black Rubber Mix, Quaternium-15, Diphenylguanidine, Zinc Diethyldithio"
5394,Difluprednate
5395,Lamivudine
5396,"Eplerenone, Furosemide"
5397,Evening Primrose Oil
5398,Epoprostenol Sodium
5399,Epoetin Theta
5400,Alkanna Tinctoria Oily Extract
5401,Epoxy Resin
5402,Eprosartan
5403,Eprosartan Mesilate
5404,"Eprosartan Mesilate, Hydrochlorothiazide"
5405,"Enterococcus Faecium, Lactobacillus Acidophilus, Streptococcus Thermophilus, Lactobacillus Delbrueckii, Bifidobacterium, Lactobacillus Casei, Lactobacillus Plantarum"
5406,Eptifibatide
5407,"Echinacea Purpurea Root, Cryoground"
5408,"Lytta Vesicatoria Dil. D6, Berberis Vulgaris Dil. D4, Dulcamara Dil. D4, Equisetum Hiemale Dil. D6, Eupatorium Purpureum Dil. D6"
5409,"Equisetum Arvense Rh Dil. D15, Formica 42a Dil. D10"
5410,"Equisetum Arvense Ex Herba W 5% (Hab, Vs. 12g Mit Nativem Olivenöl)"
5411,"Equisetum Arvense, Herba Sicc. H 10 %"
5412,"Equisetum Arvense Silicea Cultum, Herba Dil. D2"
5413,Equisetum Arvense Silicea Cultum Rh Dil. D3
5414,Equisetum Cum Sulfure Tostum Dil. D6 Aquos.
5415,Equisetum Cum Sulfure Tostum Trit. D1
5416,"Equisetum Arvense Ex Herba Ferm 35b Dil. D14 (Hab, Vs. 35b), Formica Rufa Ex Animale Toto Gl Dil. D11 (Hab, Vs. 41c)"
5417,"Equisetum Arvense Ex Herba Ferm 35b Dil. D5 (Hab, Vs. 35b), Formica Rufa Ex Animale Toto Gl Dil. D7 (Hab, Vs. 41c)"
5418,"Equisetum Arvense Ex Herba Ferm 35b Dil. D14 (Hab, Vs. 35b), Stannum Metallicum Dil. D9"
5419,"Equisetum Arvense Ex Herba Ferm 35b Dil. D3 (Hab, Vs. 35b), Viscum Album (Mali) E Planta Tota Ferm 34i Dil. D3 (Hab, Vs. 34i)"
5420,"Equisetum Arvense Ex Herba Ferm 35b Dil. D5 (Hab, Vs. 35b), Viscum Album (Mali) E Planta Tota Ferm 34i Dil. D5 (Hab, Vs. 34i)"
5421,"Timolol Maleate, Pilocarpine Hydrochloride"
5422,"Lactobacillus Gasseri Dsm 14869, Lactobacillus Rhamnosus Dsm 14870"
5423,Cetuximab
5424,"Anamirta Cocculus Trit. D 3, Apomorphinum Hydrochloricum Trit. D3"
5425,Arachis Hypogaea Extract
5426,Rifampicin Sodium
5427,"Cannabinol, Dronabinol"
5428,Ergotamine Tartrate
5429,Ergometrine Maleate
5430,Nicergoline
5431,"Kalium Phosphoricum Dil. 05, Sepia Officinalis Trit. D5, Avena Sativa Dil. D3"
5432,Eribulin
5433,"Codeine Hydrochloride Dihydrate, Calcium Hypophosphite, Sodium Hypophosphite, Potassium Guaiacolsulfonate"
5434,Vismodegib
5435,"Fennel, Bitter, Willow Bark, Pimpinella Anisum, Thyme, Wild Thyme, Rose Hip Shell, Rubi Fruticosi Folium, Sambucus Nigra Flower, Liquorice Root"
5436,"Tiliae Flos, Thyme, Sambucus Nigra Flower"
5437,"Levomenthol, D-Camphor, Eucalyptus Oil"
5438,"Camphor, Racemic, Eucalyptus Oil, Turpentine Oil"
5439,"Camphor, Racemic, Eucalyptus Oil, Turpentine Purified"
5440,"Levomenthol, D-Camphor, Eucalyptus Oil, Pumilio Pine Oil"
5441,"Echinacea Mother Tincture, Arum Maculatum Dil. D2, Aconitum Napellus Dil. D4, Drosera Dil. D3"
5442,Echinacea Purpurea Fresh Flowering Herb Dried Pressed Juice (20-28:1)
5443,"Sambuci Flos, Tiliae Flos"
5444,"Tiliae Flos, Willow Bark"
5445,"Tiliae Flos, Willow Bark, Sambucus Nigra Flower"
5446,"Echinacea Mother Tincture, Phytolacca Americana Dil. D4, Acidum Arsenicosum Dil. D6, Matricaria Recutita Dil. D6, Lachesis Dil. D10, Atropa Bella-Donna Dil. D6, Pulsatilla Pratensis Dil. D2, Hepar Sulfuris Dil. D10, Hydrargyrum Oxydatum Rubrum D10, Natriu"
5447,Alder Pollen
5448,Alnus Glutinosa Pollen
5449,Erlotinib
5450,Erlotinib Hydrochloride
5451,Ertapenem
5452,Ertapenem Sodium
5453,Recombinant Vesicular Stomatitis Virus - Zaire Ebolavirus Vaccine (Live)
5454,Crisantaspase
5455,Erythromycin Propionate
5456,"Erythromycin, Benzoyl Peroxide"
5457,"Ferrous Sulfate, Dried Ph. Eur."
5458,"Apis Mellifica Dil. D 2, Atropa Bella-Donna Dil. D2"
5459,"Carbo Betulae, Sulfur Trit. D1"
5460,Erythromycin Ethylsuccinate Ph. Eur.
5461,"Erythromycin, Zinc Acetate Dihydrate"
5462,Fructose-1.6-Diphosphate Sodium Salt
5463,"Extractum Siccum Compositum (4- 9 : 1) Ex Baptisiae Tinctoriae L. Radix 4,92 P., Echinaceae Purpureae (L.) Moench Radix 1,85 P., Echinaceae Pallidae Nutt. Radix 1,85 P., Thujae Occidentalis L. Herba 1 P., Ethanol 30 % (V/V)"
5464,Pressed Juice From Flowering Purple Coneflower Herb (1-2:1)
5465,"Baptisia Tinctoria, Echinacea Purpurea, Thuja Occidentalis"
5466,"Rutoside, Coumarin, Melilotus Indicus"
5467,Esketamine Hydrochloride
5468,"Heparin Sodium, Hippocastani Seminis Extractum Spissum"
5469,Hippocastani Seminis Extractum Spissum
5470,Ash Pollen
5471,Fraxinus Excelsior
5472,Fraxinus Excelsior Pollen Extract
5473,Eschscholtzia Californica Mother Tincture
5474,Nilvadipine
5475,Estazolam
5476,Esketamine
5477,Eszopiclone
5478,Turoctocog Alfa Pegol
5479,Crataegus Flower
5480,"Escin, Phosphatidyl Choline"
5481,Soybean Phospholipids
5482,"Menthol, Guaiacol, Cineole"
5483,Phosphatidyl Choline
5484,Phospholipids
5485,Phospholipids From Soya Beans
5486,De-Oiled Enriched Phospholipids From Soya-Beans
5487,"Soya Phospholipids, Containing 76% Of Phosphatidylcholine, Extraction Solvent: Ethanol 96% (V/V)"
5488,"Glucose, Anhydrous, Magnesium Chloride Hexahydrate, Potassium Chloride, Sodium Chloride, Calcium Chloride Dihydrate, Sodium Acetate Trihydrate"
5489,"Magnesium Chloride Hexahydrate, Potassium Chloride, Sodium Chloride, Calcium Chloride Dihydrate, Glucose Monohydrate, Sodium Lactate"
5490,(R)-Alpha-Glycerophosphorylethanolamine Monohydrate
5491,"Cinnamon Oil, Citronella Oil, Clove Oil, Myristica Fragrans Essential Oil"
5492,"Nutmeg Oil, Cinnamon Oil, Citronella Oil, Clove Oil"
5493,Streptomycin Sulfate
5494,Fluoroestradiol F-18
5495,Ethacizine
5496,Ethambutol
5497,"Ethanolamine, Oleic Acid"
5498,Ether
5499,Ethylenediamine
5500,Ethylene Glycol Dimethacrylate
5501,Etifoxine Hydrochloride
5502,Ethionamide
5503,Naftazone
5504,Etomidate
5505,"Ethenzamide, Acetylsalicylic Acid, Caffeine"
5506,Etoposide Phosphate
5507,Permethrin
5508,"Heparin Sodium, Menthol, Hydroxyethyl Salicylate"
5509,"Polygala Senega Extract, Ethylmorphine Hydrochloride, Cocillana Extract"
5510,Escherichia Coli Strain Nissle 1917
5511,"Eucalyptus Oil, Sylvestris Pine Oil"
5512,"Liquid Extract Of Ribwort Plantain Leaf (1:2-2.5), Extraction Solvent: Ethanol 44.7% V/V, Liquid Extract From Thyme Herb (Der 1:2-2,5), Extraction Solvents: Ammonia Solution 10 % (M/M), Glycerol 85%, Ethanol 90%, Water (1:20:70:109)"
5513,"Camphora Dil. D4, Eucalyptus Globulus Dil. D4, Baptisia Tinctoria Dil. D4, Schoenocaulon Officinale Dil. D6, Ferrum Phosphoricum Dil. D8, Gelsemium Dil. D6, Bryonia Dil. D4, Causticum Hahnemanni Dil. D6, Aconitum Dil. D4, Eupatorium Perfoliatum Dil. D3"
5514,"Camphor, Racemic, Eucalyptus Oil, Pine Needle Oil (Pinus Sylvestris)"
5515,"Eucalypti Aetheroleum 10% (Hab, Vs. 12h Mit Nativem Olivenöl)"
5516,"Cuprum Sulfuricum Dil. D4 Aquos. (Hab, Vs. 5b), Eucalyptus Globulus E Foliis Ferm 33d Ø (Hab, Vs. 33d)"
5517,Eucalyptus Oil Bp
5518,"Rhubarb Dry Extract, Sennae Folium, Purified Sulphur, Carbo Vegetabilis"
5519,"Rhubarb Extract, Sennae Folium, Purified Sulphur, Charcoal, Activated"
5520,"Rhubarb Root Extract, Sennae Folium, Sulfur, Carbo Vegetabilis"
5521,"Sennae Folium, Purified Sulphur, Dry Extract From Rhubarb (Der 3-5: 1), Extraction Solvent: 70% Ethanol (V/V), Carbo Vegetabilis"
5522,"Rhubarb Extract, Sennae Folium, Carbo Vegetabilis"
5523,"Sennae Folium, Dry Extract From Rhubarb (Der 3-5: 1), Extraction Solvent: 70% Ethanol (V/V), Carbo Vegetabilis"
5524,"Sennae Folium, Dry Extract From Rhubarb (Der 3-5: 1), Extraction Solvent: 70% Ethanol (V/V), Charcoal, Activated"
5525,"Bacitracin, Diphenylpyraline Hydrochloride, Dequalinium Chloride"
5526,Diazoxide
5527,"Pumilio Pine Oil, Camphor, Racemic Ph. Eur."
5528,Eugenol
5529,"Camphor, Racemic, Pine Needle Oil, Eucalyptus Oil"
5530,"Glycerol, Soya-Bean Oil Refined, Gelatin, Sorbitol Solution 70% (Non-Crystallising) (Ph. Eur.), Eucalyptus Oil, Water, Purified, Milchfett"
5531,Phenazone
5532,Erysimum
5533,"Eucalyptus Oil, Niaouli Essential Oil, Terpin, Pinus Sibirica Essential Oil"
5534,"Argentum Nitricum D10, Hepar Sulfuris D10, Hydrargyrum Biiodatum D8, Pulsatilla Pratensis D2, Luffa Operculata D6, Euphorbium D3"
5535,"Luffa Operculata Dil. D6, Pulsatilla Pratensis Dil. D2, Hepar Sulfuris Dil. D10, Argentum Nitricum Dil. D10, Hydrargyrum Biiodatum Dil. D8, Euphorbium Dil. D4"
5536,"Pulsatilla Pratensis Dil. D2, Hepar Sulfuris Dil. D10, Argentum Nitricum Dil. D10, Hydrargyrum Biiodatum Dil. D8, Luffa Operculata Dil. D2, Euphorbium Dil. D4"
5537,"Euphorbia Resinifera D4, Nitric Acid D4, Mahonia Aquifolium D1, Natrum Salicylicum D4, Rhus Toxicodendron D4, Daphne Mezereum D4, Arsenum Iodatum D6, Semecarpus Anacardium D6, Petroleum Rectificatum D4"
5538,"Argentum Nitricum D10, Hepar Sulfuris D10, Hydrargyrum Biiodatum D8, Mucosa Nasalis Suis D8, Pulsatilla Pratensis D2, Sinusitis Nosode D13, Luffa Operculata D2, Euphorbium D4"
5539,"Euphorbia Resinifera D4, Sinusitis D13, Argentum Nitricum D10, Hepar Sulfuris D10, Hydrargyrum Biiodatum D8, Mucosa Nasalis Suis D8, Pulsatilla Pratensis D2, Luffa Operculata D2"
5540,"Pulsatilla D2, Argentum Nitricum D10, Hepar Sulfuris D10, Hydrargyrum Biiodatum D8, Mucosa Nasalis Suis D8, Sinusitis Nosode D13, Luffa Operculata D2, Euphorbium D4"
5541,"Pulsatilla Pratensis D4, Argentum Nitricum D10, Hydrargyrum Biiodatum D12, Luffa Operculata D4, Euphorbium D4"
5542,"Euphrasia Ferm 33c Dil. D2, Rosae Aetheroleum Dil. D7 (Hab, Vs. 5a, Lsg. D1 Mit Ethanol 94% (M/M))"
5543,Euphrasia 3c Dil. D3
5544,"Acidum Arsenicosum D5, Apis Mellifica D4, Mercurius Solubilis Hahnemanni D 8, Aconitum Napellus D4, Atropa Bella-Donna D4, Capsicum Annuum D4, Solanum Dulcamara D4, Euphrasia Officinalis D2"
5545,"Crataegi Folium Cum Flore, Passion Flower Dry Extract (Der 4-7:1), Extraction Solvent: Ethanol 60% (V/V), Valeriana Officinalis Extract, Ballota Nigra"
5546,"Piperaquine Tetraphosphate Tetrahydrate, Artenimol"
5547,"Crotamiton, Hydrocortisone"
5548,Piretanide
5549,"Epinephrine, Lidocaine Hydrochloride"
5550,Dl-Alpha Tocopherol Acetate
5551,"Levothyroxine Sodium, Liothyronine"
5552,"Hepatitis B Surface Antigen, Algeldrate"
5553,"Dry Extract Of Lemon Balm Leaves (Dev 4-6:1): Extract Solvent Methanol 30%, Valerian Root Dry Extract (3-6:1), Ethanol 70 %(V/V)"
5554,"Thiamine Hydrochloride, Ascorbic Acid, Nicotinamide, Riboflavin, Glucose Monohydrate, Pyridoxine Hydrochloride"
5555,"Ascorbic Acid, Colecalciferol, Cyanocobalamin, Folic Acid, Nicotinamide, Thiamine, Pantothenic Acid, Pyridoxine Hydrochloride, Retinol, Alpha-Tocopherol, Riboflavin Sodium Phosphate Dihydrate, D-Biotin"
5556,"Thiamine Hydrochloride, Ergocalciferol, Cyanocobalamin, Dexpanthenol, Nicotinamide, Riboflavin, Pyridoxine Hydrochloride, Retinol, Dl-Alpha Tocopherol Acetate"
5557,Romosozumab
5558,Tocopheryl Acetate
5559,"Retinol, Alpha-Tocopherol"
5560,"Emtricitabine, Tenofovir Disoproxil, Rilpivirine"
5561,"Saw Palmetto Extract (9-11:1) , 90% (V/V) Ethanol"
5562,Evinacumab
5563,"Atazanavir, Cobicistat"
5564,"Ethinylestradiol, Norelgestromin"
5565,Roxadustat
5566,Risdiplam
5567,Cibenzoline Succinate
5568,"Cefepime, Enmetazobactam"
5569,Varenicline Tartrate
5570,"Almond Oil, Refined"
5571,Depemokimab
5572,"Glycerol, Vaseline, Liquid Paraffin"
5573,"Potassium Hydrogen Carbonate, Potassium Citrate"
5574,Lynestrenol
5575,"Candida Albicans E Volumine Cellulae (Lyophil., Steril.) D3, Candida Parapsilosis E Volumine Cellulae (Lyophil., Steril.) D3, Penicillium Roqueforti E Volumine Cellulae (Lyophil., Steril.) D3"
5576,"Candida Albicans E Volumine Cellulae (Lyophil., Steril.) D5, Candida Parapsilosis E Volumine Cellulae (Lyophil., Steril.) D5, Penicillium Roquefortii E Volumine Cellulae (Lyophil., Steril.) D5"
5577,Coal Tar Solution
5578,Bupivacaine
5579,Eperisone Hydrochloride
5580,Urea Hydrogen Peroxide
5581,"Paracetamol, Caffeine Citrate"
5582,"Valerianae Radix, Extractum Methanolicum Siccum"
5583,"Paracetamol, Anhydrous Caffeine"
5584,"Dry Extract Of Goldenrod (4-6:1), Extraction Solvent: Water, Dry Extract Of Birch Leaf (4.5-6.5:1), Extraction Solvent: Water"
5585,"Calcium Chloride, Icodextrin, Sodium Chloride, Magnesium Chloride, Sodium-L-Lactate"
5586,"Icodextrin, Magnesium Chloride Hexahydrate, Sodium Chloride, Calcium Chloride Dihydrate, Sodium-L-Lactate"
5587,"Icodextrin, Sodium Chloride, Calcium Chloride Dihydrate, Magnesium Chloride, Sodium-L-Lactate"
5588,"Calcium Chloride, Icodextrin, Sodium Chloride, Magnesium Chloride, Sodium (S)-Lactate Solution"
5589,"Icodextrin, Magnesium Chloride Hexahydrate, Sodium Chloride, Calcium Chloride Dihydrate, Sodium Lactate"
5590,"Phenobarbital, Valerianae Extractum Siccum"
5591,"Magnesium Sulfate Heptahydrate, Sodium Sulfate Anhydrous, Potassium Sulphate"
5592,Mirdametinib
5593,Iptacopan
5594,Agalsidase Beta
5595,Human Coagulation Factor Vii
5596,"Aluminium Oxide, Hydrated, Magnesium Hydroxide"
5597,"Cinchocaine Hydrochloride, Policresulen"
5598,"Distillate Of Fresh Leaves And Twigs Of Hamamelis Virginiana (1 : 1,12 – 2,08), Distillation Agent: Ethanol 6% W/W"
5599,"Hamamelis Leaves Fluid Extract (1:2), Ethanol 60% (V/V)"
5600,"Pyrimethamine, Sulfadoxine"
5601,Phenprocoumon
5602,Fenticonazole Nitrate
5603,"Natrium Tetraboracicum D4, Anamirta Cocculus D8, Argentum Nitricum D6, Nicotiana Tabacum D8, Sepia Officinalis D6, Strychnos Nux-Vomica D4"
5604,"Tincture From Sage Leaf, Extraction Solvent: Ethanol 68% (V/V)"
5605,"Human Coagulation Factor Viii, Von Willebrand Factor"
5606,Toremifene
5607,"Soft Extract Of Tussilago Farfara Leaf (4.5-6.0: 1), Extraction Solvent: Water"
5608,Promethazine
5609,Ambazone Monohydrate
5610,Tyrothricin
5611,"Doconexent, Vitamin D, Icosapent, Retinol"
5612,Benzylpenicillin Procaine
5613,"Cassia Angustifolia Vahl. (Polvo De Hojas), Cassia Angustifolia Vahl. (Polvo De Frutos), Fucus Vesiculosus L. (Talos)"
5614,Panobinostat
5615,"Paracetamol, Acetylsalicylic Acid, Codeine Phosphate Hemihydrate, Anhydrous Caffeine"
5616,Benralizumab
5617,Tinidazole
5618,Rasburicase
5619,"Rhamnus Purshiana Dc. Dry Extract, Rhamnus Frangula, Fucus Vesiculosus Dry Extract"
5620,"Rhamnus Frangula Bark Extract, Rhamnus Purshiana Dc. Bark Dry Extract, Fucus Vesiculosus Dry Extract"
5621,Favipiravir
5622,Fenipentol
5623,"Apis Mellifica Dil. D4, Belladonna Dil. D6, China Dil. D3, Kalium Iodatum D3, Gelsemium Dil. D4, Aconitum Dil. D4, Phytolacca Dil. D3"
5624,Febuxostat Hemihydrate
5625,Fluoroethylcholine (18f)
5626,"Folic Acid, Dried Ferrous Sulfate"
5627,Factor Viii Inhibitor Bypassing Fraction
5628,Felbinac
5629,"Levonorgestrel, Estradiol Hemihydrate"
5630,"Estradiol, Levonorgestrel"
5631,"Dry Extract Of Pinus Sylvestris Pollen, Zea Mays Pollen, Secale Cereale Pollen, Dactylis Glomerata Pollen And Zea Mays Pistil (Der 3-4:1), Extraction Solvent: Acetone 5% (M/M)"
5632,"Lachesis D10, Cocculus Dil.D4, Pulsatilla Dil. D4, Nux Vomica Dil. D6"
5633,"Dry Extract From Bearberry Leaf (4.0-5.0:1), Extraction Solvent: Water, Dry Extract Of Birch Leaf (4.5-5.5: 1), Extraction Solvent: Water, Dry Extract Of Goldenrod (4-6: 1), Extraction Solvent: Ethanol 50% (M/M)"
5634,"Calcium Carbonicum Hahnemanni Dil. D 10, Cimicifuga Racemosa Dil. D 3, Phosphorus Dil. D4, Vitex Agnus-Castus, Pulsatilla Pratensis Dil. D2"
5635,"Dry Extract Of Yarrow (5-10: 1), Extraction Solvent: Water"
5636,"Dydrogesterone, Estradiol Hemihydrate"
5637,"Phenazone, Caffeine"
5638,Ibuprofen Ph. Eur.
5639,"Fennel, Bitter"
5640,Fennel Fruit Bitter
5641,"Caraway Fruit, Fennel, Bitter, Pimpinella Anisum"
5642,"Anisi Fructus, Caraway Fruit, Fennel Fruit Bitter"
5643,Bitter Fennel Oil
5644,"Honey, Bitter Fennel Oil"
5645,"Aluminium Phosphate, Hepatitis B Surface Antigen (Rdna) Adjuvanted By As04c Adsorbed On Aluminium Phosphate [produced In S. Cerevisiae By Rdna], 3-O-Desacyl-4'-Monophosphoryl Lipid A"
5646,Sorafenib Tosilate
5647,"Phenylbutazone, Menthol, Camphor"
5648,Phenylbutazone
5649,"Pheniramine Maleate, Ascorbic Acid, Paracetamol"
5650,Penciclovir
5651,Quifenadine Hydrochloride
5652,"Ipecacuanha, Prepared"
5653,Phenobarbital Sodium
5654,Fenofibrate (Nanonised)
5655,Amidefrine Mesilate
5656,"Sodium Chloride, Urea"
5657,Fennel Fruit Sweet
5658,"Fenofibrate, Rosuvastatin"
5659,Ferrous Sulfate
5660,"Acidum Arsenicosum Dil. D6, Argentum Nitricum Dil. D4, Bryonia Spag. Peka Dil. D4, Cinchona Pubescens Spag. Peka Dil. D3, Vincetoxicum Hirundinaria Dil. D2, Lachesis Dil. D7, Aconitum Napellus Dil. D4, Eupatorium Perfoliatum Dil. D2"
5661,Ferrous Sulfate Heptahydrate
5662,Ferric Maltol
5663,Ferrous (Ii) Glycine Sulfate Complex
5664,"Ascorbic Acid, Folic Acid, Ferrous Fumarate"
5665,"Amylase, Lipase, Protease"
5666,Ferriprotinate
5667,Sodium Ferric Gluconate Complex
5668,"Folic Acid, Ferrous Sulfate"
5669,"Sodium Ascorbate, Ferrous Sulfate"
5670,"Sodium Ascorbate, Ferrous Sulfate Heptahydrate"
5671,"Ascorbic Acid, Ferrous Sulfate"
5672,Iron Protein Succinylate
5673,"Ferriprotinate, Calcium Folinate Pentahydrate"
5674,Ferrous Gluconate Dihydrate Bp
5675,"Ascorbic Acid, Ferrous Fumarate"
5676,"Folic Acid, Ferrous Fumarate"
5677,Polysaccharide Iron Complex
5678,"Sodium Ferric Gluconate Complex, Calcium Folinate Pentahydrate"
5679,Ferric Sodium Gluconate Complex
5680,"Iron, Ion (Fe3+)"
5681,"Ascorbic Acid, Folic Acid, Dried Ferrous Sulfate"
5682,"Cyanocobalamin, Folic Acid, Ferrous (Ii) Glycine Sulfate Complex"
5683,"Folic Acid, Ferrous (Ii) Glycine Sulfate Complex"
5684,"Iron(Iii) Ion, Folinic Acid"
5685,Ferrous Fumarate
5686,"Sodium Ascorbate, Dried Ferrous Sulfate"
5687,"Sodium Ascorbate, Dried Ferrous Sulphate Bp"
5688,"Ascorbic Acid, Dried Ferrous Sulfate"
5689,"Folic Acid Bp, Dried Ferrous Sulphate Bp"
5690,"Dried Ferrous Sulfate, Folic Acid Hydrate"
5691,Ferrimanitol Ovalbumin
5692,Sodium Feredetate
5693,Ferrous Fumarate Bp
5694,Iron Dextran
5695,"Folic Acid, Iron(Iii) Ion"
5696,"Acidum Phosphoricum Dil. D 1, Ferrum Metallicum Trit. D 2, Chininum Arsenicosum Trit D5, Manganum Aceticum Trit D5"
5697,Ferrum Phosphoricum Dil. D8 Aquos.
5698,Ferrum Sidereum Dil. D6 Aquos.
5699,"Ferrum Sidereum Dil. D8 Aquos., Quarz Dil. D20, Sulfur Dil. D6 Aquos."
5700,"Ferrum Sidereum Dil. D10 Aquos., Pankreas Bovis Dil. D6"
5701,Ferrum Sidereum Trit. D20
5702,"Ferrum Sidereum Trit. D3, Ferrum Sidereum D10, Ferrum Sidereum D6, Ferrum Sidereum D8, Ferrum Sidereum D12"
5703,"Ferrum Oxydulatum Nigrum Trit. D4 (Hab, Vs. 6), Nontronit Trit. D4, Urtica Dioica E Planta Tota Ferm 33c Dil. D5 (Hab, Vs. 33c), Pimpinella Anisum E Fructibus, Infusum Ø (Hab, Vs. 24a)"
5704,"Ferrum Oxydulatum Nigrum Dil. D6 (Hab, Vs. 6), Nontronit Dil. D6, Urtica Dioica E Planta Tota Ferm 33c Dil. D7 (Hab, Vs. 33c), Pimpinella Anisum E Fructibus, Infusum Dil. D4 (Hab, Vs. 24a)"
5705,"Ferrum Metallicum Dil. D7, Quarz Dil. D19 Aquos., Sulfur Dil. D5"
5706,"Ferrum Metallicum D200, Ferrum Metallicum D30, Ferrum Metallicum D8, Ferrum Phosphoricum D200, Ferrum Phosphoricum D30, Ferrum Phosphoricum D8, Ferrum Sesquichloratum Solutum D10, Ferrum Sesquichloratum Solutum D200, Ferrum Muriaticum D30, Ferrum Muriatic"
5707,"Ferrum Metallicum Dil. D30, Ferrum Metallicum Dil. D200, Ferrum Phosphoricum Dil. D30, Ferrum Phosphoricum Dil. D200, Ferrum Sulfuricum Dil. D10, Ferrum Sulfuricum Dil. D30, Ferrum Sulfuricum Dil. D200, Ferrum Sesquichloratum Solutum Dil. D10, Ferrum Sesq"
5708,"Ferrum Phosphoricum Dil. D 10, Filipendula Ulmaria Dil. D4, Ferrum Metallicum Dil. D10, Ferrum Metallicum Dil. D30, Ferrum Metallicum Dil. D200, Ferrum Phosphoricum Dil. D30, Ferrum Phosphoricum Dil. D200, Ferrum Sulfuricum Dil. D10, Ferrum Sulfuricum Dil"
5709,Ferrum-Quarz Ursubstanz
5710,"Luteinising Hormone (Human), Follicle-Stimulating Hormone"
5711,"Follicle-Stimulating Hormone, Luteinising Hormone"
5712,"Salicylic Acid, Sodium Iodide"
5713,Cefiderocol
5714,Tanacetum Parthenium
5715,"Pheniramine Maleate, Tetryzoline Hydrochloride"
5716,"Chlorphenamine Maleate, Tramazoline Hydrochloride"
5717,Fexofenadine
5718,Insulin Aspart
5719,Testa Triticum Tricum
5720,Guar
5721,Gemfibrozil
5722,Sodium Tetradecyl Sulfate
5723,Cardiospermum Halicacabum Ø
5724,Sodium Iodide (131i)
5725,"Echinacea Mother Tincture, Argentum Metallicum Praeparatum Trit. D19, Echinacea Purpurea, Planta Tota Mother Tincture, Chamomilla Recutita, Radix, Ethanol. Decoctum Dil. D2, Papaver Somniferum, Fructus Immat. Dil. D3, Atropa Belladonna Dil. D3"
5726,"Magnesium Aspartate, Pyridoxine Hydrochloride"
5727,Sparsentan
5728,"Dry Extract Refined From Birch Bark, Equivalent To 0.5-1.0 G Birch Bark, Including 84-95 Mg Triterpenes Calculated As The Sum Of Betulin, Betulinic Acid, Erythrodiol, Lupeol And Oleanolic Acid, Extraction Solvent: N-Heptane"
5729,"Nicoboxil, Nonivamide"
5730,"Thick Extract Of Cayenne Pepper (4-7:1), Equivalent To 53 Mg Capsaicinoids Calculated As Capsaicin, Extraction Agent: Ethanol 80% (V/V)"
5731,"Caffeine, Acetylsalicylic Acid Ph. Eur."
5732,"Ascorbic Acid, Paracetamol, Caffeine"
5733,Dabrafenib
5734,"Valine, Alanine, Arginine, Histidine, Isoleucine, Leucine, Methionine, Phenylalanine, Proline, Serine, Threonine, Tyrosine, Glycine, Olive Oil, Refined, Soya-Bean Oil Refined, Triglycerides, Medium Chain, Tryptophan, Potassium Chloride, Calcium Chloride D"
5735,"Phenazone, Lidocaine Hydrochloride"
5736,Fenfluramine Hydrochloride
5737,Dehydrocholic Acid
5738,Icatibant
5739,"Phenoxyethanol, Aqueous Extract Of Triticum Aestivum"
5740,"Extractum Compositum (1:1,3-1,6) Ex: Agropyri Rhizomate 12,5 P.,allii Cepae Squama 5,0 P.,betulae Folio 10,0 P.,foenugraeci Semine 15,0 P.,petroselini Radice 17,5 P.,solidaginis Herba 5,0 P., Equiseti Herba 10,0 P.,levistici Radice 10,0 P.,polygoni Avicul"
5741,Phytomenadione
5742,Serenoa Serrulata Fruit Extract
5743,Aqueous Extract Of Triticum Aestivum
5744,"Sodium Hydrogen Carbonate, Magnesium Chloride Hexahydrate, Sodium Chloride, Calcium Chloride Dihydrate, Glucose Monohydrate, Sodium-L-Lactate"
5745,Metronidazole Benzoate
5746,"Nystatin, Metronidazole"
5747,"Clotrimazole, Metronidazole"
5748,"Sulfadiazine Silver, Cerium Nitrate"
5749,"Sulfadiazine Silver, Cerium(Iii) Nitrate, Hexahydrate"
5750,Sulfadiazine Silver Micronised
5751,"Ledum Palustre Dil. D4, Toxicodendron Quercifolium Dil. D12, Guajacum Dil. D4, Bellis Perennis Spag. Peka Dil. D8, Arnica Montana Spag. Peka Dil. D12, Bryonia Spag. Peka Dil. D4, Viscum Album Spag. Peka Dil. D4, Ruta Graveolens Spag. Peka Dil. D6"
5752,"Amoxicillin Trihydrate, Flucloxacillin Sodium"
5753,Fluorometholone Acetate
5754,"Magnesium Glycerophosphate, Pyridoxine Hydrochloride"
5755,"Clebopride Hydrogen Maleate, Simeticone"
5756,"Artemisia Absinthium D3, Matricaria Recutita D2, Gentiana Lutea D3, Juniperus Communis D3"
5757,"Dry Extract From Soya-Bean Seeds (200-50:1), Containing 80 Mg Of Soy Isoflavones, Extraction Solvent: Ethanol 70% V/V"
5758,"Propolis, Caffeic Acid, Chrysin"
5759,"Glycine Max L. (Soybean) Seed Extractum Siccum , Ethanol 60-70%"
5760,"Standardized Dry Extract Of Soya-Bean (1:100-400), Corresponding To 40 Mg Of Isoflavones, Extraction Solvent: Ethanol 85% (V/V)"
5761,Human Normal Immunoglobulin (Iv)
5762,"Troxerutin, Carbazochrome"
5763,Aesculus Seed Extract
5764,"Aesculus Hippocastanum, Extract"
5765,Flecainide
5766,"Sticta Ø, Honey, Lichen Islandicus / Cladonia Rangiferina / Usnea Barbata (5:2:1), Aqueous Extract (Der 1:6), Star Anise Oil"
5767,Bromhexine Hydrochloride Bp
5768,"Bromhexine Hydrochloride, Extractum Fluidum Aquosum (1:3) Ex: Plantagini Lanceolate Folium Et Verbasci Floribus"
5769,"Docusate Sodium Bp, Glycerol Ph Eur"
5770,Arachis Oil
5771,Extract From Symphytum Officinale (1: 2): Extraction Solvent: Ethanol 60% (V/V)
5772,Comfrey Root Liquid Extract
5773,Ketoprofen Sodium
5774,Cyclobenzaprine Hydrochloride
5775,"Rhus Toxicodendron Mother Tincture, Symphytum Officinale Ex Herba Mother Tincture, Ledum Palustre Mother Tincture"
5776,"Dry Extract From Devil's Claw Root Corresonding To 2.1-2.4 G Of Devil's Claw Root, Extraction Solvent: Ethanol 60% (V/V)"
5777,Tolperisone Hydrochloride
5778,"Preparation Of Symphytum X Uplandicum Herb (Der 0.5-0.7:1), Composed Of 40 % Liquid Extract From Symphytum X Uplandicum Herb, Extraction Solvent: Water, And 60 % Liquid Extract From The Press Residue After Aqueous Extraction Of Symphytum X Uplandicum Herb"
5779,"Allium Cepa D4, Allium Cepa D10, Allium Cepa D15"
5780,Fumagillin
5781,Infliximab
5782,"Gramicidin, Neomycin Sulfate, Fluocinolone Acetonide"
5783,Psyllium
5784,Plantago Seed
5785,"Dexamethasone Sodium Phosphate, Ofloxacin"
5786,Morniflumate
5787,"Formica Parva Ex Anim. Tot. Dil. D6, Triticum Vulgare, Flos Dil. D12, Vespa Vulgaris Ex Anim. Tot. Dil. D6"
5788,Ispaghula Husk
5789,Flucloxacillin
5790,Flucloxacillin Sodium Monohydrate
5791,Fluorothymidine F-18
5792,"B/Phuket/3073/2013-Like Strain (B/Phuket/3073/2013, Bvr-1b), Influenza Virus B/Austria/1359417/2021-Like Strain (B/Austria/1359417/2021, Bvr-26), Influenza A/Victoria/4897/2022 Ivr-238 (H1n1), Inactivated, Influenza Virus A/Thailand/8/2022 (H3n2) Ivr-237-"
5793,"Influenza Virus B/Austria/1359417/2021-Like Strain (B/Austria/1359417/2021, Bvr-26), Influenza A/Victoria/4897/2022 Ivr-238 (H1n1), Inactivated, Influenza Virus A/Thailand/8/2022 (H3n2) Ivr-237-Like Strain (A/Thailand/8/2022)"
5794,"B/Phuket/3073/2013-Like Virus (B/Phuket/3073/2013, Wild Type), B/Washington/02/2019 - Like Virus (B/Washington/02/2019, Wild Type), A/Victoria/2570/2019 (H1n1)pdm09-Like Strain (A/Victoria/2570/2019, Ivr-215), Influenza A Virus, A/Cambodia/E0826360/2020 ("
5795,"B/Phuket/3073/2013-Like Virus (B/Phuket/3073/2013, Wild Type), Influenza Virus B/Austria/1359417/2021-Like Strain (B/Austria/1359417/2021, Bvr-26), A/Victoria/4897/2022 (H1n1)pdm09-Like Strain (A/Victoria/4897/2022, Ivr-238), Influenza A Virus, A/Croatia/"
5796,"B/Phuket/3073/2013-Like Virus (B/Phuket/3073/2013, Wild Type), Influenza Virus B/Austria/1359417/2021-Like Strain (B/Austria/1359417/2021, Bvr-26), A/Victoria/4897/2022 (H1n1)pdm09-Like Strain (A/Victoria/4897/2022, Ivr-238), Influenza Virus A/Thailand/8/"
5797,"B/Phuket/3073/2013-Like Virus (B/Phuket/3073/2013, Wild Type), Influenza Virus B/Austria/1359417/2021-Like Strain (B/Austria/1359417/2021, Bvr-26), Influenza A/Victoria/4897/2022 Ivr-238 (H1n1), Inactivated, Influenza Virus A/Thailand/8/2022 (H3n2) Ivr-23"
5798,"B/Austria/1359417/2021-Like Strain (B/Singapore/Wuh4618/2021), A/Wisconsin/67/2022 (H1n1)pdm09-Like Strain (A/Georgia/12/2022 Cvr-167), Influenza A Virus, Subtype H3n2, Strain A/District Of Columbia/27/2023-Like Virus A/Victoria/800/2024 Cvr-289, Live"
5799,Flucloxacillin Sodium
5800,"Flucloxacillin, Flucloxacillin Sodium Monohydrate"
5801,Flucloxacillin Sodium Bp
5802,Flucloxacillin Magnesium Octahydrate
5803,Fludarabine Phosphate Ph. Eur.
5804,Fluorine
5805,Fludeoxyglucose
5806,Fludroxycortide
5807,"Influenza Virus B/Austria/1359417/2021 - Like Strain (B/Austria/1359417/2021, Medi 355292), Influenza Virus A/Victoria/4897/2022 (H1n1)pdm09 - Like Strain (A/Norway/31694/2022, Medi 369815), Influenza A Virus, Subtype H3n2, Strain A/Croatia/10136rv/2023-L"
5808,Flunarizine Hydrochloride
5809,Mepiphylline
5810,Thiamphenicol Glycinate Acetylcysteine
5811,"Acetylcysteine, Paracetamol"
5812,"Promethazine Hydrochloride, Polysorbate 20, Meglumine Benzoate"
5813,"Polysorbate 20, Meglumine Benzoate"
5814,"Flumetasone Pivalate, Clioquinol"
5815,Flunarizine
5816,Flunitrazepam
5817,"Sodium Fluoride, Sodium Monofluorophosphate"
5818,"Dexpanthenol, Fluocinolone Acetonide"
5819,"Gentamicin, Fluocinolone Acetonide"
5820,Aminofluoride
5821,"Sodium Fluoride, Aminofluoride"
5822,Fluoromethyl-(18f)-Dimethyl-2-Hydroxyethyl-Ammonium
5823,Calcium Fluoride
5824,"Domiphen Bromide, Sodium Chloride, Sodium Fluoride"
5825,"Sodium Fluoride, Cholecalciferol Concentrate (Powder Form)"
5826,Flurazepam
5827,Valaciclovir Hydrochloride
5828,"Furosemide, Triamterene"
5829,"Fluticasone Propionate, Formoterol Fumarate Dihydrate Ph.Eur."
5830,Cloperastine Hydrochloride
5831,Flutrimazole
5832,Fluvastatin
5833,Flubendazole
5834,Parnaparin Sodium
5835,Influenza Virus Surface Antigens (Inactivated) Of Strain A/Vietnam/1194/2004 (H5n1)
5836,"Ammonium Carbonicum Dil. D4, Rhododendron Dil. D12, Nitroglycerinum Dil. D6, Psychotria Ipecacuanha Dil. D6"
5837,"Benzocaine, Benzyl Alcohol, Chloroxylenol"
5838,"Thiamine Hydrochloride, Cyanocobalamin, Folic Acid, Nicotinamide"
5839,"Cyanocobalamin, Folic Acid"
5840,"Cyanocobalamin, Folic Acid Hydrate"
5841,Folic Acid Bp
5842,"Cyanocobalamin, Potassium Iodide, Folic Acid Hydrate"
5843,Fomepizole
5844,Fomepizole Sulfate
5845,"Potassium Citrate Monobasic, Monosodium Citrate (Anhydrous), Citric Acid"
5846,Oxiconazole Nitrate
5847,"Ascorbic Acid, Betacarotene, Ergocalciferol, Cyanocobalamin, Folic Acid, Nicotinamide, Pyridoxine, Riboflavin, Thiamine, Zinc, Calcium, Chromium, Copper, Iodine, Iron, Magnesium, Manganese, Pantothenic Acid, Phosphorus, Potassium, Selenium, Molybdenum, Dl"
5848,Formaldehyde
5849,Formica Ø
5850,"Formica 42a Dil. D15, Formica Rufa D3"
5851,"Formica Rufa Ex Animale Toto Gl Dil. D5 (Hab, Vs. 41c)"
5852,"Formica Rufa Dil. D12, Formica Rufa Dil. D30, Formica Rufa Dil. D200"
5853,Formica 42a Dil. D3
5854,"Formica Rufa Ex Animale Toto Gl Dil. D4 (Hab, Vs. 41c), Oxalis Acetosella E Planta Tota Ferm 34b Dil. D2 (Hab, Vs. 34b)"
5855,Acidum Formicicum Dil D12
5856,Acidum Formicicum Dil D6
5857,Naratriptan
5858,Acidum Formicicum Dil. D 4
5859,Formoterol Fumarate Dihydrate Ph.Eur.
5860,Fucus Vesiculosus Dil. D6
5861,"Hydrocortisone Acetate, Lidocaine"
5862,"Hydrocortisone, Lidocaine"
5863,"Penicillium Roqueforti E Volumine Cellulae (Lyophil., Steril.) D4"
5864,"Penicillium Roquefortii E Volumine Cellulae (Lyophil., Steril.) D5"
5865,"Heptaminol Hydrochloride, Deanol Aceglumate"
5866,"Taraxici Herba Cum Radice, Dry Extract From Bearberry Leaf, Buchu Dry Extract"
5867,Fosaprepitant
5868,Fosaprepitant Dimeglumine
5869,Temoporfin
5870,Foscarnet Sodium Hexahydrate
5871,Foscarnet
5872,Sodium Dihydrogen Phosphate Monohydrate
5873,Dipotassium Phosphate
5874,"Sodium Dihydrogen Phosphate Dihydrate, Water For Injection"
5875,Fosfomycin Sodium
5876,Fosfomycin Disodium
5877,Fosinopril
5878,Fosphenytoin Sodium
5879,Fosphenytoin
5880,"Beclometasone Propionate, Formoterol Fumarate Dihydrate"
5881,"Formoterol Fumarate Dihydrate Ph.Eur., Beclometasone Dipropionate Ph. Eur."
5882,Tivozanib
5883,"Valine, Alanine, Arginine, Histidine, Isoleucine, Leucine, Methionine, Phenylalanine, Proline, Serine, Taurine, Threonine, Tyrosine, Glycine, Olive Oil, Refined, Soya-Bean Oil Refined, Triglycerides, Medium Chain, Tryptophan, Potassium Chloride, Calcium C"
5884,"Valine, Alanine, Arginine, Histidine, Isoleucine, Leucine, Methionine, Phenylalanine, Proline, Serine, Taurine, Threonine, Tyrosine, Glycine, Olive Oil, Refined, Soya-Bean Oil Refined, Triglycerides, Medium Chain, Tryptophan, Glucose Monohydrate, Lysine A"
5885,Human Hepatitis B Immunoglobulin
5886,Chlorobutanol Bp
5887,Dalteparin Sodium
5888,"Dexamethasone Sodium Phosphate, Framycetin Sulfate"
5889,"Bacitracin Zinc, Neomycin"
5890,"Dexamethasone Sodium Phosphate, Polymyxin B Sulfate, Framycetin"
5891,"Menthol, Ethanol 96.6 % (V/V)"
5892,"D-Camphor, Pumilio Pine Oil"
5893,"Ethanol (96 Per Cent), Menthol"
5894,"Camphor, Ethanol 96.6 % (V/V)"
5895,"Lachesis Dil. D10, Viburnum Opulus Dil. D3, Ferrum Metallicum Dil. D8, Juniperus Sabina Dil. D10, Pulsatilla Dil. D4, Hamamelis Dil. D3"
5896,Alchemilla
5897,Alchemillae Herba
5898,"Aletris Farinosa Dil. D 1, Cimicifuga Racemosa Dil. D 3, Fraxinus Americana (Hab 34) Dil. 2, Lilium Lancifoliumdil. D 4 Vinos, Sepia Officinalis Dil. D 6, Strychnos Ignatii Dil. D 4 Vinos, Turnera Diffusa Mother Tincture, Valeriana Officinalis Ø, Caulophy"
5899,Nadroparin Calcium
5900,"Glycine, L-Cysteine Hcl, L-Lysine Acetate, L-Tryptophan, L-Arginine, L-Histidine, L-Isoleucine, L-Leucine, L-Methionine, L-Proline, L-Serine, L-Threonine, L-Valine, L-Phenylalanine, L-Alanine"
5901,Nicotinamide
5902,"Isopropyl Alcohol, 1,3-Butylene Glycol"
5903,"Retinol Palmitate, Ergocalciferol, Phytomenadione, All-Rac-Alpha-Tocopheryl Acetate (Ph.Eur.)"
5904,"Chlorphenamine Maleate, Dextromethorphan Hydrobromide, Ascorbic Acid, Paracetamol, Caffeine Citrate"
5905,"Naproxen Sodium, Sumatriptan Succinate"
5906,Frovatriptan Succinate
5907,Frovatriptan Succinate Monohydrate
5908,"Ergocalciferol, Calcium Lactate Pentahydrate, Calcium Gluconate"
5909,"Calcium Lactate Pentahydrate, Calcium Gluconate"
5910,"Corylus Avellana L., Alnus Glutinosa Pollen, Betula Verrucosa Pollen"
5911,"Furosemide, Anhydrous Amiloride Hydrochloride"
5912,Furosemide Bp
5913,Fruquintinib
5914,"Tick-Borne Encephalitis Virus (Inactivated), Neudoerfl Strain"
5915,"Algeldrate, Tick-Borne Encephalitis Virus (Inactivated), Neudoerfl Strain"
5916,"Tick-Borne Encephalitis Virus (Inactivated), Neudoerfl Strain, Aluminium Hydroxide"
5917,"Tick-Borne Encephalitis Virus Neudoerfl Strain Adsorbed On Aluminium Hydroxide, Hydrated Produced In Chick Embryo Cells"
5918,Tegafur
5919,"Betamethasone Valerate, Fusidic Acid Hemihydrate"
5920,"Betamethasone, Anhydrous Fusidic Acid"
5921,"Betamethasone Valerate, Fusidic Acid Pentahydrate"
5922,"Fusidic Acid, Hydrocortisone Acetate"
5923,"Hydrocortisone Acetate, Anhydrous Fusidic Acid"
5924,"Hydrocortisone Acetate, Fusidic Acid Hemihydrate"
5925,Fusidic Acid Hemihydrate
5926,Anhydrous Fusidic Acid
5927,Fucus Vesiculosus L. (Talos)
5928,"Calcium Acetate D2, Alchemilla Vulgaris D2, Antimonium Crudum D5, Fucus Vesiculosus D2"
5929,"Stibium Sulfuratum Nigrum D8, Calcium Acetate D2, Alchemilla Vulgaris D2, Thyroid Extract D8, Fucus Vesiculosus D2"
5930,"Fucus Vesiculosus Dil. D12, Fucus Vesiculosus Dil. D30, Fucus Vesiculosus Dil. D200"
5931,Fucus Vesiculosus Dil. D2
5932,Griseofulvin
5933,"Dimethyl Fumarate, Ethyl Fumarate Calcium, Ethyl Fumarate Magnesium, Ethyl Fumarate Zinc"
5934,Ginseng Root Powder
5935,"Funiculus Umbilicalis Suis Dil. D10, Funiculus Umbilicalis Suis Dil. D30, Funiculus Umbilicalis Suis Dil. D200"
5936,"Funiculus Umbilicalis Suis Dil. D30, Funiculus Umbilicalis Suis Dil. D200, Funiculus Umbilicalis Suis Dil. D8, Funiculus Umbilicalis Suis Dil. D12"
5937,"Ferrum Iodatum Dil. D12, Sulfur Iodatum Dil. D12, Calcium Iodatum D12, Acidum Nitricum Dil. D12, Acidum Phosphoricum Dil. D12"
5938,Micafungin
5939,Nitrofurantoin Monohydrate
5940,Nitrofural
5941,Furagin Soluble
5942,"Sodium Chloride, Furagin Soluble"
5943,Furazolidone
5944,Furosemide Sodium
5945,Furosemide Ph. Eur.
5946,"Fusidic Acid, Betamethasone Valerate (Ph. Eur.)"
5947,"Eprosartan, Hydrochlorothiazide"
5948,Enfuvirtide
5949,Ispaghula Husk Bp
5950,"Mebeverine Hydrochloride, Ispaghula Husk"
5951,"Mebeverine Hydrochloride, Ispaghula Husk Bp"
5952,Perampanel
5953,"Lidocaine Hydrochloride Monohydrate, Phenylephrine Hydrochloride, Tropicamide"
5954,"Iron Protein Succinylate, Calcium Folinate Pentahydrate"
5955,"Betulae Folium, Crataegi Folium Cum Flore, Lupuli Flos, Origanum Vulgare, Alchemillae Herba, Hyperici Herba, Melissae Herba"
5956,Sodium Phytate Anhydrous
5957,"Sodium Phytate, Technetium (99mtc) Phytate"
5958,"Bryonia Dil. D15, Solanum Dulcamara Dil. D10, Ledum Palustre Dil. D10, Colchicum Dil. D6, Berberis Dil. D3, Phytolacca Americana Dil. D6"
5959,Paromomycin
5960,Gabexate Mesilate
5961,Tiagabine
5962,Tiagabine Hydrochloride
5963,Gadobutrol
5964,Magaldrate
5965,"Camphor, Racemic, Zinc Oxide, Ichthammol"
5966,"Camphor, Racemic, Ichthammol"
5967,Migalastat
5968,"Galenit Dil. D19 Aquos., Retina Et Chorioidea Bovis Gl Dil. D11 (Hab, Vs. 41c), Secale Cornutum E Sklerotio Ferm 35b Dil. D5 (Hab, Vs. 35b), Terebinthina Laricina Dil. D9 (Hab, Vs. 6)"
5969,"Gallium (68ga) Chloride, Germanium (68ge) Chloride"
5970,"Folic Acid Bp, Ferrous Fumarate Bp"
5971,"Thuja Occidentalis D3, Urtica Urens D3, Acidum Nitricum D6, Apis Mellifica D12, Argentum Metallicum D8, Aurum Metallicum D10, Calcium Fluoratum D8, Caltha Palustris D3, Clematis Recta D4, Betula Pendula D2, Galium Aparine D3, Galium Mollugo D3, Hedera Hel"
5972,"Apis Mellifica Dil. D12, Phosphorus Dil. D8, Calcium Fluoratum Dil D8, Aurum Metallicum Dil. D10, Juniperus Communis Dil. D4, Ononis Spinosa Dil. D4, Hedera Helix Dil. D4, Urtica Urens Dil. D3, Sedum Acre Dil. D3, Sempervivum Tectorum Var. Tectorum Dil. D"
5973,"Artichoke Leaf Dry Extract (5.8-7.5:1), Extraction Agent: Water"
5974,"Menthae Piperitae Folium, Curcumae Xanthorrhizae Rhizoma, Taraxaci Radix, Millefolii Herba"
5975,"1-Naphthaleneacetic Acid, Tolylmethylcarbinol Nicotinate"
5976,"Lycopodium Clavatum Dil. D20, Cholesterolum D3, Chelidonium Majus Dil. D4, Berberis Vulgaris Dil D3"
5977,"Caraway Fruit, Menthae Piperitae Folium, Turmeric, Javanese, Milk Thistle Fruit, Taraxacum Officinale"
5978,"Menthae Piperitae Folium, Milk Thistle Fruit, Artemisia"
5979,"Liquid Extract (1 : 10.6-13.0) Of Artichoke Leaf, Gentian Root, Turmeric Root, Dandelion Herb With Root, Ginger, Yarrow Herb, Bitter Fennel, Matricaria Flower, Bitter-Orange Epicarp And Mesocarp, Blessed Thistle, Bogbean Leaf, Cardamom, Wormwood (41.5 : 1"
5980,Germanium (68ge) Chloride
5981,Gallium (68ga) Chloride
5982,"Purified Extract Of Glechoma Hederacea (2:1), Extraction Solvent: Ethanol 96% (V/V)"
5983,"Ethanol, Chelidonium Dil. D8, Taraxacum Dil. D2, Carduus Marianus Dil. D1, Natrium Sulfuricum Dil. D4, Lycopodium Dil. D3, Chamomilla Dil D1"
5984,"Dexamethasone, Netilmicin"
5985,Pentaerithrityl Tetranitrate
5986,"Chlorphenamine Maleate, Pseudoephedrine Hydrochloride"
5987,"Chelidonium Majus D6, Silybum Marianum D1, Taraxacum Officinale D6, Natrium Sulfuricum D12, Phosphorus D12"
5988,"Chelidonium Majus D6, Taraxacum Officinale D6, Natrium Sulfuricum D12, Phosphorus D12, Carduus Marianus Dil. D1"
5989,Human Tetanus Immunoglobulin
5990,"Gamma-Aminobutyric Acid, Magnesium Glutamate Hydrobromide, Pyridoxine Hydrochloride, Gamma-Amino-Beta-Hydroxybutyric Acid"
5991,"Gamma-Aminobutyric Acid, Pyridoxine Hydrochloride, Alfa-Amino Glutamate Magnesium Hidrobromide, Gamma-Amino-Beta-Hydroxybutyric Acid"
5992,Lofepramine Hydrochloride
5993,Gamma-Amino-Beta-Hydroxybutyric Acid
5994,"Phenytoin Sodium, Phenobarbital, Gamma-Amino-Beta-Hydroxybutyric Acid"
5995,"Diazepam, Gamma-Amino-Beta-Hydroxybutyric Acid"
5996,"Ganciclovir, Sodium"
5997,Ganirelix Acetate
5998,Fat Hen Pollen
5999,"Human Papillomavirus Type 11 L1 Protein - Adsorbed - In The Form Of Virus-Like Particles Produced In Yeast Cells (Saccharomyces Cerevisiae Canade 3c-5 (Strain 1895)) By Rdna, Human Papillomavirus Type 16 L1 Protein - Adsorbed - In The Form Of Virus-Like P"
6000,"Human Papillomavirus Type 31 L1 Protein - Adsorbed - In The Form Of Virus-Like Particles Produced In Yeast Cells (Saccharomyces Cerevisiae Canade 3c-5 (Strain 1895)) By Rdna, Human Papillomavirus Type 33 L1 Protein - Adsorbed - In The Form Of Virus-Like P"
6001,"Chlorhexidine Digluconate Solution, Lidocaine Hydrochloride"
6002,"Sodium Hydrogen Carbonate, Menthol, Sodium Benzoate, Sodium Borate, Sodium Chloride"
6003,"Benzoic Acid, Peppermint Oil, Ethanol, Eucalyptus Oil, Salicylic Acid, Thymol, Malachite Green"
6004,Ethanol
6005,Tiotropium Bromide Monohydrate
6006,Cisapride
6007,"Aluminium Hydroxide-Magnesium Carbonate, Magnesium Hydroxide"
6008,"Tincture (1:5) Of Peppermint Leaf, Bitter Fennel And Chamomile Flower (5.8 : 6.4 : 7.9), Extraction Liquid: Ethanol 34 % (V/V)"
6009,"Pulsatilla Pratensis D4, Acidum Arsenicosum D6, Carbo Vegetabilis D6, Argentum Nitricum D6, Stibium Sulfuratum Nigrum D6, Strychnos Nux-Vomica D4"
6010,"Anamirta Cocculus Dil. D 3, Dioscorea Villosa Dil. D 3, Lobelia Inflata Dil. D3"
6011,"Citrullus Colocynthis D8, Carbo Vegetabilis Dil. D8, Nux Vomica Dil. D6"
6012,Magnesium Trisilicate
6013,"Gentiana Lutea Ø, Centaurium Erythraea E Planta Tota Recente Ø, Matricaria Recutita Mother Tincture"
6014,"Strychnos Nux-Vomica Dil. D4, Ethanol, Citrullus Colocynthis Dil. D4, Aluminia D8 Dil."
6015,"Carbo Vegetabilis Trit. D 3, Hepar Sulfuris Trit. D 6, Stibium Sulfuratum Nigrum Trit. D4, Belladonna Trit. D3, Bismutum Subnitricum Trit D2, Magnesium Carbonicum Trit. D2, Artemisia Absinthium Trit. D4, Resina Piceae Trit. D4"
6016,"Extract Of Potentilla Anserina (1:1,7-2,2), Extraction Solvent: Ethanol 40 % (V/V), Extract Of Liquiritiae Radix (1:1,7-2,2), Extraction Solvent: Ethanol 40 % (V/V), Extract Of Angelicae Archangelicae Radix (1:1,7-2,2) Extraction Solvent: Ethanol 40 % (V/"
6017,"Angelica Root, Cnicus Benedictus, Matricaria Recutita, Potentilla Anserina, Artemisia Vulgaris, Liquorice Root"
6018,"Carbo Vegetabilis Trit. D 3, Strychnos Nux-Vomica Trit D4, Psychotria Ipecacuanha Trit. D4, Bismutum Subnitricum Trit. D4, Magnesium Phosphoricum Trit. D3"
6019,"Strychnos Nux-Vomica Dil. D4, Atropa Belladonna Dil. D4, Argentum Nitricum Dil. D6, Phosphorus Dil. D6, Hydrastis Canadensis Dil. D4"
6020,"Resina Piceae C4, Robinia Pseudoacacia C4, Carbo Vegetabilis C4, Strychnos Nux-Vomica C4"
6021,Hydrotalcite
6022,"Distillate Of Caraway Oil, Laurel Oil, Clove Oil, Fennel Oil, Anise Oil, Eucalyptus Oil, Cinnamon Oil, Camphor, Levomanthol (12,07 : 1,32 : 10,11 : 9,58 : 4,89 : 2,42 : 1 : 6,53 : 4,05): Distillation Liquid: Ethanol 47,5 % (V/V)"
6023,"Sodium Hydrogen Carbonate, Potassium Chloride, Sodium Chloride, Glucose, Chamomillae Extractum"
6024,"Extract Of Angelica Root (1 : 2.5 - 3.5), Extracting Agent: Ethanol 30 % (V/V), Liquid Extract Of Caraway Fruit (1 : 2.5 - 3.5), Extracting Agent: Ethanol 30 % (V/V), Extract Of Liquorice Root (1 : 2.5 - 3.5), Extracting Agent: Ethanol 30 % (V/V), Liquid"
6025,"Kaolin, Heavy, Magnesium Carbonate, Light, Sodium Hydrogen Carbonate, Calcium Carbonate, Calcium Phosphate, Tribasic, Magnesium Hydroxide, Magnesium Trisilicate"
6026,"Daphne Mezereum Dil. D 4, Marsdenia Cundurango Dil. D3, Chamomilla Recutita Dil. D2, Hydrastis Canadensis Dil. D4"
6027,"Marshmallow Root, Matricariae Flos, Menthae Piperitae Folium"
6028,"Absinthium Tincture, Belladonna Tincture, Mentha Piperita Tincture, Valerian Tincture"
6029,"Melissa Leaf Dry Extract (5.0-6.2:1)), Solvent: Water"
6030,"Liquid Extract (0.67:1) From: Artemisia Abrotanum Herb, Milk Thistle Fruit, Peppermint Leaf, Centaurea Benedicta Herb, Dandelion Root And Yarrow (35/15/8/3/3/3), Extraction Solvent: Ethanol 70% (V/V)"
6031,"Liquid Extract (0.5:1) Of Oak Bark, Willow Bark, Salvia Officinalis Herb, Artemisia Abrotanum Herb, Thyme, Yarrow (2:2:2:2:1:1), Extraction Solvent: Ethanol 70% (V/V)"
6032,Pirenzepine Dihydrochloride Monohydrate
6033,Symphytum X Uplandicum
6034,"Sodium Carbonate, Alginic Acid, Aluminium Hydroxide"
6035,"Sodium Hydrogen Carbonate, Alginic Acid, Aluminium Hydroxide"
6036,"Sodium Hydrogen Carbonate, Alginic Acid, Aluminium Hydroxide Gel, Dried"
6037,"Sodium Hydrogen Carbonate, Calcium Carbonate, Sodium Alginate, Aluminium Hydroxide"
6038,"Sodium Hydrogen Carbonate, Calcium Carbonate"
6039,"Magnesium Alginate, Sodium Alginate"
6040,Obinutuzumab
6041,"Ascorbic Acid, Glucuronamide, Caffeine"
6042,"Dimeticone, Metoclopramide Hydrochloride, Sodium Hydrogen Carbonate, Tartaric Acid, Citric Acid Anhydrous, Potassium Citrate"
6043,Gefitinib
6044,Salicylic Acid Ph. Eur.
6045,Bovine Bile Extract
6046,Gelatine Polysuccinate
6047,"Magnesium Chloride Hexahydrate, Potassium Chloride, Sodium Chloride, Calcium Chloride Dihydrate, Gelatine Polysuccinate, Sodium Acetate Trihydrate"
6048,"Gelatin, Magnesium Chloride Hexahydrate, Potassium Chloride, Sodium Chloride, Calcium Chloride Dihydrate, Sodium Acetate Trihydrate"
6049,"Magnesium Chloride Hexahydrate, Potassium Chloride, Sodium Chloride, Calcium Chloride Dihydrate, Sodium Acetate Trihydrate, Succinylated Gelatin"
6050,Aluminium Phosphate
6051,"Toxicodendron Quercifolium Dil. D12, Harpagophytum Procumbens Dil. D4, Filipendula Ulmaria Dil. D3"
6052,"Ledum Palustre Dil. D4, Berberis Vulgaris Dil. D2, Colchicum Autumnale Dil. D3, Thuja Occidentalis Dil. D4, Filipendula Ulmaria Dil. D4, Sulfur D4, Phytolacca Americana Dil. D2"
6053,"Colchicum Autumnale Dil. D3, Actaea Spicata Dil. D3, Filipendula Ulmaria Mother Tincture, Bryonia Dil. D3, Ruta Dil. D1"
6054,"Ledum Palustre Dil. D4, Pulsatilla Pratensis Dil. D3, Solanum Dulcamara Dil. D 4, Filipendula Ulmaria Dil. D3, Asclepias Tuberosa Dil. D6, Rhododendron D3, Acidum Benzoicum E Resina D3, Lithium Benzoicum D3, Stellaria Media D2, Aconitum Napellus Dil. D4"
6055,"Calcium Phosphoricum D12, Benzoicum Acidum D8, Harpagophytum Procumbens D6"
6056,"Cimicifuga Racemosa D4, Sanguinaria Canadensis D3, Spigelia Anthelmia D4, Gelsemium Sempervirens D3, Iris Versicolor D2"
6057,Rosemary Oil
6058,"Levomenthol, Eucalyptus Oil"
6059,Myrtol Stand.
6060,"Sodium Chloride, Succinylated Gelatin"
6061,"Sodium Chloride, Gelatine Polysuccinate"
6062,"Sodium Chloride, Sodium Hydroxide, Gelatine Polysuccinate"
6063,"Sodium Chloride, Sodium Hydroxide, Succinylated Gelatin"
6064,Succinylated Gelatin
6065,"Distillate Of A Mixture Of Rectified Eucalyptus Oil, Rectified Sweet Orange Oil, Rectified Myrtle Oil And Rectified Lemon Oil In A Ratio Of 66:32:1:1"
6066,"Gelatin, Magnesium Chloride Hexahydrate, Potassium Chloride, Sodium Chloride, Sodium Lactate"
6067,"Magnesium Chloride Hexahydrate, Potassium Chloride, Sodium Chloride, Sodium Lactate, Gelatin (Anhydrous)"
6068,"Magnesium Hydroxide, Monmectite, Aluminium Hydroxide"
6069,"Acidum Arsenicosum Dil. D10, Belladonna Dil. D6, Gelsemium, Ethanol. Decoctum Dil. D4, Phosphorus Dil. D10, Bryonia Dil. D3"
6070,"Gelsemium Sempervirens E Rhizoma Ferm 35b Dil. D2 (Hab, Vs. 35b), Gelsemium Sempervirens E Rhizoma Ferm 35b Dil. D14 (Hab, Vs. 35b), Vivianit Dil. D7, Bryonia Cretica Ferm 33b Dil. D2"
6071,"Daphne Mezereum Dil. D 6, Plumbum Aceticum Dil. D6, Gelsemium Dil. D4, Cocculus Dil.D4, Lachesis Dil. D12, Aconitum Dil. D4, Citrullus Colocynthis Dil. D4, Nux Vomica Dil. D6, Rhus Toxicodendron Dil. D6"
6072,"Daphne Mezereum Dil. D 4, Plumbum Aceticum Dil. D4, Zincum Metallicum Dil. D8, Gelsemium Dil. D4, Cocculus Dil.D4, Lachesis Dil. D12, Aconitum Dil. D4, Citrullus Colocynthis Dil. D4, Rhus Toxicodendron Dil. D6"
6073,"Colocynthis D 4, Gelsemium D5, Belladonna D3, Nux Vomica D3, Daphne Mezereum D5, Rhus Toxicodendron D8, Arnica Montana D3, Acidum Arsenicosum D4, Aconitum Napellus D2, Matricaria Recutita D2"
6074,"Gelsemium D5, Belladonna D3, Nux Vomica D3, Daphne Mezereum D5, Rhus Toxicodendron D8, Arnica Montana D3, Acidum Arsenicosum D4, Citrullus Colocynthis D4, Aconitum Napellus D3, Matricaria Recutita D2"
6075,"Cimicifuga Racemosa Dil. D 2, Gelsemium Sempervirens Dil. D10, Cimicifuga Racemosa Dil. D30, Cimicifuga Racemosa Dil. D10, Cimicifuga Racemosa Dil. D200, Rhus Toxicodendron Dil. D200, Gelsemium Sempervirens Dil.D30, Gelsemium Sempervirens Dil.D200, Rhus T"
6076,"Gelsemium Sempervirens Dil. D4, Rhus Toxicodendron Dil. D5, Gelsemium Sempervirens Dil. D10, Cimicifuga Racemosa Dil. D30, Cimicifuga Racemosa Dil. D10, Cimicifuga Racemosa Dil. D200, Rhus Toxicodendron Dil. D200, Gelsemium Sempervirens Dil.D30, Gelsemium"
6077,Carbomer 980 Nf
6078,Aluminium Magnesium Silicate
6079,Ethanolamine Tenoate
6080,Gemcitabine Hydrochloride
6081,Methylrosanilinium Chloride
6082,"Citrus Limon, Succus, Cydonia Oblonga, Fructus Rec., Aqu. Extr. 1:2,1"
6083,Somatropin
6084,Insulin Human Biphasic
6085,Insulin Human Isophane (Rdna)
6086,"Gentamicin Sulfate, Hydrocortisone Acetate"
6087,Gentiana Lutea Rh Dil. D1
6088,"Gentiana Lutea, Ethanol. Decoctum Dil. D1"
6089,"Artemisia Absinthium Ex Herba, Infusum Dil. D3 (Hab, Vs. 24a), Gentiana Lutea E Radice, Decoctum Dil. D3 (Hab, Vs. 23a), Strychnos Nux-Vomica E Semine Ferm 35b Dil. D5 (Hab, Vs. 35b), Taraxacum Officinale E Planta Tota Ferm 34c Dil. D2 (Hab, Vs. 34c)"
6090,"Artemisia Absinthium Ex Herba, Infusum Ø (Hab, Vs. 24a), Gentiana Lutea E Radice, Decoctum Ø (Hab, Vs. 23a), Strychnos Nux-Vomica E Semine Ferm 35b Dil. D4 (Hab, Vs. 35b), Taraxacum Officinale E Planta Tota Ferm 34c Ø (Hab, Vs. 34c)"
6091,"Populus Tremuloides D1, Serenoa Repens D6, Conium Maculatum D6, Kalium Iodatum D12, Ferrum Picrinicum D12"
6092,"Apis Mellifica Dil. D4, Kalmia Latifolia Dil. D 2, Solanum Dulcamara Dil D2, Sulfur Dil. D6, Causticum Hahnemanni Dil. D3, Petroleum Rectificatum Dil. D4, Bryonia Dil. D4"
6093,Flavoxate Hydrochloride
6094,"Emtricitabine, Tenofovir Alafenamide, Cobicistat, Elvitegravir"
6095,Ziprasidone
6096,"Nystatin, Oxytetracycline Hydrochloride"
6097,Geraniol
6098,"Viscum Album Mother Tincture, Acidum Picrinicum Dil D2"
6099,Suramin Sodium
6100,"Zinc Oxide, Anhydrous Lidocaine Hydrochloride"
6101,Cinolazepam
6102,Tamsulosin Chloride
6103,Barley Grain
6104,"Eucalyptus Oil, Lemon Oil, Sweet Orange Peel Essential Oil, Myrtle Essential Oil"
6105,Magnesium Stearate
6106,Nintedanib Esylate
6107,"Paracetamol Ph. Eur., Ibuprofen Sodium Dihydrate"
6108,Somatorelin
6109,Macimorelin
6110,Angiotensin Ii
6111,Cefditoren Pivoxil
6112,Devil's Claw Root
6113,Harpagophytum Procumbens
6114,Ajmaline
6115,Standardised Ginkgo Biloba Extract
6116,"Dry Extract Of Ginkgo Biloba Leaf (35-67:1), Extraction Solvent: Acetone 60% (V/V)"
6117,Ginkgo Bilobae Extractum Siccum Normatum
6118,"Gingiva Suis D10, Gingiva Suis D200, Gingiva Suis D30"
6119,"Ginkgo Biloba Leaf, Cryoground"
6120,"Refined And Quantified Ginkgo Dry Extract (35-67:1), Corresponding To 8.80-10.80 Mg Of Flavonoids Expressed As Flavone Glycosides, 1.12-1.36 Mg Of Ginkgolides A, B And C, 1.04-1.28 Mg Of Bilobalide, Extraction Solvent: Acetone 60% M/M"
6121,Ginkgo Biloba Trit. D2
6122,"Ginkgo Biloba Dil. D3, Auri Solutio Colloidalis Dil. D8"
6123,Ginkgo Biloba Dil. D 4
6124,"Ginkgo Leaf Extract, Ginkgo Leaf Dry Extract, Refined And Quantified"
6125,"Refined And Quantified Dry Extract Of Ginkgo Biloba Dried Leaf (35-67:1), Corresponding To 52,8–64,8 Mg Of Flavonoids Expressed As Flavone Glycosides, 6,72–8,16 Mg Of Ginkgolides A, B And C, 6,24–7,68 Mg Of Bilobalide, Extraction Solvent: Acetone 60% (M/M"
6126,"Dry Extract From Ginkgo (35-67:1), Refined And Quantified Corresponding To 22 - 27% Flavonoids, 2.6 - 3.2% Bilobalide, 2.8 - 3.4% Ginkgolides, Extraction Solvents: Acetone, Water"
6127,"Refined And Quantified Dry Extract Of Ginkgo Leaf (35-67:1), Corresponding To 26,4–32,4 Mg Of Flavonoids Expressed As Flavone Glycosides, 3,36–4,08 Mg Of Ginkgolides A, B And C, 3,12–3,84 Mg Of Bilobalide, Extraction Solvent: Acetone 60% (M/M)"
6128,Ginkgo Biloba Trit. D4
6129,Ginkgo Biloba
6130,"Refined And Quantified Dry Extract From Ginkgo Leaf (35-45: 1), Corresponding To 15 Mg Of Flavone Glycosides And 3.5 Mg Of Terpenlactone, Extraction Solvent: Acetone 60% (M/M)"
6131,"Dry Extract Of Ginkgo Biloba Dried Leaf (30-40:1), Extracting Agent: Acetone 60-65 %"
6132,"Dry Extract Of Ginkgo Biloba Dried Leaf (30-40:1), Extracting Agent: Acetone 60-65 %, Refined And Quantified Dry Extract Of Ginkgo Biloba Dried Leaf (35-67:1), Corresponding To 13,2–16,2 Mg Of Flavonoids Expressed As Flavone Glycosides, 1,68–2,04 Mg Of Gi"
6133,"Dry Extract Of Ginkgo Biloba Dried Leaf (30-40:1), Extracting Agent: Acetone 60-65 %, Refined And Quantified Dry Extract Of Ginkgo Leaf (35-67:1), Corresponding To 17,6–21,6 Mg Of Flavonoids Expressed As Flavone Glycosides, 2,24–2,72 Mg Of Ginkgolides A,"
6134,"Ginkgo Dry Extract (35-67:1), Refined And Quantified 80 Mg Corresponding To: 17,6-21,6 Mg Of Flavonoids Expressed As Flavone Glycosides, 2,2-2,7 Mg Of Ginkgolides A, B And C, 2,1-2,6 Mg Of Bilobalide, Extraction Solvent: Acetone 65% (V/V)"
6135,Ginkgo Bilobae Folium Tinctura (1:5)
6136,"Heptaminol Hydrochloride, Troxerutin, Standardised Ginkgo Biloba Extract"
6137,G115 Panax Ginseng Extract [dry Extract Ethanolic 40%: 1.3 – 3:1]
6138,Dry Extract From Ginseng Root (3-7:1): Ethanol 40 % (V/V)
6139,"Pulsatilla Pratensis Dil. D 10, Conium Maculatum Dil. D10, Cinchona Pubescens Dil. D10, Galium Aparine Dil. D8, Viscum Album Dil. D8, Hydrastis Canadensis Dil. D10, Sempervivum Tectorum Var. Tectorum Dil. D8, Colchicum Autumnale Dil. D10, Acidum L(+)-Lact"
6140,"Dexpanthenol, Nicotinamide, Pyridoxine Hydrochloride, Dry Extract From Ginseng Root (3-4,5:1), Extraction Solvent Ethanol 30 % (M/M), Dry Extract Of Hawthorn Leaf And Flower (4-7:1), Extraction Solvent : Methanol 70 % (V/V)"
6141,Dry Extract From Ginseng Root (2.1 - 3.9 : 1): Extraction Medium Ethanol 40 % (V/V)
6142,"Panax Ginseng Dil. D12, Panax Ginseng Dil. D30, Panax Ginseng Dil. D200"
6143,Panax Ginseng Root
6144,"Acidum Benzoicum Trit. D 3,, Acidum Silicicum Trit. D3, Ammonium Phosphoricum Trit. D 2, Colchicum Autumnale Trit. D 4, Kalium Iodatum Trit. D4, Lithium Carbonicum Trit. D3"
6145,Givosiran
6146,Dapiprazole Hydrochloride
6147,"Valine, Alanine, Arginine, Histidine, Isoleucine, Leucine, Methionine, Phenylalanine, Proline, Serine, Threonine, Aspartic Acid, Glutamic Acid, Tryptophan, Lysine Acetate, Glycyl-L-Glutamine Monohydrate, N-Glycyl L-Tyrosine 2h2o"
6148,"Carmellose Sodium, Dipotassium Phosphate, Magnesium Chloride Hexahydrate, Potassium Chloride, Sodium Chloride, Sorbitol (E420), Calcium Chloride Dihydrate"
6149,"Carmellose Sodium, Potassium Dihydrogen Phosphate, Magnesium Chloride Hexahydrate, Potassium Chloride, Sodium Chloride, Sorbitol (E420), Calcium Chloride Dihydrate"
6150,"Cuprum Metallicum Dil. D5, Glandula Suprarenalis Dextra Bovis Gl Dil. D7 (Hab, Vs. 41a)"
6151,"Glandula Suprarenalis Sinistra Bovis Gl Dil. D7 (Hab, Vs. 41a), Mercurius Vivus Dil. D14 Aquos."
6152,"Cuprum Metallicum Dil. D5, Glandula Suprarenalis Sinistra Bovis Gl Dil. D7 (Hab, Vs. 41a)"
6153,"Glandula Suprarenalis Suis D200, Glandula Suprarenalis Suis D30, Glandula Suprarenalis Suis D10"
6154,"Thymus Suis D10, Thymus Suis D200, Thymus Suis D30"
6155,Glandula Thyreoidea Bovis Dil. D6
6156,"Glandula Thyreoidea Bovis Gl Dil. D4 (Hab, Vs. 41a)"
6157,"Glandula Thyreoidea Suis D10, Glandula Thyreoidea Suis D200, Glandula Thyreoidea Suis D30"
6158,"Fel Tauri Gl Dil. D5 (Hab, Vs. 41a), Glandulae Suprarenales Bovis Gl Dil. D4 (Hab, Vs. 41a), Lien Bovis Gl Dil. D5 (Hab, Vs. 41a)"
6159,"Fel Tauri Gl Dil. D7 (Hab, Vs. 41a), Glandulae Suprarenales Bovis Gl Dil. D7 (Hab, Vs. 41a), Lien Bovis Gl Dil. D7 (Hab, Vs. 41a)"
6160,"Glandulae Suprarenales Bovis Gl Dil. D4 (Hab, Vs. 41a)"
6161,"Pancreas Suis D12, Hypophysis Suis D12, Ovarium Suis Dil. D12, Sus Scrofa Adrenal Gland D12, Thymus Suis D12, Thyreoidinum Suis Dil. D12"
6162,"Pancreas Suis D12, Hypophysis Suis D12, Sus Scrofa Adrenal Gland D12, Thymus Suis D12, Testis Suis Dil. D12, Thyreoidinum Suis Dil. D12"
6163,"Clematis Recta Dil. D4, Lachesis D10 Dil."
6164,Parietaria Judaica Pollen Extract
6165,Sodium Sulphate Decahydrate
6166,Timolol Maleate Bp
6167,"Glecaprevir, Pibrentasvir"
6168,"Glucosamine Sulfate, Sodium Chloride"
6169,Glibenclamide Bp
6170,"Glycerol, Sodium Chloride"
6171,"Sodium Glycerophosphate, Valerian Extract"
6172,Aminolevulinic Acid Hydrochloride
6173,Fluoroethyltyrosine F-18
6174,Glipizide
6175,Thiamphenicol Glycinate Hydrochloride
6176,"Nitroglycerinum Dil. D3, Nitroglycerinum Dil. D10, Nitroglycerinum Dil. D30, Lycopus Virginicus Dil. D4, Lycopus Virginicus Dil. D10, Lycopus Virginicus Dil. D30, Lycopus Virginicus Dil. D1, Crataegus Mother Tincture"
6177,"Ethanolamine Tenoate, Lysozyme Hydrochloride"
6178,Meglumine Antimonate
6179,"Dipotassium Phosphate, Magnesium Chloride Hexahydrate, Potassium Chloride, Sodium Chloride, Glucose Monohydrate, Lactic Acid, Sodium Lactate"
6180,"Dipotassium Phosphate, Magnesium Chloride Hexahydrate, Potassium Chloride, Sodium Chloride, Glucose Monohydrate, Lactic Acid, Sodium Lactate 60%"
6181,"Calcium Glucoheptonate, Calcium Gluconate"
6182,"Calcium Glucoheptonate, Calcium Gluconate For Injection"
6183,"Sodium Chloride, Glucose, Sodium Acetate Trihydrate"
6184,"Glucose, Anhydrous, Sodium Chloride"
6185,Glucosamine Sulfate Potassium Chloride
6186,"Glucose, Glucose Monohydrate"
6187,"Glucose, Anhydrous, Potassium Chloride, Sodium Chloride"
6188,Dextrose Monohydrate Bp
6189,Glucose Ph. Eur.
6190,Glucose 1-Phosphate Disodium Tetrahydrate
6191,Glucose Monohydrate Ph. Eur.
6192,"Glucose, Anhydrous, Magnesium Chloride Hexahydrate, Potassium Chloride, Sodium Chloride, Sodium Acetate Trihydrate"
6193,"Magnesium Chloride Hexahydrate, Potassium Chloride, Sodium Chloride, Glucose, Sodium Acetate Trihydrate"
6194,"Potassium Chloride, Glucose Monohydrate"
6195,"Calcium, Glucose, Magnesium, Sodium, Chloride Ion, Hydrogen Carbonate, Acetate"
6196,"Calcium, Glucose, Magnesium, Potassium, Sodium, Chloride Ion, Hydrogen Carbonate, Acetate"
6197,Gliquidone
6198,Glutamic Acid
6199,Glutaral
6200,Glutathione Sodium
6201,"Honey, Liquid Sugar, Glycerol Ph Eur"
6202,"Glycerol, Paraffin White Soft, Liquid Paraffin"
6203,Sodium Glycerophosphate
6204,"Glycerol, Sodium Chloride, Glucose Monohydrate"
6205,Glyceryl Trinitrate Solution
6206,Glyceryl Monothioglycolate
6207,Tolbutamide Bp
6208,Sodium Glycerophosphate Hydrate
6209,Sodium Glycerophosphate Pentahydrate
6210,Syzygium Cumini Mother Tincture
6211,"Glycopyrronium, Neostigmine Methylsulfate"
6212,Glycopyrrolate Usp
6213,"Acriflavinium Chloride, Levomenthol, Resorcinol"
6214,"Levomenthol, Sodium Salicylate, Sodium Benzoate, Thymol, Cineole, Borax"
6215,Terlipressin Acetate
6216,Metformin Hydrochloride Bp
6217,"Docusate Sodium, Glycerol (85 Per Cent)"
6218,"Glyoxal D10, Methylglyoxal D10"
6219,Glyoxal Trimer Dihydrate
6220,Tribenoside
6221,"Linagliptin, Empagliflozin"
6222,"Cerebellum Bovis Gl Dil. D15 (Hab, Vs. 41a), Corpora Quadrigemina Bovis Gl Dil. D15 (Hab, Vs. 41a), Epiphysis Bovis Gl Dil. D15 (Hab, Vs. 41a), Labyrinthus Bovis Gl Dil. D15 (Hab, Vs. 41a), Leontopodium Alpinum E Planta Tota Ferm 36 Dil. D13 (Hab, Vs. 36)"
6223,"Aconitum Dil. D3, Gnaphalium Polycephalum (Hab 34) Dil D1, Phytolacca Dil D1, Solanum Dulcamara Dil D2, Rhus Toxicodendron Dil. D3"
6224,"Aconitum Dil. D28, Asa Foetida Dil. D4, Gnaphalium Polycephalum Dil. D2, Rhododendron Dil. D2, Rhus Toxicodendron Dil. D28"
6225,Golimumab
6226,"Glycine, Acetylsalicylic Acid"
6227,Vilobelimab
6228,"Tyrothricin, Benzocaine, Cetrimonium Bromide"
6229,"Arachis Oil Bp, Nutmeg Oil Bp, Terpineol Bp, Eucalyptol Bpc"
6230,Pyrethrum Extract
6231,Hamster Hair
6232,Solidago
6233,Solidaginis Herba
6234,Solidago Gigantea
6235,"Arnica Ø, Aurum Chloratum Dil D4, Convallaria Majalis Dil D1, Ignatia Dil. D4, Crataegus Mother Tincture"
6236,"Digitalis Purpurea Dil. D4, Crataegus Mother Tincture, Aurum Chloratum Dil. D6"
6237,Niaouli Essential Oil
6238,Gonadorelin
6239,Hyperici Extractum Siccum
6240,"Valerian Root Dry Extract (5-6:1), Ethanol 70 %(V/V), Dry Extract From Passion Flower (3-7:1): Extraction Solvent: Ethanol 70 % V/V"
6241,"Anti-T Lymphocyte Immunoglobulin For Human Use, Rabbit"
6242,Clofoctol
6243,Tofisopam
6244,Granisetron Hydrochloride
6245,"Metoclopramide Hydrochloride, Paracetamol"
6246,Lenograstim
6247,"Pumpkin Seed, Pumpkin Seed Oil"
6248,"Pumpkin Seed, Crushed, Dry Extract Of Saw Palmetto Fruit (7-13 : 1), Extraction Solvent: Ethanol 90% (M/M), Pumpkin Seed Oil"
6249,"Dry Extract Of Rhus Aromatica Bark (5-7:1), Extraction Solvent: Water, Pumpkin Seed Oil, Dry Extract Of Hop Strobile (5,5–6,5:1), Extraction Solvent: Water"
6250,"Soft Extract Of Pumpkin Seed (15-25 : 1), Extraction Solvent: Ethanol 92% (M/M)"
6251,"Dry Extract Of Saw Palmetto Fruit (7-13 : 1), Extraction Solvent: Ethanol 90% (M/M), Pumpkin Seed, Pumpkin Seed Oil"
6252,"Pumpkin Seed, Crushed, Pumpkin Seed Oil"
6253,"Graphites Trit. D 3, Mercurius Solubilis Hahnemanni Trit. D 8, Acidum Arsenicosum Trit D5, Causticum Hahnemanni Trit D3, Sulfur Trit. D4"
6254,"Graphites Dil. D10, Calcium Carbonicum Hahnemanni Dil. D 10, Graphites Dil. D200, Graphites Dil. D30, Calcium Carbonicum Hahnemanni Dil. D200, Calcium Carbonicum Hahnemanni Dil. D30"
6255,"Phleum Pratense, Dactylis Glomerata, Anthoxanthum Odoratum, Lolium Perenne, Poa Pratensis, Secale Cereale, Arrhenatherum Elatius, Agrostis Stolonifera Pollen, Festuca Rubra Pollen, Holcus Lanatus Pollen Extract"
6256,"Mixture Of Allergen Extracts From Alopecurus Pratensis, Cynosurus Cristatus, Dactylis Glomerata, Lolium Perenne, Poa Pratensis, Anthoxanthum Odoratum, Festuca Pratensis, Agrostis Tenuis, Phleum Pratense, Bromus Spp., Arrhenatherum Elatius, Holcus Lanatus"
6257,"Ascorbic Acid, Betacarotene, Biotin, Calcium Pantothenate, Colecalciferol, Cyanocobalamin, Folic Acid, Nicotinamide, Phytomenadione, Riboflavin, Calcium Hydrogen Phosphate (Anhydrous), Magnesium Oxide, Heavy, Manganese Sulphate Monohydrate, Thiamine Nitra"
6258,"Ascorbic Acid, Betacarotene, Biotin, Colecalciferol, Cyanocobalamin, Folic Acid, Nicotinamide, Phytomenadione, Pyridoxine, Riboflavin, Thiamine, Zinc Oxide, Calcium, Chromium, Copper, Iodine, Iron, Magnesium, Manganese, Pantothenic Acid, Phosphorus, Selen"
6259,"Ascorbic Acid, Betacarotene, Biotin, Colecalciferol, Cyanocobalamin, Folic Acid, Nicotinamide, Phytomenadione, Riboflavin, Calcium Hydrogen Phosphate (Anhydrous), Magnesium Oxide, Heavy, Manganese Sulphate Monohydrate, Thiamine Nitrate, Selenious Acid, Zi"
6260,"Sodium Ascorbate Sa99, Ascorbic Acid C97"
6261,"Eupatorium Perfoliatum D3, Phosphorus D5, Aconitum Napellus D4, Bryonia D4, Lachesis Mutus D12"
6262,"Grifola Frondosa E Volumine Cellulae (Lyophil., Steril.) D4"
6263,"Grifola Frondosa E Volumine Cellulae (Lyophil., Steril.) D5"
6264,"Ceanothus Americanus D2, Echinacea D2, Cinchona Pubescens D3"
6265,"Aconitum Napellus Trit. D 4, Phosphorus Trit. D5, Lachesis Trit. D12, Bryonia Trit. D4, Eupatorium Perfoliatum D3"
6266,"Bryonia D3, Aconitum Napellus D3, Eupatorium Perfoliatum D2, Lachesis D11, Phosphorus D4"
6267,"Eupatorium Perfoliatum D3, Phosphorus D5, Aconitum Napellus D4, Bryonia D4, Lachesis D 12"
6268,"Lachesis D 12, Ferrum Phosphoricum D12, Eupatorium Perfoliatum D12"
6269,"Bryonia Cretica D4, Causticum D6, Camphora D6, Eucalyptus Globulus D6, Eupatorium Perfoliatum D4, Baptisia Tinctoria D6, Ferrum Phosphoricum D8, Gelsemium Sempervirens D6, Aconitum Napellus D6, Sabadilla D6"
6270,"Camphora D3, Ferrum Phosphoricum Dil. D8, Gelsemium Dil. D6, Bryonia Dil. D4, Causticum Hahnemanni Dil. D6, Aconitum Dil. D4, Eupatorium Perfoliatum Dil. D3"
6271,"Grippeimpfstoff Nosode D10, Grippeimpfstoff Nosode D200, Grippeimpfstoff Nosode D30"
6272,"Sambuci Flos, Tiliae Flos, Willow Bark"
6273,"Gelsemium Sempervirens Dil. D4, Aconitum Napellus Dil. D4, Eupatorium Perfoliatum Dil. D4"
6274,"Liquid Extract From Fresh Purple Coneflower Herb (Der 1:12), Corresponding To 300-600 Mg Of Fresh Purple Coneflower, Extraction Solvent: Ethanol 57.3% M/M, Liquid Extract From Fresh Purple Coneflower Root (Der 1:11), Corresponding To 17-29 Mg Of Fresh Pur"
6275,"Chlorphenamine Maleate, Ascorbic Acid, Paracetamol, Caffeine"
6276,"Eupatorium Perfoliatum Mother Tincture, Gelsemium Trit. D4, Kalium Bichromicum Trit. D4, Eucalyptus Globulus Mother Tincture, Acidum Arsenicosum Trit. D6, Strychnos Nux-Vomica Trit. D3, Phosphorus Trit. D6, Sabadilla Trit. D3, Bryonia Trit. D2, Aconitum T"
6277,"Nux Vomica Mother Tincture, Eupatorium Perfoliatum Mother Tincture, Eucalyptus Globulus Mother Tincture, Kalium Bichromicum Dil. D2, Gelsemium Dil. D1, Acidum Arsenicosum Dil. D3, Phosphorus Dil. D3, Sabadilla Mother Tincture, Bryonia Dil. D1, Aconitum Di"
6278,Griseofulvin Bp
6279,"Dextromethorphan Hydrobromide, Pseudoephedrine Hydrochloride, Guaifenesin, Paracetamol"
6280,"Smilax Ø, Gnaphalium Polycephalum (Hab 34) Urt., Guajacum Dil D 3, Ledum Palustre Dil. D 2, Thuja Occidentalis Dil. D2, Silybum Marianum Mother Tincture"
6281,Guanfacine
6282,Posaconazole
6283,Liquid Extract Of Hawthorn Berries (1:1): Extraction Solvent: 70 % (V/V) Ethanol
6284,Tincture From Hawthorn Berries (1:10): Extraction Solvent: Ethanol 70% (V/V)
6285,Tolvaptan
6286,"Chlorquinaldol, Metronidazole"
6287,Butoconazole Nitrate
6288,Hexoprenaline Sulfate
6289,Tioconazole
6290,"Auszug Aus Keuschlammfrüchten (7,9-8,8:1) Auszugsmittel Ethanol 60% (V/V)"
6291,"Estriol, Lactobacillus Acidophilus, Lyophilized"
6292,"Melissa Leaf, Menthae Piperitae Folium, Humulus Lupulus L. Flos, Valerianae Radix Pulverata"
6293,"Orthosiphon Folium, Solidago Gigantea, Phaseoli Pericarpium, Arctostaphylos Uva-Ursi Leaf"
6294,"Anisi Fructus, Caraway Fruit, Foeniculum Vulgare"
6295,"Caraway Fruit, Matricariae Flos, Fennel Fruit Bitter, Pimpinella Anisum"
6296,Calendulae Flos
6297,"Lavandulae Flos, Melissa Leaf, Menthae Piperitae Folium, Valerianae Radix Pulverata"
6298,"Betulae Folium, Willow Bark, Urticae Folium"
6299,"Matricariae Flos, Menthae Piperitae Folium, Liquorice Root"
6300,"Caraway Fruit, Matricariae Flos, Fennel, Pimpinella Anisum, Millefolii Herba"
6301,"Gentian Root, Taraxacum Officinale, Centaurium Erythraea"
6302,Cimetidine Hydrochloride
6303,"Calcium, Sulfate, Hydrogen Carbonate"
6304,"Hepar Sulfuris Dil. D8, Graphites Dil. D8, Thuja Occidentalis Dil. D10, Acidum Formicicum Dil. D8, Baptisia Tinctoria Dil. D5, Vincetoxicum Hirundinaria Dil. D8, Glechoma Hederacea Spag. Peka Dil. D4, Acidum Nitricum Dil. D6"
6305,"Levomenthol, Chlorocarvacrol, Ichthammol"
6306,"Collinsonia Canadensis D4, Paeonia Officinalis D3, Acidum Nitricum D6, Hamamelis Virginiana D3, Lycopodium Clavatum D5, Strychnos Nux-Vomica D4, Aesculus Hippocastanum D2, Sulfur D5"
6307,Human Von Willebrand Factor
6308,"Krameria Triandra Dil. D 4, Aloe D4, Sepia Officinalis D8, Aesculus Hippocastanum D2"
6309,"Crocus D3, Acalypha Indica D2, Trillium Pendulum D4, Phosphorus Dil. D6, Lachesis D10 Dil., Hydrastis Canadensis Dil. D4, Crotalus Durissus Terrificus E Veneno Siccato D10"
6310,"Lidocaine Ph. Eur., Zinc Oxide Pheur"
6311,"Lidocaine, Peru Balsam, Zinc Oxide, Bismuth Subgallate, Ephedrine Hydrochloride"
6312,"Strychnos Nux-Vomica Dil. D4, Lycopodium Dil. D5, Acidum Nitricum Dil. D6, Aesculus Dil. D2, Collinsonia Canadensis Dil. D4, Hamamelis Dil. D3, Paeonia Officinalis Dil. D3, Sulfur Dil. D5"
6313,Quinisocaine Hydrochloride
6314,Hamamelis Bark Dry Extract (5.0-7.7:1)
6315,"Dry Extract Of Hamamelis Bark (5 -7.7: 1), Extraction Solvent: Ethanol 30% (M/M)"
6316,Cultivated Oat Pollen
6317,Oat
6318,Halcinonide
6319,"Halcinonide, Salicylic Acid"
6320,"Neomycin Sulfate, Halcinonide"
6321,Triazolam
6322,Verapamil Hydrochloride Ph. Eur.
6323,Ranolazine
6324,Bencyclane Fumarate
6325,Cardiospermum Halicacabum Tincture
6326,Haloperidol Ph. Eur.
6327,"Dry Extract Of Marshmallow Root (Der 7-9:1), Extraction Solvent Water"
6328,"Apis Mellifica D10, Hydrargyrum Biiodatum D12, Lachesis D 12, Atropa Bella-Donna D8"
6329,Cetylpyridinium Chloride Ph. Eur.
6330,"Stibium Metallicum Praeparatum Trit. D1, Hamamelis, Summitates Destillata Ø"
6331,"Hamamelis Virginiana Dil. D 2, Silybum Marianum Dil. D200, Silybum Marianum Dil. D30, Silybum Marianum Dil. D6, Hamamelis Virginiana Dil. D200, Hamamelis Virginiana Dil. D30"
6332,Hamamelis Leaf And Twigs Distillate
6333,"Hamamelis, Folium Sicc., Ethanol. Extr. 1:1, Stibium Metallicum Praeparatum, Aesculus Hippocastanum, Cortex Sicc., Ethanol. Extr. 1:1"
6334,"Aesculus Hippocastanum Dil. D 2, Collinsonia Canadensis Dil D 3, Hamamelis Virginiana Dil. D3"
6335,Mercaptopurine Monohydrate
6336,"Convallaria Majalis Urtinktur, Aurum Chloratum Dil D1, Kalmia Latifolia Mother Tincture, Strophanthus Gratus Mother Tincture, Veratrum Album Mother Tincture, Spigelia Anthelmia Mother Tincture, Crataegus Mother Tincture, Cactus Mother Tincture"
6337,"Sepia Officinalis Dil. D 8, Aletris Farinosa Mother Tincture, Chamaelirium Luteum Dil. D2, Thuja Occidentalis Dil D1, Cimicifuga Racemosa Dil. D5, Lilium Lancifolium Mother Tincture, Gelsemium Dil. D1"
6338,"Carduus Marianus Trit D1, Chelidonium Majus Trit D1, Taraxacum Officinale Trit D1, Citrullus Colocynthis D3"
6339,"Juniperus Communis Ø, Equisetum Arvense (Hab 34) Urt., Uva Ursi Mother Tincture"
6340,"Echinacea Trit. D1, Aconitum Trit. D3, Gelsemium Trit. D3, Apis Mellifica Trit D3, Thuja Occidentalis Trit D1, Cinchona Pubescens Trit. D2, Lachesis Mutus Trit. D8"
6341,"Lachesis Mutus Dil. D8, Echinacea Mother Tincture, Aconitum Napellus Dil. D3, Gelsemium Sempervirens Dil. D 3, China Mother Tincture, Thuja Occidentalis Mother Tincture, Apis Mellifica Dil. D3"
6342,"Cetraria Islandica Mother Tincture, Ipecacuanha Mother Tincture, Lobelia Inflata Mother Tincture, Drosera Mother Tincture, Atropa Bella-Donna Dil. D2"
6343,Levomenthol
6344,"Betulae Folium, Restharrow Root, Orthosiphon Folium, Solidago Gigantea"
6345,"Betulae Folium, Equisetum Stem, Solidaginis Herba, Restharrow Root"
6346,"Berberis Vulgaris Dil. D6, Colchicum Autumnale Dil. D6"
6347,"Lithium Carbonicum Dil. D3, Atropa Bella-Donna, Berberis Vulgaris, Urtica Urens"
6348,Urea-Formaldehyde Resin
6349,"Dry Extract From Birch Leaf (4.3-7.7:1), Extraction Solvent: Water, Dry Extract From Orthosiphon Leaf (4.5-7.1: 1), Extraction Solvent: Water, European Goldenrod Dry Extract (5-7:1)"
6350,"Orthosiphon Leaves Dry Extract (5-7: 1) Extraction Solvent: Water, Dry Extract Of Birch Leaf (4-7:1), Extraction Solvent: Water, Dry Extract Of Goldenrod (5-7:1), Extraction Solvent: Water"
6351,"Betulae Folium, Restharrow Root, Solidago Virgaurea, Orthosiphon Folium"
6352,"Harpagophytum Procumbens Root, Cryoground"
6353,"Harpagophytum Procumbens Radix Dry Extract (1,5-2,5:1) , Water"
6354,Harpagophytum Procumbens Root Extract
6355,Harpagophytum Procumbens Dil. D3
6356,Harpagophytum Procumbens Mother Tincture
6357,Harpagophytum Procumbens Root
6358,"Potassium Chloride, Sodium Chloride, Calcium Chloride Dihydrate, Sodium Lactate (As 50% Solution)"
6359,"Potassium Chloride, Sodium Chloride, Calcium Chloride Dihydrate, Sodium Lactate 60%"
6360,"Ledipasvir, Sofosbuvir"
6361,"Salicylic Acid, Urea"
6362,Corylus Americana Pollen
6363,Hazelnut Extract
6364,"Thuja Occidentalis Dil. D4, Stibium Sulfuratum Nigrum D6, Thallium Aceticum Oxydulatum D12, Graphites D10"
6365,"Graphites Dil. D10, Thuja Occidentalis Dil. D4, Stibium Sulfuratum Nigrum D6, Thallium Aceticum Oxydulatum D12"
6366,"Fumaria Officinalis Dil. D6, Hepar Sulfuris Dil. D12, Juglans Dil. D6, Sarsaparilla Dil. D6"
6367,"Centella Asiatica Dil. D4, Sulfur Dil. D7, Arsenicum Album D9, Sepia D9, Silicea D9, Rhus Toxicodendron Dil. D6, Graphites Dil. D9"
6368,"Sodium Silicate, Arnica Montana, Planta Tota Rec., Ethanol. Extr. 1:2,1, Citrus Limon, Succus, Iris, Rhizoma, Ethanol. Decoctum 20 %, Lappa Major, Radix, Ethanol. Decoctum 20 %, Prunus Spinosa, Summit. Rec., Ethanol. Extr. 1:2,3, Prunus Spinosa, Presssaft"
6369,Loprazolam Mesilate
6370,"Algeldrate, Hepatitis A Virus Antigen (Inactivated)"
6371,"Hepatitis A Virus (Inactivated ) Adsorbed On Aluminium Hydroxide Hydrated Produced On Human Diploid (Mrc-5) Cells, Algeldrate"
6372,"Hepatitis A Virus (Inactivated ) Adsorbed On Aluminium Hydroxide Hydrated Produced On Human Diploid (Mrc-5) Cells, Aluminium Hydroxide"
6373,"Hepatitis A Virus (Inactivated), Algeldrate"
6374,"Hepatitis A Virus (Inactivated), Aluminium Hydroxide"
6375,"Hepatitis A Virus Hm175 Strain (Inactivated), Algeldrate"
6376,Hepatitis A Virus (Inactivated)
6377,Hawthorn Tincture
6378,"Gelsemium Sempervirens Dil. D 6, Allium Cepa D6, Euphrasia Officinalis D 6"
6379,"Chlorphenamine Maleate, Ephedrine Hydrochloride"
6380,"Aluminium, Hepatitis B Surface Antigen (Rdna)"
6381,"Sodium Hydrogen Carbonate, Sodium Chloride"
6382,Sodium Oxidronate
6383,"Paracetamol, Potassium Hydrogen Carbonate, Sodium Hydrogen Carbonate, Sodium Carbonate Anhydrous, Citric Acid"
6384,"Pelargonium Sidoides Root Liquid Extraction Preparation (1 : 8-10), Extraction Solvent: Ethanol 11 % (W/W)"
6385,Hypericum
6386,"Phenazone, Hamamelis Extractum Fluidum, Tannic Acid"
6387,"Phosphorus Dil. D10, Chionanthus Virginicus Dil. D2, Iberis Amara Dil. D6, Mandragora E Radice Siccata Spag. Peka Dil. D12, Cynara Scolymus Dil. D8, Peumus Boldus Spag. Peka Dil. D6, Taraxacum Officinale Spag. Peka Dil. D8, Lycopodium Clavatum Dil. D4"
6388,"Extract Of Hedera Helix Folium (2.2 – 2.9 : 1), Extracting Agent: Ethanol 50% (V / V), Propylene Glycol (98 : 2)"
6389,"Soft Extract From Ivy Leaf (2.2-2.9:1), Extraction Solvents: Ethanol 96% (V/V), Propylene Glycol, Water (45:2:53) (M/M/M)"
6390,Soft Extract Of Ivy Leaf (2.2-2.9:1)
6391,"Dry Extract Of Hedera Helix (5-7.5 : 1), Extracting Solvent: Ethanol 30 % (V/V)"
6392,Hedera Helix (Ivy) Extract
6393,"Hedera Helix (Ivy) Extract, Codeine Hydrobromide Dihydrate"
6394,"Liquid Extract Of Hedera Helix Leaf, Codeine Hydrobromide Dihydrate"
6395,Paracetamol Ph. Eur.
6396,"Caffeine Ph. Eur., Paracetamol Ph. Eur."
6397,Hamamelis Virginiana Mother Tincture
6398,Milk Thistle Dry Extract (25-40:1)
6399,Vaccinium Myrtillus
6400,"Bilberry Fruit, Dried"
6401,"Peru Balsam, Calendula Officinalis 2a Ø, Mercurialis Perennis 2b Ø, Stibium Metallicum Praeparatum, Larix Decidua Resin"
6402,"Calcium Ion, Fluoride, Sodium Ion, Chloride Ion, Hydrogen Carbonate"
6403,"Apis Mellifica D6, Allium Cepa D4, Verbascum Thapsiforme D4"
6404,"Hekla Lava E Lava D12, Hekla Lava E Lava D200, Hekla Lava E Lava D30"
6405,Urea 14c
6406,Helicidine
6407,"Nitrogen, Oxygen, Helium, Carbon Monoxide"
6408,Hedera Helix L. Folium
6409,"Liquid Extract From Viscum Album Subsp. Austriacum Var Pinus Sylvestris (1:20), Extraction Solvents: Water For Injection, Sodium Chloride (99.91:0.09)"
6410,"Liquid Extract From Fresh Fir Mistletoe Herb (1:20), Extraction Solvent: Sodium Chloride Solution 0.09%"
6411,"Liquid Extract From Viscum Album Subsp. Album Var Malus Domestica (1:20), Extraction Solvents: Water For Injection, Sodium Chloride (99.91:0.09)"
6412,Viscum Album
6413,Helleborus Foetidus D12 Aquos.
6414,Helleborus Foetidus D20 Aquos.
6415,Helleborus Foetidus D3 Aquos.
6416,Helleborus Foetidus D30 Aquos.
6417,Helleborus Foetidus D4 Aquos.
6418,Helleborus Foetidus D5 Aquos.
6419,Helleborus Foetidus D6 Aquos.
6420,Helleborus Niger D12
6421,Helleborus Niger D20 Aquos.
6422,Helleborus Niger D3 Aquos.
6423,Helleborus Niger D30
6424,Helleborus Niger D4 Aquos.
6425,Helleborus Niger D5 Aquos.
6426,Helleborus Niger D6 Aquos.
6427,Pyrantel
6428,"Simeticone, Pancreatin"
6429,Etranacogene Dezaparvovec
6430,"Ergotamine Tartrate, Paracetamol, Caffeine"
6431,"Ergotamine, Paracetamol, Caffeine"
6432,"Hydrocortisone Acetate, Zinc Sulphate Monohydrate"
6433,Emicizumab
6434,"Benzocaine, Ephedrine Hydrochloride"
6435,"Benzoic Acid Ph.Eur., Bismuth Oxide, Lidocaine Hydrochloride Pheur, Zinc Oxide Pheur, Cinnamic Acid Bp"
6436,Pentosan Polysulfate
6437,"Tetracaine Hydrochloride, Zinc Oxide"
6438,Human Coagulation Factor Xi
6439,"Rhamnus Frangula L. Cortex, Glycyrrhiza Glabra L. Radix, Achillea Millefolium L. Herba, Cassia Senna L. Folium, Coriandrum Sativum L. Fructus"
6440,"Procaine Hydrochloride, Camphor, Racemic, Menthol, Ephedrine Hydrochloride, Yarrow Liquid Extract"
6441,"Procaine Hydrochloride, Levomenthol, Camphor, Racemic, Ephedrine Hydrochloride, Aetheroleum Millefoli"
6442,"Soft Extract Of Erigeroni Canadensis Herb (Der 30-40:1), Extraction Solvent: Ethanol 96% V/V"
6443,"Benzocaine, Matricariae Extractum Spissum, Belladonnae Radicis Extractum Spissum, Extractum Compositum Spissum Ex: Cytisi Scoparii Herba, Hippocastani Cortice, Tormentillae Rhizomate, Millefolii Herba"
6444,"Cinchocaine Hydrochloride, Hexachlorophene, Prednisolone, Undecylenic Acid"
6445,"Hydrocortisone Acetate, Tetracycline Hydrochloride, Benzocaine"
6446,"Magnesium Chloride Hexahydrate, Calcium, Lactic Acid, Sodium, Chloride Ion, Hydrogen Carbonate"
6447,Suleparoid Sodium
6448,Ornithine Aspartate
6449,"Chelidonium Majus D6, Cinchona Pubescens D3, Lycopodium Clavatum D4, Silybum Marianum D2, Strychnos Nux-Vomica D4"
6450,"Dry Extract Of Milk Thistle Fruit (25-40:1), Corresponding To 83 Mg Of Silymarin, Expressed As Silibinin, Extraction Solvent: Acetone"
6451,"Trockenextrakt Aus Frischen Artischockenblättern 15-30:1, Auszugsmittel Wasser"
6452,Timonacic
6453,"Strychnos Nux-Vomica Dil. D4, Silybum Marianum Dil. D2, Cinchona Pubescens Dil. D3, Chelidonium Dil. D6, Lycopodium Dil. D4"
6454,"Chelidonium Majus D8, Cinchona Officinalis D6, Lycopodium Clavatum D4, Silybum Marianum D4, Strychnos Nux-Vomica D6"
6455,"Taraxacum Officinale Dil. D4, Picrasma Excelsa, Quassia Amara Dil. D6, Myrica Cerifera (Hab 34) Dil. D5 (Hab, Vorschrift 3a), Chelidonium Dil. D8, Lycopodium Dil. D4"
6456,"Cynara Cardunculus Leaf Extract, Peumus Boldus Molina, Taraxacum Officinale, Silybum Marianum Extract"
6457,"Heparin Sodium, Dexpanthenol"
6458,"Silybum Marianum Dil. D1, Chelidonium Majus D4, Veronicastrum Virginicum D4, Stannum Metallicum D10, Berberis Vulgaris Dil D3"
6459,"Valine, Alanine, Arginine, Histidine, Isoleucine, Leucine, Lysine, Methionine, Phenylalanine, Proline, Serine, Threonine, Glycine, Tryptophan"
6460,"Calcium Carbonicum Hahnemanni Dil. D8, Cinchona Pubescens Dil. D 4, Silybum Marianum Dil. D 3, Veratrum Album Dil. D 4, Cynara Scolymus (Hab 34) D6, Taraxacum Officinale Dil. D4, Chelidonium Majus Dil. D5, Sulfur Dil. D13, Avena Sativa Dil. D6, Acidum Alp"
6461,"Calcium Carbonicum D28, Cinchona Succirubra D4, Chelidonium Majus D5, Veratrum Album D4, Acidum Alpha-Ketoglutaricum D10, Acidum Fumaricum D10, Acidum Malicum D10, Acidum Oroticum Monohydricum D6, Avena Sativa D6, Cyanocobalaminum D4, Cynara Scolymus D6,"
6462,"Veratrum Album D4, Acidum Alpha-Ketoglutaricum D10, Acidum Fumaricum D10, Acidum Malicum D10, Acidum Oroticum Monohydricum D6, Avena Sativa D6, Calcium Carbonicum Hahnemanni D28, Chelidonium Majus D4, Cinchona Pubescens D4, Cyanocobalaminum D4, Cynara Sco"
6463,"Hepar Bovis Gl Dil. D4 (Hab, Vs. 41a)"
6464,"Natrium Sulfuricum Trit. D 3, Chelidonium Majus, Silybum Marianum, Taraxacum Officinale, Leptandra Virginica"
6465,"Chelidonium Majus, Silybum Marianum, Taraxacum Officinale"
6466,"Chelidonium Majus Dil. D 6, Silybum Marianum Dil. D 3, Veronica Virginica Dil. D 3, Cinchona Pubescens Dil. D6, Berberis Vulgaris Dil. D4"
6467,"Chelidonium Majus Dil. D 6, Cinchona Pubescens Dil. D 4, Silybum Marianum Dil. D 3, Veronica Virginica Dil. D 3, Berberis Vulgaris Dil. D4"
6468,"Chelidonium Majus, Quassia Amara, Silybum Marianum, Taraxacum Officinale"
6469,"Cinchona Pubescens Dil. D 4, Silybum Marianum Dil. D 3, Veratrum Album Dil. D 4, Taraxacum Officinale Dil. D4, Chelidonium Majus Dil. D4, Sulfur Dil. D13, Avena Sativa Dil. D6, Acidum Alpha-Ketoglutaricum D10, Acidum Fumaricum D10, Acidum Malicum D10, Aci"
6470,"Hepar Suis D10, Hepar Suis D200, Hepar Suis D30"
6471,"Hepar Sulfuris Dil. D5, Tunica Mucosa Sinuum Paranasalium Bovis Gl Dil. D5 (Hab, Vs. 41a)"
6472,"Echinacea Trit. D1, Hepar Sulfuris Trit D5, Calcium Hypophosphorosum Trit D2, Apis Mellifica Trit D5, Acidum Silicicum Trit D5"
6473,"Hepar Sulfuris Dil. D30, Hepar Sulfuris Dil. D200, Hepar Sulfuris Dil. D12"
6474,"Hepar Bovis Gl Dil. D5 (Hab, Vs. 41a), Stannum Metallicum Dil. D9"
6475,"Hepar Bovis Gl Dil. D16 (Hab, Vs. 41a), Stannum Metallicum Dil. D19 Aquos."
6476,"Strychnos Nux-Vomica Dil. D4, Veronica Virginica Dil. D 3, Berberis Vulgaris Urt., Lycopodium Clavatum Dil D 3, Taraxacum Officinale Urt., Yucca Filamentosa Dil. D 3, Silybum Marianum Dil. D2, Solidago Virgaurea Urtinktur"
6477,"Arginine Hydrochloride, Disodium Phosphate, Anhydrous, Sorbitol (E420), Sodium Sulfate Anhydrous"
6478,"Sorbitol (E420), Citric Acid"
6479,"Chelidonium Majus Trit. D6, Natrium Sulfuricum Trit. D 3, Silybum Marianum Trit. D2, Veronicastrum Virginicum Trit. D3, Taraxacum Officinale Trit. D3"
6480,Heparin
6481,"Heparin Sodium, Disodium Phosphate Dodecahydrate, Sodium Chloride, Citric Acid Monohydrate"
6482,"Citric Acid Monohydrate Ph. Eur, Disodium Phosphate Dodecahydrate Ph.Eur., Heparin Sodium Bp, Sodium Chloride Ph. Eur."
6483,Heparin Sodium Ph. Eur.
6484,Hepar Bovis - Magnesium Hydroxydatum (6:4) Dil. D4
6485,Heparinoid
6486,"Dry Extract From Milk Thistle Fruit: 135-152 Mg Corresponding To 83 Mg Silymarin, Calculated As Sylibinin: Extraction Solvent: Acetone 95% (V/V)"
6487,Hepar Bovis - Stannum Hydroxydatum (8:2) Dil. D4
6488,"Heparin Sodium, Dexpanthenol, Allantoin"
6489,"Fragaria Vesca, Folium Sicc., Vitis Vinifera, Folium Sicc."
6490,"Milk Thistle Dry Extract, Refined And Standardised 123,0 - 208,3 Mg Corresponding To 83,3 Mg Of Silymarin, Calculated As Silibinin, Extraction Solvent: Ethyl Acetate"
6491,"Taraxici Herba Cum Radice, Menthae Piperitae Folium, Achillea Millefolium, Hypericum Perforatum L. Herba, Artichoke"
6492,Bulevirtide
6493,"Colocynthis D 6, Cinchona Succirubra D3, Phosphorus D6, Chelidonium Majus D6, Lycopodium Clavatum D3, Myristica Fragrans D4, Silybum Marianum D2, Veratrum Album D6"
6494,"Phosphorus D6, Chelidonium Majus D4, Cinchona Pubescens D3, Citrullus Colocynthis D6, Lycopodium Clavatum D3, Myristica Fragrans D4, Silybum Marianum D2, Veratrum Album D6"
6495,"Chelidonium Majus Trit. D6, Lycopodium Clavatum Trit. D 3, Silybum Marianum Trit. D2, Veratrum Album Trit. D6, Cinchona Pubescens D3, Citrullus Colocynthis D6, Myristica Fragrans D4, Phosphorus Trit. D6"
6496,"Phosphorus Dil. D5, Chelidonium Majus Dil. D 6, Myristica Fragrans Dil. D3, Silybum Marianum Dil. D1, Veratrum Album Dil. D5, Cinchona Pubescens Dil. D2, Citrullus Colocynthis D5, Lycopodium Clavatum D2"
6497,"Hepatitis B Surface Antigen, Cpg 1018"
6498,"Althaea Officinalis, Iceland Moss, Marrubium Vulgare, Pimpinella Anisum, Thymus Vulgaris L. Herba, Sambucus Nigra Flower"
6499,"Benzocaine, Ethanol (96 Per Cent), Matricariae Flos, Sage Leaf (Salvia Officinalis), Agrimoniae Herba, Salicylic Acid, Rhizoma Tormentillae, Water, Purified"
6500,"Benzocaine, Matricariae Flos, Sage Leaf (Salvia Officinalis), Boric Acid, Agrimoniae Herba, Salicylic Acid, Rhizoma Tormentillae, Essential Oil Of Peppermint, Citric Acid Monohydrate, Caryophylli Floris Aetheroleum, Foeniculi Amari Fructus Aetheroleum"
6501,"Ginseng Root Fluid Extract (1:1), Extracting Agent: Ethanol 34 % (V/V)"
6502,"Compound Rhubarb Tincture Bp, Glycerin Bp, Capsicum Tincture Bpc"
6503,"Taraxacum Officinale Root, Uva Ursi Dry Extract, Buchu Dry Extract"
6504,"Dry Extract Of Valerian Root (4.5-6:1), Extraction Solvent: Ethanol 60% V/V"
6505,"Citrullus Colocynthis Trit. D 4, Strychnos Nux-Vomica Trit D4, Veronicastrum Virginicum D2"
6506,"Sulfogaiacol, Liquid Extract From Thyme (1:2), Extraction Solvents: Ethanol 30% (V/V), Ammonia Solution 25%, Glycerol 95%, Tincture Of Primula Root (1:5), Extraction Solvent: Ethanol 70% (V/V)"
6507,"Codeine Phosphate, Foeniculi Tinctura, Pini Extractum Fluidum (Der 1:1,6)"
6508,Lichen Islandicus Extractum
6509,"Dry Extract Of Iceland Moss, Corresponds To 90 Mg To 120 Mg Of Iceland Moss, Extraction Solvent: Water"
6510,"Dry Extract From Iceland Moss (Der 30-40 : 1), Extraction Solvent: Water, Dry Extract Of Iceland Moss, Corresponds To 90 Mg To 120 Mg Of Iceland Moss, Extraction Solvent: Water"
6511,"Liquid Extract From Centaurea Benedicta Herb (Der 1:1.7-2.2), Extraction Solvent: Ethanol 40% (V/V), Liquid Extract From Matricaria Recutita Flower (Der 1:1.7-2.2), Extraction Solvent: Ethanol 45% (V/V), Liquid Extract From Glycyrrhiza Glabra Root (Der 1:"
6512,Herring
6513,"Acidum Arsenicosum Dil. D6, Lytta Vesicatoria Dil. D 6"
6514,"Herpes Simplex Nosode D12, Herpes Simplex Nosode D200, Herpes Simplex Nosode D30"
6515,"Herpes Zoster Nosode D12, Herpes Zoster Nosode D200, Herpes Zoster Nosode D30"
6516,"Daphne Mezereum Dil. D 4, Rhus Toxicodendron Dil. D4, Croton Tiglium Dil. D6, Natrium Chloratum Dil. D6"
6517,"Benzocaine, Zinc Oxide"
6518,"Heparin Sodium, Zinc Sulphate Monohydrate"
6519,"Euspongia Officinalis D3, Apocynum Cannabinum D7, Convallaria Majalis D3, Digitalis Purpurea D5"
6520,"Strophanthus Gratus Dil. D4, Cytisus Scoparius D3, Selenicereus Grandiflorus D2, Spigelia Anthelmia D5, Urginea Maritima Dil. D4, Crataegus Dil. D2"
6521,"Hawthorn Berries, Crataegi Folium Cum Flore"
6522,Tasimelteon
6523,Serplulimab
6524,"Dry Extract Primrose Root ( 5-7:1): Ethanol 60% M/M, Thymus Essential Oil, Dry Extract From Liquorice Root (3-4:1), Extraction Solvent: Water, Trockenextrakt Aus Eibischwurzel (Althaeae Radix, Dev 7-9:1, Auszugsmittel Wasser)"
6525,"Galphimia Glauca Trit. D3, Cardiospermum Trit. D3, Luffa Operculata Trit. D4"
6526,Luffa Operculata Trit. D4
6527,"Cardiospermum Dil. D3, Galphimia Glauca Dil. D3, Luffa Operculata Dil. D4"
6528,Mometasone Furoate Ph. Eur.
6529,"Acidum Arsenicosum Dil. D6, Aralia Racemosa Dil. D 3, Schoenocaulon Officinale Dil. D4, Sinapis Nigra Dil. D3 Ø With Ethanol 86 % (M/M)"
6530,Ethiodized Oil
6531,Ethyl Esters Of Iodised Fatty Acids From Poppyseed Oil
6532,"Lophophytum Leandri Dil. D3, Fucus Vesiculosus Dil. D6, Euspongia Officinalis Dil. D8"
6533,"Zincum Valerianicum D4, Passiflora Incarnata D1, Coffea D 6, Avena Sativa Dil. D1, Humulus Lupulus Dil. D2"
6534,"Echinacea Mother Tincture, Baptisia Tinctoria Dil. D2, Thuja Occidentalis Dil. D2, Kalium Chloratum Dil. D4, Acidum Silicicum Dil. D8, Bryonia Dil. D3, Lachesis Dil. D8"
6535,"Digitalis Purpurea D4, Kalium Carbonicum D3, Selenicereus Grandiflorus D2, Urginea Maritima D2, Nerium Oleander D4, Apocynum Cannabinum D4"
6536,"Luffa Operculata Trit. D3, Allium Cepa Trit. D2, Kalium Iodatum Trit. D12, Kalium Bichromicum Trit. D4"
6537,"Ioxaglate Meglumine, Ioxaglate Sodium"
6538,Hexachlorophene
6539,"Haemophilus Influenzae Type B Polysaccharide (Polyribosylribitol Phosphate), Diphtheria Toxoid, Tetanus Toxoid, Pertussis Toxoid, Hepatitis B Surface Antigen (Rdna), Pertussis Filamentous Haemagglutinin, Poliovirus (Inactivated) Type 3 (Saukett Strain), P"
6540,"Biclotymol, Enoxolone, Lysozyme Hydrochloride"
6541,"Thiamine Hydrochloride, Quinine Benzoate"
6542,Biclotymol
6543,Altretamine
6544,Inositol Nicotinate
6545,Hexaminolevulinate
6546,Hexaminolevulinate Hydrochloride
6547,Hydrocortisone Hydrogen Succinate
6548,"Mannitol, Potassium Chloride, Sodium Chloride"
6549,"Mannitol, Potassium Chloride, Glucose Monohydrate"
6550,"Retinol Palmitate, Riboflavin Sodium Phosphate, Ascorbic Acid, Biotin, Colecalciferol, Nicotinamide, Pyridoxine Hydrochloride, Alphatocopherol Acetate"
6551,Hydroquinidine Hydrochloride
6552,Hydroquinone
6553,Hydroxyzine
6554,Hydroxocobalamin Chloride
6555,Passiflora Incarnata Dry Extract
6556,"D-Camphor, Ether, Tincture Of Valerian Root (1:5), Extraction Liquid: Ethanol 70 V/V, Peppermint Oil, Rosemary Oil"
6557,"Ampicillin Benzathine, Ampicillin Sodium"
6558,Nitrendipine
6559,Hypericum Perforatum (Dry Hydroalcoholic Extract)
6560,Hippocastani Semen
6561,Sodium Iodohippurate (131i)
6562,Indacaterol
6563,"Carbon Dioxide, Hydrogen Carbonate"
6564,Capsella Bursa-Pastoris
6565,"Aesculus Hippocastanum E Semine Ferm 34c Dil. D2 (Hab, Vs. 34c), Hamamelis Virginiana E Cortice Ferm 33e Dil. D2 (Hab, Vs. 33e), Hirudo Medicinalis Ex Animale Toto Gl Dil. D5 (Hab, Vs. 41c), Mercurius Vivus Dil. D14 Aquos., Pulsatilla Vulgaris E Floribus"
6566,"Aesculus Hippocastanum E Semine Ferm 34c Dil. D3 (Hab, Vs. 34c), Hamamelis Virginiana E Cortice Ferm 33e Dil. D3 (Hab, Vs. 33e), Hirudo Medicinalis Ex Animale Toto Gl Dil. D7 (Hab, Vs. 41c), Mercurius Vivus Dil. D14 Aquos., Pulsatilla Vulgaris E Floribus"
6567,Chondroitin Polysulfate
6568,Mucopolysaccharide Polysulfuric Acid Ester
6569,Mucopolysaccharides
6570,"Diphenhydramine Hydrochloride, Levomenthol, Ammonium Chloride"
6571,"Histaminum D12, Histaminum D200, Histaminum D30"
6572,Codeine Phosphate Sesquihydrate
6573,Noscapine Hydrochloride
6574,"Ethanol (96 Per Cent), Ether"
6575,"Apis Mellifica Dil. D4, Gelsemium Sempervirens Dil. D4, Kalium Iodatum Dil. D 3, Atropa Bella-Donna Dil. D6, Aconitum Napellus Dil. D4, Cinchona Pubescens Dil. D3, Phytolacca Dil. D3"
6576,"Myristica Fragrans Dil. D3, Rhus Toxicodendron D4, Acidum Arsenicosum D4, Kalium Iodatum Dil. D4, Aesculus Hippocastanum Ø, Panax Ginseng D2, Citrullus Colocynthis Dil. D4"
6577,"Lycopodium Clavatum Dil D 6, Platinum Metallicum Dil. D 10, Crataegus Dil. D4, Strychnos Ignatii Dil. D4, Stannum Metallicum D10, Turnera Diffusa D3, Chamomilla Recutita Dil. D2, Amanita Muscaria Dil. D6"
6578,"Acidum Arsenicosum Dil. D6, Chininum Arsenicosum Dil. D 6, Pulsatilla Pratensis Dil. D6, Arsenum Iodatum Dil. D8, Lycopus Virginicus D3, Calcium Carbonicum Hahnemanni Dil. D12, Lachesis Dil. D12"
6579,"Tyrothricin, Benzocaine"
6580,"Hypericum Perforatum Dry Extract (3,5 - 6,0:1), Extract Ethanol 60% (M/M), Dry Extract From Black Cohosh (4,5-8,5:1), Extraction Solvent: Ethanol 60% V/V"
6581,Ex Vivo Expanded Autologous Human Corneal Epithelial Cells Containing Stem Cells
6582,Ifosfamide
6583,"Levomenthol, Coal Tar Solution, Ethereal Oil, Borax"
6584,Elder Pollen
6585,Sambucus Nigra Flower
6586,"Natrium Tetraboracicum C5, Kalium Bichromicum C5, Acidum Sulfuricum C5"
6587,"Chelidonium Majus D5, Raphanus Sativus Niger D7, Rhamnus Frangula D7"
6588,"Passiflora Incarnata D3, Hyoscyamus Niger C5, Myristica Fragrans C4, Datura Stramonium C5"
6589,"Bryonia Dioica, Atropa Bella-Donna, Bromine, Arisaema Triphyllum C3, Arnica Montana C3, Pulsatilla Vulgaris C3, Mercurius Solubilis, Spongia Tosta, Phytolacca Americana"
6590,"Mercurius Solubilis Hahnemanni C3, Pulsatilla Pratensis C3, Bryonia C3, Bromum C3, Phytolacca Americana C3, Arisaema Triphyllum C3, Arnica Montana C3, Atropa Bella-Donna C3, Euspongia Officinalis C3"
6591,Influenzinum C9
6592,"Valeriana Officinalis D6, Crataegus D8, Passiflora Incarnata D4"
6593,"Cactus (=selenicereus Grandiflorus) Trit. D1, Nitroglycerinum Trit. D4, Rauwolfia Trit. D2, Viscum Albumtrit. D1"
6594,"Boric Acid, Calendula Officinalis Mother Tincture, Phytolacca Decandra Mother Tincture, Benzoin Siam Mother Tincture, Bryonia Mother Tincture"
6595,"Magnesium Carbonicum C5, Calendula Officinalis D3, Euphrasia Officinalis D3"
6596,"Silicea C5, Magnesium Carbonicum C5, Calcium Fluoratum C5, Kalium Chloratum C5, Cineraria Maritima C5, Calendula Officinalis D3, Euphrasia Officinalis D3"
6597,"Verbascum Thapsus D7, Mentha Piperita D5, Viola Odorata D6"
6598,"Lappa Major D4, Berberis Vulgaris D5, Taraxacum Officinale D4"
6599,"Silybum Marianum Dil. D 3, Pulsatilla Vulgaris D6, Berberis Vulgaris D5"
6600,"Bryonia C3, Arisaema Triphyllum C3, Atropa Bella-Donna C6, Calendula Officinalis C6, Kalium Bichromicum C6, Aconitum Napellus C3, Ferrum Phosphoricum C6, Hepar Sulfuris C6, Mercurius Solubilis Hahnemanni C6, Populus Candicans C6, Euspongia Officinalis C6"
6601,"Bryonia Dioica, Arisaema Triphyllum C3, Atropa Bella-Donna C6, Calendula Officinalis C6, Kalium Bichromicum C6, Aconitum Napellus C3, Ferrum Phosphoricum C6, Hepar Sulfuris C6, Populus Candicans C6, Mercurius Solubilis, Spongia Tosta"
6602,"Bryonia Trit. D 3, Phytolacca Americana Trit D 4, Ledum Palustre Trit. D2, Guajacum Ø"
6603,"Crataegus D1, Convallaria Majalis D2, Scilla Maritima D1, Adonis Vernalis D1"
6604,"Convallaria Majalis Urtinktur, Nitroglycerinum Dil. D3, Crataegus Mother Tincture"
6605,"Chelidonium Ø, Dioscorea Villosa Trit. D2, Taraxacum Officinale Trit. D2, Magnesium Sulfuricum Trit. D1"
6606,"Acidum Picrinicum Trit. D3, Calcium Phosphoricum Trit. D2, Calcium Carbonicum Hahnemanni Trit. D3, Kalium Phosphoricum Trit. D2, Kalium Bromatum Trit. D4"
6607,Populus Tremuloides Trit. D1
6608,"Rauwolfia Serpentina D3, Cactus Dil. D1, Viscum Album Mother Tincture, Crataegus Mother Tincture"
6609,"Reserpinum D3, Rauwolfia Serpentina D3, Crataegus D2, Viscum Album D2"
6610,Amylmetacresol
6611,Humulus Lupulus L. Flos
6612,"Calcium Carbonicum Hahnemanni Dil. D8, Sepia Officinalis Dil. D 6, Strychnos Ignatii Dil. D 6, Acidum Nitricum Dil. D4, Aquilegia Vulgaris Dil. D4, Viburnum Opulus Dil. D3, Myristica Fragrans Dil. D6, Conyza Canadensis Dil. D3, Origanum Majorana Dil. D4,"
6613,"Sepia Officinalis Dil. D 6, Calcium Carbonicum Hahnemanni D8, Conyza Canadensis D3, Cyclamen Purpurascens D4, Myristica Fragrans D6, Strychnos Ignatii D6, Viburnum Opulus D3"
6614,"Corpus Vitreum Bovis Gl Dil. D7 (Hab, Vs. 41b), Lens Cristallina Bovis Gl Dil. D11 (Hab, Vs. 41b), Rosae Aetheroleum Dil. D7 (Hab, Vs. 5a, Lsg. D1 Mit Ethanol 94% (M/M)), Silberhornerz Dil. D5 (Hab, Vs. 6), Viscum Album (Mali) E Planta Tota Ferm 34i Dil."
6615,"Cartilago Articularis Bovis Gl Dil. D11 (Hab, Vs. 41b), Silberhornerz Dil. D5 (Hab, Vs. 6), Viscum Album (Mali) E Planta Tota Ferm 34i Dil. D2 (Hab, Vs. 34i)"
6616,"Cartilago Articularis Bovis Gl Dil. D11 (Hab, Vs. 41b), Silberhornerz Dil. D5 (Hab, Vs. 6), Viscum Album (Mali) E Planta Tota Ferm 34i Dil. D4 (Hab, Vs. 34i)"
6617,"Corpus Vitreum Bovis Gl Dil. D7 (Hab, Vs. 41b), Lens Cristallina Bovis Gl Dil. D11 (Hab, Vs. 41b), Silberhornerz Dil. D5 (Hab, Vs. 6), Viscum Album (Mali) E Planta Tota Ferm 34i Dil. D2 (Hab, Vs. 34i)"
6618,"Corpus Vitreum Bovis Gl Dil. D7 (Hab, Vs. 41b), Lens Cristallina Bovis Gl Dil. D11 (Hab, Vs. 41b), Silberhornerz Dil. D5 (Hab, Vs. 6), Viscum Album (Mali) E Planta Tota Ferm 34i Dil. D5 (Hab, Vs. 34i)"
6619,"Thick Extract Of Saw Palmetto Fruit (7.5-12.5: 1), Extraction Solvent: Ethanol 90% (M/M)"
6620,Equisetum
6621,Horsetail Herb Powdered
6622,Equisetum Dry Extract
6623,"Camphor, Methyl Salicylate, Pine Oil, Turpentine Oil"
6624,"Dry Hydroalcoholic Extract Of Valerian Root (4-7:1), Extraction Solvent: Ethanol 70% V/V, Dry Extract From Hop Strobile (4-8:1), Extraction Solvent: Methanol 40% (V/V)"
6625,"Hop Strobile Dry Extract, Valerianae Radix Dry Extract"
6626,"Valeriana Officinalis L. Root Dry Extract, Lupuli Strobuli Extractum Siccum"
6627,"Crotalus Horridus Dil. D 8, Lachesis Dil. D10"
6628,"Dry Extract Of Nettle Leave (19-33: 1), Extraction Solvent: Isopropyl Alcohol 95% (V/V)"
6629,Chicken Protein Allergen Extract
6630,Lavender Oil
6631,Insulin Lispro
6632,"Water For Injection, Phenol, Sodium Chloride, Human Serum Albumin"
6633,Human Hemin
6634,Human Hepatitis B Immunoglobulin (Iv)
6635,Human Varicella Immunoglobulin
6636,Paromomycin Sulfate
6637,"Benzalkonium Chloride, Lidocaine Hydrochloride"
6638,Oxomemazine
6639,Insulin Human (Rdna)
6640,Lobster
6641,"Mercurius Solubilis Hahnemanni Dil D8, Cistus Canadensis Dil. D6, Acidum Silicicum Dil. D8"
6642,Dog Epithelium Extract
6643,Canis Lupus Familiaris Hair
6644,Bermuda Grass Pollen
6645,Thymi Extractum Fluidum
6646,"Atropa Bella-Donna D4, Urginea Maritima Dil. D4, Arsenum Iodatum Dil. D6, Cuprum Aceticum Dil. D6, Causticum Hahnemanni Dil. D6"
6647,"Kalium Iodatum D12, Stibium Sulfuratum Aurantiacum D12, Polygala Senega D8"
6648,Plantago Lanceolatae Folium Dry Extract
6649,"Althaea Officinalis Root, Thyme, Plantaginis Lanceolatae Folium, Liquorice Root"
6650,"Marshmallow Root, Iceland Moss, Plantaginis Lanceolatae Folium, Thymi Herba, Liquorice Root"
6651,"Marshmallow Root, Iceland Moss, Thyme, Plantaginis Lanceolatae Folium, Liquorice Root"
6652,"Foeniculum Vulgare, Thyme, Plantaginis Lanceolatae Folium, Liquorice Root"
6653,"Ipecacuanha, Ethanol. Decoctum Ø (= D1), Pulsatilla Vulgaris Dil. D3, Aqueous Decoctum From Solanum Dulcamara, Stipites Sicc.: Marrubium Vulgare, Herba Sicc.: Anisi Fructus: Serpylli Herba: Thymi Herba, Drosera Dil. D2"
6654,"Marshmallow Root, Plantaginis Lanceolatae Folium, Thymi Herba, Liquorice Root"
6655,"Thymus Vulgaris, Plantaginis Lanceolatae Folium"
6656,"Marshmallow Root, Liquorice Root"
6657,"Liquid Extract From A Mixture Of Solanum Dulcamara Stem, Marrubium Vulgare Leaf, Aniseed, Wild Thyme And Thyme (1:2.33:3.33:2.33:19) (Der: 1: 6-7), Extraction Solvent: Water, Liquid Extract From Ipecacuanha Root (Der: 1:9-10), Extraction Solvent: Ethanol"
6658,Plantago Lanceolata Herb Fluid Extract
6659,"Marshmallow Root, Thymus Vulgaris, Plantaginis Lanceolatae Folium, Liquorice Root"
6660,"Star Anise Oil, Liquid Extract From Thyme Herb (Der 1:2-2,5), Extraction Solvents: Ammonia Solution 10 % (M/M), Glycerol 85%, Ethanol 90%, Water (1:20:70:109)"
6661,"Liquid Extract Of Ribwort Plantain (1:1), Extraction Solvent: Ethanol 20% M/M"
6662,Hyaluronic Acid
6663,Hyaluronidase
6664,Topotecan
6665,"Hydrocortisone Acetate, Neomycin Sulfate, Hydrocortisone"
6666,Hydralazine
6667,Hydrazine Sulfate
6668,"Sodium Chloride, Sodium Lactate"
6669,"Dexpanthenol, Allantoin, Ethyl Linoleate"
6670,Dihydroabietyl Alcohol
6671,"Digitalis Purpurea Dil. D4, Convallaria Majalis Dil. D4, Urginea Maritima Dil. D4, Kalium Nitricum D4, Apocynum Dil. D3, Cactus Dil. D2"
6672,"Hydrocortisone, Oxytetracycline"
6673,"Hydrocortisone Acetate, Polymyxin B Sulfate, Oxytetracycline Hydrochloride"
6674,"Hydrocortisone Acetate, Lidocaine Hydrochloride Monohydrate"
6675,Hydrocortisone Acetate Ph. Eur.
6676,Hydrocortisone Ph. Eur.
6677,"Hydrocortisone, Urea"
6678,Hydroflumethiazide Bp
6679,Hydrogen Peroxide Solution (6 Per Cent) Bp
6680,Hydrogen Peroxide Solution (35 Per Cent)
6681,Hydrogen Peroxide Solution (30 Per Cent)
6682,Hydromorphone
6683,"Methyl Parahydroxybenzoate, Cetostearyl Alcohol"
6684,"Riboflavin Sodium Phosphate, Thiamine Hydrochloride, Ascorbic Acid, Ergocalciferol, Dexpanthenol, Nicotinamide, Pyridoxine Hydrochloride, Alphatocopherol Acetate, Vitamin A Concentrate (Oily Form), Synthetic"
6685,Hydroxocobalamin Acetate Ph. Eur.
6686,Hydroxychloroquine Sulphate Bp
6687,Hydroxychloroquine
6688,Hydroxycitronellal
6689,4-(4-Hydroxy-4-Methylpentyl)cyclohex-3-Ene-1-Carbaldehyde
6690,Sirolimus
6691,"Lactobacillus Helveticus Dsm 4183 Aqueous Substrate Of Metabolic Products, Lactobacillus Acidophilus Dsm 4149, Aquaeous Substrate Of Metabolic Products, Enterococcus Faecalis Dsm 4086, Aqueous Substrate Of The Metabolites, Escherichia Coli Dsm 4087 Germ-F"
6692,"Lactobacillus Helveticus Dsm 4183 Aqueous Substrate Of Metabolic Products, Lactobacillus Acidophilus Dsm 4149, Aquaeous Substrate Of Metabolic Products, Enterococcus Faecalis, Escherichia Coli Dsm 4087 Germ-Free, Aquaeous Substrate Of The Metabolic Produc"
6693,"Sodium Hyaluronate, Carbomer 981"
6694,Marstacimab
6695,Hyoscine Hydrobromide Ep
6696,"Hyoscyamus Dil. D1, Valeriana, Ethanol. Decoctum Dil. D3"
6697,"Hypericum Perforatum Tincture, Calendula Officinalis Tincture"
6698,"Crataegus Mother Tincture, Viscum Album Dil. D1, Glonoinum Dil. D4, Barium Carbonicum Dil. D8"
6699,"Hypericum Perforatum Dil. D 4 Vinos, Strychnos Ignatii Dil. D4, Valeriana Dil. D4"
6700,Hypericum Perforatum Mother Tincture
6701,"St. John´s Wort Dry Extract, Quantified, Der 3-7:1, Extraction Solvent: Methanol 80 % (V/V)"
6702,Hypericum Auro Cultum Rh Dil. D2
6703,Hypericum Auro Cultum Rh Dil. D3
6704,"Hypericum Auro Cultum, Herba Dil. D3"
6705,"Hypericum Auro Cultum, Herba Dil. D2"
6706,"Hypericum Perforatum D6, Hypericum Perforatum Mother Tincture, Hypericum Perforatum D12"
6707,"Hypericum, Flos, Ol. Sesami Extr. 1:2"
6708,"Hypericum Perforatum Dil. D30, Hypericum Perforatum Dil. D12, Hypericum Perforatum Dil. D200"
6709,"Dry Extract From St. John's Wort, Equivalent To 170-305 Mg Of St. John's Wort, Extraction Solvent: Ethanol 68% (V/V)"
6710,"Dry Extract Of St. John's Wort (Der: 3-5:1), Corresponding To 0.36-0.84 Mg Of Hypericin And 9-18 Mg Hyperforin, Extraction Solvent: Methanol 80% (V/V)"
6711,Rilmenidine Dihydrogen Phosphate
6712,"Magnesium Chloride Hexahydrate, Sodium Chloride, Calcium Chloride Dihydrate, Potassium Acetate, Sodium Acetate Trihydrate"
6713,Dry Extract From Fresh St. John's Wort
6714,"Acetylsalicylic Acid, Rivaroxaban"
6715,"Hypophysis Bovis Gl Dil. D6 (Hab, Vs. 41a)"
6716,"Hypophysis Suis D200, Hypophysis Suis Dil. D30, Hypophysis Suis D10"
6717,"Hypophysis Suis D12, Hypophysis Suis D200, Hypophysis Suis D8, Hypophysis Suis Dil. D30"
6718,"Hypophysis Bovis Gl Dil. D7 (Hab, Vs. 41a), Stannum Metallicum Dil. D14 Aquos."
6719,"Hypothalamus Suis D10, Hypothalamus Suis D200, Hypothalamus Suis D30"
6720,"Magnesium Chloride Hexahydrate, Potassium Chloride, Sodium Chloride, Glucose, Lactic Acid, Sodium Lactate, Potassium Phosphate"
6721,"Crataegus D2, Cytisus Scoparius D3, Prunus Laurocerasus D3, Nerium Oleander D3"
6722,"Laurocerasus Dil. D3, Crataegus Dil. D1, Oleander Dil. D3, Spartium Scoparium Dil. D2"
6723,Insulin Porcine
6724,"Human Normal Immunoglobulin, Hyaluronidase (Human Recombinant)"
6725,"Ibuprofen, Heparinoid"
6726,"Strophantus Gratus Dil. D4, Naja Naja Dil. D 3, Nicotiana Tabacum Dil. D 12, Spigelia Anthelmia Dil. D 8, Nitroglycerinum D6, Selenicereus Grandiflorus D2, Crataegus Dil. D4, Iberis Amara Dil. D3"
6727,"Bitter Candytuft Fresh Plant Extract, Matricaria Liquid Extract, Menthae Piperitae Folium, Melissae Folii Dry Aqueous Extract, Glycyrrhiza Glabra Root, Carvi Extractum Fluidum"
6728,"Milk Thistle Fruit Extract, Bitter Candytuft Fresh Plant Extract, Matricaria Liquid Extract, Menthae Piperitae Folium, Chelidonium Majus, Melissae Folii Dry Aqueous Extract, Glycyrrhiza Glabra Root, Angelica Archangelica Extract, Carvi Extractum Fluidum"
6729,"Extract Of Iberis Amara (1 : 1.5 - 2.5), Extracting Agent: Ethanol 50 % (V/V), Liquid Extract Of Caraway Fruit (1 : 2.5 - 3.5), Extracting Agent: Ethanol 30 % (V/V), Liquid Extract Of Matricaria Flower (1 : 2 - 4), Extracting Agent: Ethanol 30 % (V/V), Li"
6730,"Extract Of Iberis Amara (1 : 1.5 - 2.5), Extracting Agent: Ethanol 50 % (V/V), Liquid Extract Of Caraway Fruit (1 : 2.5 - 3.5), Extracting Agent: Ethanol 30 % (V/V), Extract Of Liquorice Root (1 : 2.5 - 3.5), Extracting Agent: Ethanol 30 % (V/V), Liquid E"
6731,Palbociclib
6732,Mebeverine Hydrochloride Bp
6733,"Codeine Phosphate Hemihydrate, Ibuprofen Arginine"
6734,Ibuprofen Bp
6735,Ibuprofen Sodium
6736,"Ibuprofen, Pseudoephedrine"
6737,Indobufen
6738,Icatibant Acetate
6739,Ammonium Bituminosulfonate Concentrate
6740,Ammonium Bituminosulfonate Light
6741,"Hydrocortisone Acetate, Sodium Bituminosulfonate Light"
6742,Sodium Bituminosulfonate Dry Substance
6743,"Aluminium Potassium Sulfate, Calcium Oxide, Ichthammol, Sodium Perborate"
6744,Ponatinib
6745,Idarubicin Hydrochloride
6746,Imlifidase
6747,Albutrepenonacog Alfa
6748,"Enterococcus Faecium, Bifidobacterium Longum"
6749,"Bryonia C5, Aluminium Oxydatum C5, Myristica Fragrans C5"
6750,Buffered Phosphate Solution
6751,Mertiatide
6752,"Aminoacridine Hydrochloride, Lidocaine Hydrochloride Monohydrate"
6753,"Kalanchoe Daigremontiana/Pinnata E Foliis Ferm 33b Dil. D2 (Hab, Vs. 33b), Lachesis Dil. D11 Aquos. (Hab, Vs. 5b), Strychnos Ignatii E Semine Ferm 35b Dil. D3 (Hab, Vs. 35b)"
6754,"Strychnos Ignatii Dil. D12, Nitroglycerinum Dil. D12, Lachesis Dil. D12"
6755,"Strychnos Ignatii Dil. D200, Strychnos Ignatii Dil. D30, Strychnos Ignatii Dil. D12"
6756,Nicorandil
6757,Canakinumab
6758,Gozetotide
6759,"Eucalyptus Oil, Turpentine Oil, Larix Decidua Resin"
6760,"Indapamide, Telmisartan"
6761,"Ramipril, Acetylsalicylic Acid, Atorvastatin Calcium Trihydrate"
6762,"Ramipril, Atorvastatin Hemicalcium 1.5 H2o, Acetylsalicylic Acid Ph. Eur."
6763,Tildrakizumab
6764,"Brompheniramine Maleate, Paracetamol, Caffeine"
6765,"Brompheniramine Maleate, Paracetamol, Calcium Ascorbate Dihydrate, Caffeine"
6766,"Dextromethorphan Hydrobromide, Doxylamine Hydrogen Succinate, Paracetamol"
6767,Nipocalimab
6768,"Prednisolone Acetate, Clotrimazole, Hexamidine Diisetionate"
6769,"Clotrimazole, Hexamidine Diisetionate"
6770,Fluspirilene
6771,Imatinib Mesilate
6772,"Argentum Metallicum D30, Echinacea D6"
6773,"Indapamide, Ramipril"
6774,"Sepia Officinalis Dil. D 8, Lycopodium Clavatum Dil. D30, Acidum Arsenicosum Dil. D30, Gelsemium Sempervirens Dil. D12, Atropa Bella-Donna Dil. D12, Kalium Phosphoricum Dil. D6, Phosphorus Dil. D6, Semecarpus Anacardium Dil. D6"
6775,"Lycopodium Clavatum Dil. D8, Kalium Phosphoricum Dil. D6, Phosphorus Dil. D6, Semecarpus Anacardium Dil. D6"
6776,Ibrutinib
6777,Setmelanotide
6778,Iomeprol
6779,Durvalumab
6780,"Cilastatin, Imipenem Anhydrate"
6781,Imidurea
6782,Imipramine Hydrochloride
6783,Imipramine Hydrochloride Ph. Eur.
6784,Imipramine Hydrochloride Bp
6785,Tremelimumab
6786,Talimogene Laherparepvec
6787,Rivastigmine Hydrogen Tartrate
6788,Leucocyti Dialysatum Cryodesiccatum
6789,"Glycine, Haemophilus Influenzae Type B (Hib), Klebsiella Ozaenae, Klebsiella Pneumoniae, Neisseria Catarrhalis, Staphylococcus Aureus, Streptococcus Pneumoniae, Streptococcus Pyogenes, Streptococcus Viridans, Lyophilized Bacterial Lysates"
6790,"Immunocyanine, Standardised"
6791,"Bcg (Bacillus Calmette-Guérin), Live Attenuated Connaught Strain"
6792,Echinacea Purpurea Mother Tincture
6793,Recombinant Human Interferon Gamma 1b
6794,"Clove, D-Camphor, Myrobalan, Potentilla Aurea, Calcium Sulfate Hemihydrate, Plantaginis Lanceolatae Folium, Polygoni Avicularis Herba, Saussurea Costus Root, Aegle Marmelos, Liquorice Root, Aquilegia Vulgaris, Pterocarpus Santalinus Wood, Elettaria Cardam"
6795,"Ascorbic Acid, Biotin, Folic Acid, Nicotinamide, Phytomenadione, Pyridoxine, Riboflavin, Thiamine, Zinc, Calcium, Chromium, Copper, Magnesium, Manganese, Pantothenic Acid, Phosphorus, Selenium, Retinol, Alpha-Tocopherol, Dry Extract Of Ginseng Root (3-4:1"
6796,Dried Pressed Juice From Purple Coneflower Herb (30-60:1)
6797,Echinacea Purpurea
6798,"Echinaceae Purpureae Herbae Recentis Succus (1:1), Aroniae Fructus Succus (1:1), Bardanae Radicis Recentis Succus (1:1), Chamomillae Extractum Fluidum (0,5:1), Urticae Herbae Recentis Succus (1:1)"
6799,Calcium Ion
6800,"Loperamide Hydrochloride, Simeticone"
6801,"Poliovirus (Inactivated) Type 3 (Saukett Strain), Poliovirus (Inactivated) Type 2 (Mef-1 Strain), Poliovirus (Inactivated) Type 1 (Mahoney Strain)"
6802,"Poliovirus Type 1 (Inactivated), Poliovirus Type 2 (Inactivated), Poliovirus Type 3 (Inactivated)"
6803,"Tetanus Toxoid, Algeldrate"
6804,Miltefosine
6805,"Diflucortolone Valerate, Chlorquinaldol"
6806,Goserelin Acetate
6807,Etonogestrel
6808,Pirlindole Hydrochloride
6809,Bromperidol
6810,Bromperidol Lactate
6811,Bromperidol Decanoate
6812,Sargramostim
6813,"Matricariae Flos, Achillea Millefolium L. Herba, Marshmallow Root Powdered, Oak Bark Powdered, Dandelion Herb Powdered, Horsetail Herb Powdered, Walnut Leaves Powdered"
6814,"Transfer Factor, Porcine"
6815,"Matricariae Flos, Marshmallow Root Powdered, Oak Bark Powdered, Dandelion Herb Powdered, Horsetail Herb Powdered, Walnut Leaves Powdered, Millefolii Herba"
6816,"Extract (1:38) From Marshmallow Root, Oak Bark, Camomile Flowers, Dandelion Herb, Horsetail Herb, Yarrow Herb And Walnut Leaves (4:2:3:4:5:4:4), Extraction Solvents: Ethanol 59% (V/V), Purified Water"
6817,Modified Vaccinia Ankara – Bavarian Nordic Live Virus
6818,"Decitabine, Cedazuridine"
6819,Levodopa
6820,Ginkgo Bilobae Folii Extractum Siccum
6821,"Sorbitan Trioleate, Polysorbate 80, Sodium Citrate, Squalene, Citric Acid, Influenza Virus A/Turkey/Turkey/1/2005 (H5n1) Nibrg-23 Strain, Inactivated, Ha And Na Surface Antigen"
6822,Mecasermin
6823,"Pioglitazone, Alogliptin"
6824,Umeclidinium Bromide
6825,Indapamide Hemihydrate
6826,Propranolol
6827,Indium (111in) Pentetate
6828,Indium (111in) Oxine
6829,Ispaghula
6830,Ispaghula Seed
6831,Indium (111in)
6832,"Pentetic Acid, Indium (111in) Pentetate"
6833,"Indium (111in) Pentetate, Calcium Trisodium Pentetate"
6834,"Indium (111in) Chloride, Oxyquinoline"
6835,"Gentamicin Sulfate, Indometacin"
6836,Indometacin Ph. Eur.
6837,Indoramin Hydrochloride
6838,Dibotermin Alfa
6839,"Atropine Sulfate, Pralidoxime Chloride"
6840,"Atropine Sulfate, Avizafone, Pralidoxime Metilsulfate"
6841,"Retinol Acetate, Ergocalciferol"
6842,"Pertussis Toxoid Adsorbed On Aluminium Hydroxide, Pertussis Pertactin Adsorbed On Aluminium Hydroxide, Pertussis Filamentous Haemagglutinin Adsorbed On Aluminium Hydroxide, Tetanus Toxoid Adsorbed On Aluminium Hydroxide, Hydrated, Diphtheria Toxoid Adsorb"
6843,"Diphtheria Toxoid, Tetanus Toxoid, Pertussis Toxoid, Pertussis Filamentous Haemagglutinin, Pertussis Pertactin, Aluminium Hydroxide"
6844,"Aluminium Phosphate, Pertussis Filamentous Haemagglutinin Adsorbed On Aluminium Hydroxide, Hydrated, Pertussis Toxoid Adsorbed On Aluminium Hydroxide, Hydrated, Tetanus Toxoid Adsorbed On Aluminium Hydroxide, Hydrated, Pertussis Pertactin Adsorbed On Alum"
6845,"Aluminium Phosphate, Poliovirus (Inactivated) Type 3 (Saukett Strain), Pertussis Filamentous Haemagglutinin Adsorbed On Aluminium Hydroxide, Hydrated, Poliovirus (Inactivated) Type 2 (Mef-1 Strain), Pertussis Toxoid Adsorbed On Aluminium Hydroxide, Hydrat"
6846,"Diphtheria Toxoid, Tetanus Toxoid, Pertussis Toxoid, Pertussis Filamentous Haemagglutinin, Pertussis Pertactin, Poliovirus (Inactivated) Type 3 (Saukett Strain), Poliovirus (Inactivated) Type 2 (Mef-1 Strain), Poliovirus (Inactivated) Type 1 (Mahoney Stra"
6847,"Pertussis Filamentous Haemagglutinin Adsorbed On Aluminium Hydroxide, Hydrated, Pertussis Toxoid Adsorbed On Aluminium Hydroxide, Hydrated, Tetanus Toxoid Adsorbed On Aluminium Hydroxide, Hydrated, Pertussis Pertactin Adsorbed On Aluminium Hydroxide, Hydr"
6848,"Diphtheria Toxoid, Tetanus Toxoid, Haemophilus Type B Conjugate Vaccine (Tetanus Toxoid Conjugate), Pertussis Toxoid, Pertussis Filamentous Haemagglutinin, Pertussis Pertactin, Poliovirus (Inactivated) Type 1 (Mahoney Strain) Produced On Vero Cells, Polio"
6849,"Pertussis Toxoid Adsorbed On Aluminium Hydroxide, Pertussis Pertactin Adsorbed On Aluminium Hydroxide, Poliovirus (Inactivated) Type 3 (Saukett Strain), Poliovirus (Inactivated) Type 2 (Mef-1 Strain), Pertussis Filamentous Haemagglutinin Adsorbed On Alumi"
6850,"Poliovirus (Inactivated) Type 3 (Saukett Strain), Pertussis Filamentous Haemagglutinin Adsorbed On Aluminium Hydroxide, Hydrated, Poliovirus (Inactivated) Type 2 (Mef-1 Strain), Pertussis Toxoid Adsorbed On Aluminium Hydroxide, Hydrated, Tetanus Toxoid Ad"
6851,"Diphtheria Toxoid, Tetanus Toxoid, Haemophilus Type B Conjugate Vaccine (Tetanus Toxoid Conjugate), Pertussis Toxoid, Pertussis Filamentous Haemagglutinin, Pertussis Pertactin, Poliovirus (Inactivated) Type 3 (Saukett Strain), Poliovirus (Inactivated) Typ"
6852,"Haemophilus Type B Conjugate Vaccine (Tetanus Toxoid Conjugate), Pertussis Filamentous Haemagglutinin Adsorbed On Aluminium Hydroxide, Hydrated, Pertussis Toxoid Adsorbed On Aluminium Hydroxide, Hydrated, Tetanus Toxoid Adsorbed On Aluminium Hydroxide, Hy"
6853,"Haemophilus Type B Conjugate Vaccine (Tetanus Toxoid Conjugate), Pertussis Toxoid Adsorbed On Aluminium Hydroxide, Pertussis Pertactin Adsorbed On Aluminium Hydroxide, Poliovirus (Inactivated) Type 3 (Saukett Strain), Poliovirus (Inactivated) Type 2 (Mef-"
6854,"Haemophilus Type B Conjugate Vaccine (Tetanus Toxoid Conjugate), Poliovirus (Inactivated) Type 3 (Saukett Strain), Pertussis Filamentous Haemagglutinin Adsorbed On Aluminium Hydroxide, Hydrated, Poliovirus (Inactivated) Type 2 (Mef-1 Strain), Pertussis To"
6855,"Haemophilus Influenzae Type B Polysaccharide (Polyribosylribitol Phosphate), Diphtheria Toxoid, Tetanus Toxoid, Haemophilus Type B Conjugate Vaccine (Tetanus Toxoid Conjugate), Pertussis Toxoid, Pertussis Filamentous Haemagglutinin, Pertussis Pertactin, P"
6856,"Cetrimide Ph. Eur., Dimeticone 20"
6857,"Cod-Liver Oil (Type A), Zinc Oxide, Aluminium Acetate Tartrate Solution"
6858,"Zinc Oxide, Cod-Liver Oil, Aluminium Acetate Tartrate Solution"
6859,"Triclosan, Halometasone Monohydrate"
6860,"Potassium Chloride, Sodium Chloride, Lactobacillus Rhamnosus Gg, Sodium Citrate Dihydrate, Glucose Monohydrate Ph. Eur., D-Glucose"
6861,Lactobacillus Rhamnosus Gg
6862,"Lidocaine, Sage Leaves Extract (1:1.95–2.2) Extracting Solvent: Ethanol 66.3% (V/V), Chamomile Flower Extract (1:1.9–2.2) Extracting Solvent: Ethanol 66.3% (V/V)"
6863,Erythromycin Estolate
6864,Permethrin (25:75)
6865,"Bacitracin, Hydrocortisone Acetate, Polymyxin B Sulfate Ph. Eur."
6866,"Echinacea Mother Tincture, Bryonia Dil. D2, Aurum Metallicum Dil. D6, Aconitum Dil. D2, Lachesis Dil. D6"
6867,"Apis Mellifica Dil. D4, Echinacea Mother Tincture, Guajacum Dil. D4, Atropa Bella-Donna D4, Kalium Iodatum Trit. D4, Gelsemium Dil. D4, Aconitum Dil. D4"
6868,"Apis Mellifica Dil. D12, Clematis Recta Dil. D2, Fabiana Imbricata Dil. D6, Juniperus Communis Dil. D6, Serenoa Repens Dil. D4, Solidago Virgaurea Dil. D2, Lytta Vesicatoria Dil. D 4, Berberis Vulgaris Dil D3, Chimaphila Umbellata Dil. D3"
6869,"Cactus Dil. D1, Strophantus Gratus Dil. D4, Crataegus Mother Tincture"
6870,"Ammonium Iodatum Dil. D4, Grindelia Robusta Dil. D3, Hyoscyamus Niger Dil. D6, Kalium Stibyltartaricum Dil. D6, Stibium Sulfuratum Aurantiacum Dil. D8, Atropa Belladonna Dil. D4, Psychotria Ipecacuanha Dil. D4, Lobelia Inflata Dil. D4, Bryonia Dil. D4, Dr"
6871,"Echinacea Dil. D2, Eucalyptus Globulus Dil. D6, Formica Rufa Dil. D8, Lachesis Mutus Dil. D8, Mercurius Solubilis Hahnemanni Dil. D12, Aconitum Napellus Dil. D4, Ferrum Phosphoricum Dil. D8, Eupatorium Perfoliatum Dil. D4"
6872,"Lactobacillus Acidophilus, Bifidobacterium Spp."
6873,"Paracetamol, Acetylsalicylic Acid, Anhydrous Caffeine"
6874,"Aconitum Trit. D3, Gelsemium Trit. D3, Ipecacuanha Trit. D3, Phosphorus Trit. D5, Eupatorium Perfoliatum Trit. D1, Bryonia Trit. D2"
6875,"Psychotria Ipecacuanha D3, Gelsemium D3, Aconitum D3, Eupatorium Perfoliatum D1, Phosphorus D5, Bryonia D2"
6876,"Eucalyptus Globulus Dil. D2, Schoenocaulon Officinale Dil. D3, Phosphorus Dil. D4, Aconitum Napellus Dil. D3, Eupatorium Perfoliatum Dil. D2, Bryonia Dil. D2"
6877,"Eucalyptus Globulus Leaf D2, Schoenocaulon Officinale Seed D3, Bryonia D2, Ferrum Phosphoricum D6, Aconitum Napellus D3, Eupatorium Perfoliatum D2"
6878,"Schoenocaulon Officinale Dil. D3, Eucalyptus Globulus D2, Bryonia D2, Aconitum Napellus D3, Eupatorium Perfoliatum D2, Phosphorus D4"
6879,"Aconitum Napellus Dil. D1, Ferrum Phosphoricum Dil. D6, Eupatorium Perfoliatum Dil. D1, Eucalyptus Globulus Mother Tincture, Sabadilla Mother Tincture, Bryonia Dil. D1"
6880,"Schoenocaulon Officinale D6, Eupatorium Perfoliatum D3, Aconitum Napellus D4, Bryonia D4, Camphora D3, Eucalyptus Globulus D3, Gelsemium Sempervirens D6"
6881,"Ethanol, Bryonia Dil. D4, Apis Mellifica Dil. D3, Sulfur Dil. D10, Lachesis D8 Dil., Echinacea Purpurea Mother Tincture"
6882,"B/Phuket/3073/2013-Like Virus (B/Phuket/3073/2013, Wild Type), A/Victoria/2570/2019 (H1n1)pdm09-Like Strain (A/Victoria/2570/2019, Ivr-215), Influenza Virus B/Austria/1359417/2021-Like Strain (B/Austria/1359417/2021, Bvr-26), Influenza A Virus, A/Croatia/"
6883,Indocyanine Green
6884,"Nasturtium Officinale Dil. D6, Ailanthus Altissima Dil. D3, Cinchona Pubescens Spag. Peka Dil. D8, Echinacea Spag. Peka Dil. D12, Marrubium Vulgare Dil. D6, Vincetoxicum Hirundinaria Dil. D6, Lachesis Muta Dil. D12, Argentum Nitricum Dil. D6"
6885,"Valine, Histidine, Isoleucine, Leucine, Methionine, Phenylalanine, Threonine, Tryptophan, Lysine Acetate"
6886,"Calcium Chloride, Potassium Chloride, Sodium Acetate, Sodium Chloride, Sodium Lactate, Magnesium Chloride"
6887,"Zinc Chloride, Potassium Iodide, Sodium Selenite, Copper Chloride Dihydrate, Manganese Chloride Tetrahydrate"
6888,Ginger Root Powder
6889,"Levomenthol, Camphor"
6890,"Pini Aetheroleum, Essential Oil Of Turpentine Kind ""pinus Pinaster"", Thymus Essential Oil, Essential Oil Of Peppermint"
6891,"Menthol, Camphor"
6892,Hydroquinine Hydrobromide
6893,Nifuratel
6894,"Dextromethorphan Hydrobromide, Pseudoephedrine Hydrochloride"
6895,Trimecaine Hydrochloride
6896,"Calcium Carbonicum Hahnemanni Dil. D 10, Veratrum Album Dil. D30, Veratrum Album Dil. D200, Lycopodium Clavatum Dil. D10, Lycopodium Clavatum Dil. D30, Lycopodium Clavatum Dil. D200, Lycopodium Clavatum Dil. D1000, Taraxacum Officinale Dil. D30, Taraxacum"
6897,Imlunestrant
6898,"Tartaric Acid, Aluminium Potassium Sulphate Dodecahydrate, Citric Acid Monohydrate"
6899,Tinzaparin
6900,Tinzaparin Sodium
6901,Ferrous Succinate
6902,Karaya Gum
6903,Sterculia
6904,Sterculia Gum
6905,"Camphor, Racemic, Methyl Salicylate"
6906,"Titanium Dioxide, Zinc Oxide, Hamamelis Extractum Fluidum, Ichthammol"
6907,"Titanium Dioxide, Zinc Oxide, Hamamelis Liquid Extract, Ichthammol, Benzoin Siam"
6908,"Titanium Dioxide, Zinc Oxide, Ichthammol"
6909,Rufinamide
6910,Fedratinib
6911,"Diphenhydramine Hydrochloride, Benzocaine"
6912,"Urtica Urens D8, Apis Mellifica D12, Lachesis D 12, Ledum Palustre D6"
6913,"Tiotropium, Olodaterol"
6914,"Chlorhexidine Digluconate Solution, Methyl Parahydroxybenzoate, Propyl Parahydroxybenzoate, Lidocaine Hydrochloride"
6915,"Chlorhexidine Gluconate, Methyl Parahydroxybenzoate, Propyl Parahydroxybenzoate, Lidocaine Hydrochloride"
6916,Etravirine
6917,"Acidum Arsenicosum Dil. D12, Colocynthis Dil. D12, Ranunculus Bulbosus Dil. D2, Rhus Toxicodendron Dil. D30"
6918,"Gentamicin, Nystatin, Triamcinolone Acetonide"
6919,"Chlorphenamine, Paracetamol, Caffeine"
6920,Bismuth Subsalicylate
6921,"Extract From Fresh Hawthorn Inflorescence (1: 1), Extraction Solvent: Ethanol 96% (V/V)"
6922,"Liquid Extract From Horse-Chestnut Fruit (1:1), Extraction Solvent: Ethanol 96% (V/V)"
6923,Extract Of St. John's Wort (1: 1). Extraction Solvent: Ethanol 96% (V/V)
6924,"Extract From Fresh Lemon Balm Herb (1: 1), Extraction Solvent: Ethanol 96% (V/V)"
6925,"Extract From Fresh Mistletoe Herb (1: 1), Extraction Solvent: Ethanol 96% (V/V)"
6926,"Valine, Acetylcysteine, Alanine, Arginine, Histidine, Isoleucine, Leucine, Methionine, Phenylalanine, Proline, Serine, Threonine, Glutamic Acid, Glycine, N-Acetyltyrosine, Tryptophan, Glutamic Acid Lysine Salt Dihydrate"
6927,"Valine, Acetylcysteine, Alanine, Arginine, Histidine, Isoleucine, Leucine, Methionine, Phenylalanine, Proline, Serine, Threonine, Glutamic Acid, Glycine, N-Acetyltyrosine, Tryptophan, Magnesium Chloride Hexahydrate, Potassium Chloride, Sodium Chloride, Ci"
6928,"Valine, Acetylcysteine, Alanine, Arginine, Histidine, Isoleucine, Leucine, Methionine, Phenylalanine, Proline, Serine, Threonine, Glutamic Acid, Glycine, N-Acetyltyrosine, Tryptophan, Magnesium Chloride Hexahydrate, Potassium Chloride, Sodium Chloride, Zi"
6929,"Ovolecithin, Soya Oil"
6930,"Purified Egg Phospholipids, Soya Oil, Purified"
6931,"Soya Oil, Purified"
6932,"Formoterol Fumarate Dihydrate Ph.Eur., Beclomethasone Dipropionate Ph. Eur."
6933,"Lactic Acid Bacteria: 25% Lactobacillus Fermentum 57a, 25% Lactobacillus Plantarum 57b, 50% Lactobacillus Gasseri 57c"
6934,"Dry Extract Of Ptychopetalum Olacoides Wood (100-250:1), Extraction Solvent: Methanol 70% (V/V), Dry Extract Of Turnera Diffusa Leaf (4-6:1) Extraction Solvent: Methanol 60% (V/V), Caffeine, Phospholipids From Soya Beans"
6935,"Ascorbic Acid, Dry Extract Of Kola Seed (10-17:1), Extraction Solvent: Methanol 70% (V/V), Caffeine, Phospholipids From Soya Beans"
6936,Canagliflozin
6937,"Cyanocobalamin, Dexamethasone, Lidocaine, Thiamine"
6938,Alcoholic Iodine Solution
6939,Potassium Iodide
6940,Iodine
6941,"Calcium Chloride Hexahydrate, Sodium Iodide"
6942,Sodium Iodide
6943,3-Iodo-2-Propynylbutylcarbamate
6944,Sodium Iodide (123 I)
6945,"Coal Tar, Salicylic Acid"
6946,Apraclonidine Hydrochloride
6947,Mepartricin
6948,Ipidacrine Hydrochloride
6949,"N-Isopropyl-N'-Phenyl-1,4-Phenylenediamine"
6950,"Salbutamol, Ipratropium Bromide Monohydrate"
6951,Ipratropium Bromide Ph. Eur.
6952,Lanreotide
6953,Elafibranor
6954,Sodium Perchlorate
6955,Irinotecan
6956,Irinotecan Hydrochloride
6957,"Rosae Aetheroleum Dil. D7 (Hab, Vs. 5a, Lsg. D1 Mit Ethanol 94% (M/M)), Iris Bovis Gl Dil. D6 (Hab, Vs. 41b), Lens Cristallina Bovis Gl Dil. D5 (Hab, Vs. 41b), Nervus Oculomotorius Suis Gl Dil. D5 (Hab, Vs. 41a), Nervus Ophthalmicus Suis Gl Dil. D5 (Hab,"
6958,"Euphrasia Dil. D 3, Pulsatilla D6, Apis Mellifica D4, Aconitum D7"
6959,"Chininum Arsenicosum Dil. D 8, Hypericum Perforatum Dil. D 4 Vinos, Phosphorus Dil. D 8 Vinos, Pulsatilla Pratensis Dil. D 6 Vinos"
6960,"Calcium Glycerophosphate, Ferric Ammonium Citrate, Manganese Glycerophosphate, Potassium Glycerophosphate, Sodium Glycerophosphate, Nicotinamide Bp, Riboflavin Bp, Calcium Pantothenate Usp, Thiamine Hydrochloride Bp, Pyridoxine Hydrochloride Bp"
6961,Ferrous Sulphate Heptahydrate Bp
6962,"Thiamine Hydrochloride, Ascorbic Acid, Folic Acid, Nicotinamide, Riboflavin, Dried Ferrous Sulfate"
6963,"Chloramphenicol, Collagenase Clostridium Histolyticum"
6964,"Collagenase Clostridium Histolyticum, Protease"
6965,"Neomycin Sulfate, Collagenase Clostridium Histolyticum"
6966,"Viscum Album M, Herba Rec., Ferm. Aqu. Extr. 1:5"
6967,"Viscum Album Subsp. Album, Der 1: 2, Extraction Solvent: Water"
6968,"Viscum Album M C Arg, Herba Rec., Ferm. Aqu. Extr. 1:5"
6969,"Viscum Album M C Cu, Herba Rec., Ferm. Aqu. Extr. 1:5"
6970,"Viscum Album M C Hg, Herba Rec., Ferm. Aqu. Extr. 1:5"
6971,"Viscum Album P, Herba Rec., Ferm Aqu. Extr. 1:5"
6972,"Viscum Album Subsp. Austriacum, Der 1: 2, Extraction Solvent: Water"
6973,"Viscum Album P C Hg, Herba Rec., Ferm. Aqu. Extr. 1:5"
6974,"Viscum Album Qu, Herba Rec., Ferm. Aqu. Extr. 1:5"
6975,"Viscum Album Qu C Arg, Herba Rec., Ferm. Aqu. Extr. 1:5"
6976,"Viscum Album Qu C Cu, Herba Rec., Ferm. Aqu. Extr. 1:5"
6977,"Viscum Album Qu C Hg, Herba Rec., Ferm. Aqu. Extr. 1:5"
6978,"Viscum Album U C Hg, Herba Rec., Ferm. Aqu. Extr. 1:5"
6979,"Viscum Album (Abietis) E Planta Tota K Dil. Stärke H (Hab, Vs. 38)"
6980,"Viscum Album (Mali) E Planta Tota K Dil. Stärke H (Hab, Vs. 38)"
6981,"Viscum Album (Pini) E Planta Tota K Dil. Stärke H (Hab, Vs. 38)"
6982,"Viscum Album (Populi) E Planta Tota K Dil. Stärke H (Hab, Vs. 38)"
6983,"Viscum Album (Tiliae) E Planta Tota K Dil. Stärke H (Hab, Vs. 38)"
6984,Raltegravir
6985,"Glycine, Haemophilus Influenzae, Klebsiella Ozaenae, Klebsiella Pneumoniae, Neisseria Catarrhalis, Staphylococcus Aureus, Streptococcus Pneumoniae, Streptococcus Pyogenes, Streptococcus Viridans"
6986,"Haemophilus Influenzae Type B (Hib), Klebsiella Ozaenae, Klebsiella Pneumoniae, Neisseria Catarrhalis, Staphylococcus Aureus, Streptococcus Pneumoniae, Streptococcus Pyogenes, Streptococcus Oralis"
6987,"Isosorbide Mononitrate, Diluted"
6988,"Ethanol, Povidone, Iodinated"
6989,Isocarboxazid
6990,Ceftibuten
6991,"Sodium Hydrogen Carbonate, Potassium Chloride, Sodium Chloride, Macrogol 4000, Sodium Sulphate"
6992,Isoeugenol
6993,"Magnesium Chloride Hexahydrate, Potassium Chloride, Sodium Chloride, Calcium Chloride Dihydrate, Sodium Acetate Trihydrate, L-Malic Acid"
6994,"Magnesium Chloride Hexahydrate, Potassium Chloride, Sodium Chloride, Calcium Chloride Dihydrate, Malic Acid, Sodium Acetate Trihydrate"
6995,Isoniazid Bp
6996,Isophorone Diamine
6997,"Valine, Ornithine Hydrochloride, Acetylcysteine, Alanine, Arginine, Histidine, Isoleucine, Leucine, Methionine, Phenylalanine, Proline, Serine, Threonine, Tyrosine, Aspartic Acid, Glutamic Acid, Glycine, Sodium Dihydrogen Phosphate Dihydrate, Tryptophan,"
6998,Isoprenaline
6999,Isopropyl Myristate
7000,"Neomycin Sulfate, Polymyxin B Sulfate, Dexamethasone"
7001,"Glycine, L-Lysine Hydrochloride, L-Tryptophan, L-Arginine, L-Histidine, L-Isoleucine, L-Leucine, L-Methionine, L-Threonine, L-Tyrosine, L-Valine, L-Phenylalanine, L-Alanine"
7002,"Valine, Alanine, Arginine, Histidine, Isoleucine, Leucine, Methionine, Phenylalanine, Threonine, Tyrosine, Glycine, Tryptophan, Lysine Acetate"
7003,"Valine, Alanine, Arginine, Histidine, Isoleucine, Leucine, Methionine, Phenylalanine, Threonine, Tyrosine, Glycine, Tryptophan, Lysine Hydrochloride"
7004,"L-Arginine, L-Isoleucine, L-Leucine, L-Valine"
7005,"Extract From Fresh Viscum Album Subsp. Abietis (Der: 1:15 - 1:16.3), Extraction Solvent: Water For Injections, Isotonised"
7006,"Extract From Fresh Viscum Album Subsp. Mali (Der: 1:15 - 1:16.3), Extraction Solvent: Water For Injection, Isotonised"
7007,"Extract From Fresh Viscum Album Subsp. Austriacum Var. Pini Sylvestris (Der: 1:15 - 1:16.3), Extraction Solvent: Water For Injection, Isotonised"
7008,"Valine, Alanine, Arginine, Histidine, Isoleucine, Leucine, Methionine, Phenylalanine, Proline, Serine, Threonine, Glycine, Tryptophan, Lysine Acetate, Cysteine Hydrochloride Monohydrate"
7009,"Isosorbide Dinitrate, Diluted Ph. Eur."
7010,"Isoniazid, Pyridoxine Hydrochloride"
7011,"Hexetidine, 2-Propanol (Ph. Eur.), 1-Propanol"
7012,Oxacillin
7013,Osilodrostat
7014,"Calcium Iodatum Dil. D8, Conium Maculatum Dil. D6, Galium Aparine Dil. D6, Juglans Regia Spag. Peka Dil. D6, Echinacea Spag. Peka Dil. D12, Scrophularia Nodosa Dil. D4, Helianthemum Canadense Dil. D12, Barium Carbonicum Dil. D8"
7015,"Calcium Fluoratum Dil D8, Aesculus Hippocastanum Dil. D4, Hedera Helix Spag. Peka Dil. D6, Arnica Montana Spag. Peka Dil. D8, Calcium Iodatum Dil. D6, Clematis Recta Dil. D3, Conium Maculatum Dil. D3, Scrophularia Nodosa Dil. D2"
7016,Inavolisib
7017,Yttrium-90
7018,Ivacaftor
7019,Zolpidem Hemitartrate
7020,Phenothrin
7021,"Chikungunya Virus, Strain Chikv Lr2006-Opy1, Live Attenuated"
7022,"Fenofibrate, Rosuvastatin Calcium"
7023,"Algeldrate, Japanese Encephalitis Virus Strain Sa14-14-2 (Inactivated) Produced In Vero Cells"
7024,Trofosfamide
7025,"Paracetamol, Opium, Prepared"
7026,"Calcium Carbonicum Hahnemanni Dil D6, Mercurius Solubilis Hahnemanni Dil D8, Pilocarpus Dil D3, Acidum Sulfuricum Dil D5, Salvia Officinalis Mother Tincture"
7027,Ruxolitinib
7028,"Jalapa Dil. D4, Matricaria Recutita Dil. D3"
7029,"Menthae Arvensis L. Var. Piperascens Malinv. Ex Holmes, Aetheroleum"
7030,"Mint Oil, Partly Dementholised"
7031,"Dry Extract From St. John's Wort (3,5-6,0:1), Extraction Solvent: Ethanol 60% (V/V), Valerianae Extractum Siccum (3 - 6 : 1), Ethanol 70% (V/V)"
7032,"St. John's Wort Dry Extract (3-6:1), Extraction Solvent: Methanol 80% (V/V)"
7033,"Ascorbic Acid, Dequalinium Chloride"
7034,Jasmine Extract
7035,Vinflunine
7036,Pirtobrutinib
7037,Sitagliptin Phosphate Monohydrate
7038,"Fluocinonide, Lidocaine"
7039,"Fluocinonide, Lidocaine Hydrochloride"
7040,Dostarlimab
7041,Aprocitentan
7042,Plantaginis Lanceolatae Folium
7043,Damoctocog Alfa Pegol
7044,"Potassium Iodide, Sodium Iodide"
7045,Iodide
7046,"Levothyroxine Sodium, Potassium Iodide"
7047,Ionone
7048,St. John's Wort Powder
7049,Sigesbeckia Orientalis L. Subsp. Pubescens Aerial Parts
7050,"Sodium Chloride, Calcium Acetate, Magnesium Acetate Tetrahydrate, Potassium Acetate, Sodium Acetate Trihydrate"
7051,"Magnesium Chloride Hexahydrate, Potassium Chloride, Sodium Chloride, Calcium Chloride Dihydrate, Glucose Monohydrate"
7052,"Magnesium Chloride Hexahydrate, Sodium Chloride, Sodium Hydroxide, Calcium Chloride Dihydrate, Glucose Monohydrate, Sodium Acetate Trihydrate, L-Malic Acid"
7053,"Magnesium Chloride Hexahydrate, Potassium Chloride, Sodium Chloride, Calcium Chloride Dihydrate, Glucose Monohydrate, Sodium Acetate Trihydrate, L-Malic Acid"
7054,Josamycin
7055,Josamycin Propionate
7056,Lercanidipine Hydrochloride Amorphous
7057,"Dry Extract From Hamamelis Virginiana Leaf (Der: 2.5-3.5:1), Extraction Solvent: Ethanol 35% V/V, Dry Extract From Viburnum Prunifolium Bark (Der: 8-10:1), Extraction Solvent: Ethanol 30% V/V"
7058,"Dry Extract From Viburnum Prunifolium Bark (1.8-2:1), Extraction Solvent: Ethanol 30% V/V, Liquid Extract Of Hamamelis Leaf (0.8 -1.0:1), Extraction Solvent: Ethanol 45% (V/V)"
7059,"Allantoin, Povidone, Iodinated"
7060,Efinaconazole
7061,"Dry Extract Of Devil's Claw Root (4.4-5.0:1), Extraction Solvent: Ethanol 60% V/V"
7062,Devil's Claw Root Dry Extract (4.4-5.0:1)
7063,"Hepar Sulfuris Dil. D8, Juglans Regia Dil. D8, Kalium Bromatum Dil. D12"
7064,"Rilpivirine, Dolutegravir"
7065,"Berberis Vulgaris E Radice W 10% (Hab, Vs. 12f), Lini Oleum Virginale, Solidago Virgaurea Ex Herba Ferm 33c Dil. D3 (Hab, Vs. 33c), Terebinthina Laricina, Terebinthinae Aetheroleum Rectificatum, Pini Pumilionis Aetheroleum, Castor Oil, Virgin, Cod-Liver O"
7066,Rhus Toxicodendron Trit. D6
7067,"Drosera Rotundifolia D4, Belladonna D6, Cuprum Aceticum D12, Lobaria Pulmonaria D4, Bryonia Cretica D6"
7068,"Atropa Belladonna Dil. D4, Bryonia Dil. D3, Cuprum Aceticum Dil. D12, Drosera Dil. D4, Sticta Dil. D4"
7069,"Retinol Palmitate, Riboflavin Sodium Phosphate, Thiamine Hydrochloride, Ascorbic Acid, Colecalciferol, Dexpanthenol, Nicotinamide, Pyridoxine Hydrochloride, Dl-Alpha Tocopherol Acetate"
7070,Sitagliptin Hydrochloride Monohydrate
7071,Filgotinib
7072,Cod Fish Extract
7073,"Valine, Alanine, Arginine, Histidine, Isoleucine, Leucine, Methionine, Phenylalanine, Proline, Serine, Threonine, Tyrosine, Aspartic Acid, Glutamic Acid, Glycine, Soya-Bean Oil Refined, Tryptophan, Potassium Chloride, Calcium Chloride Dihydrate, Glucose M"
7074,"Valine, Alanine, Arginine, Histidine, Isoleucine, Leucine, Methionine, Phenylalanine, Proline, Serine, Threonine, Tyrosine, Aspartic Acid, Glutamic Acid, Glycine, Tryptophan, Potassium Chloride, Calcium Chloride Dihydrate, Glucose Monohydrate, Lysine Hydr"
7075,"Valine, Alanine, Arginine, Histidine, Isoleucine, Leucine, Methionine, Phenylalanine, Proline, Serine, Threonine, Tyrosine, Aspartic Acid, Glutamic Acid, Glycine, Tryptophan, Potassium Chloride, Calcium Chloride Dihydrate, Glucose, Glucose Monohydrate, Ly"
7076,"Calcium Carbonicum Hahnemanni Trit. D6, Calcium Phosphoricum Trit. D6, Calcium Fluoratum D8"
7077,Trastuzumab Emtansine
7078,"Dry Extract From Agnus Castus Fruit (Der 6-12:1), Extraction Solvent: Ethanol 60% M/M"
7079,"Butizide, Potassium Canrenoate"
7080,"Tezacaftor, Elexacaftor, Ivacaftor"
7081,"Soft Extract From Thyme, (Der 2-4:1), Extraction Solvent: Water, Soft Extract From Iceland Moss, (Der 3-7:1), Extraction Solvent: Water"
7082,Strontium (82sr) Dichloride
7083,Calendula Tincture
7084,"Lopinavir, Ritonavir"
7085,"Ambra Grisea D8, Kalium Phosphoricum D3, Acidum Phosphoricum D4, Ferrum Phosphoricum D10, Strychnos Nux-Vomica D4"
7086,Potassium Permanganate
7087,"Potassium Hydrogen Carbonate, Potassium Citrate, Citric Acid"
7088,"Potassium Hydrogen Carbonate, Potassium Citrate Ph. Eur., Citric Acid"
7089,"Potassium Hydrogen Carbonate, Citric Acid Anhydrous, Potassium Citrate"
7090,"Dipotassium Phosphate, Potassium Dihydrogen Phosphate"
7091,Potassium Ion
7092,Potassium Citrate Monohydrate
7093,Chrome Alum
7094,Dichromium Trisulfate
7095,"Potassium Hydrogen Carbonate, Citric Acid, Potassium Citrate Monohydrate"
7096,Kalium Bichromicum
7097,"Potassium Hydroxide 85%, L-Malic Acid"
7098,"Mercurius Praecipitatus Ruber D10, Asa Foetida D8, Kalmia Latifolia D8"
7099,"Dry Extract From Rhodiola Rosea Root (1,5–5:1), Extraction Solvent: Ethanol 60 % (M/M)"
7100,"Lupuli Flos Pulverata, Dry Extract From Valeriana Officinalis (4:1): Extraction Solvent: Ethanol 45-80% (V/V), Dry Extract From Gentiana Lutea (4:1): Extraction Solvent: Ethanol 50% (V/V)"
7101,"Dry Extract From Valerian Root, Equivalent To 208 Mg - 260 Mg Of Valerian Root, Extraction Solvent: Ethanol 60% V/V"
7102,"Dry Extract Of Valerian Root, Extraction Solvent: Ethanol 60% V/V"
7103,"Lavender Oil, Ep"
7104,Dry Extract From Valerian Root (Equivalent To 1540 Mg – 1925 Mg Of Valerian Root). Extraction Solvent: Ethanol 60% V/V
7105,"Dry Extract From Valerian Root (4-5:1), Equivalent To 1540 Mg - 1925 Mg Of Valerian Root. Extraction Solvent: Ethanol 60% V/V"
7106,"Dry Extract Of Pelargonium Root (Der 4-25:1), Extraction Solvent: Ethanol 11% (M/M)"
7107,"Liquid Extract From Pelargonium Sidoides Root (Der 1:8-10), Extraction Solvent: Ethanol 12% (W/W)"
7108,"Pelargonium Sidoides Root Liquid Extract, Dried"
7109,"Dry Extract From Pelargonium Sidoides Root (6,25-11,11:1), Extraction Solvent: Ethanol 11% (W/W)"
7110,"Extract (1:5,5-5,9) Of Matricaria Flower And Yarrow (2,4:1), Extraction Solvent: Ethanol 96 %, Purified Water, Ammonia Solution 10 %, Macrogolglycerol Hydroxystearate (52,1:50,8:1:0,25)"
7111,"Extract Of Matricaria Flower (1:1.8-2.1), Extraction Solvents: Ethanol 52 % (V/V) : Macrogolglycerolhydroxystearate (99.5 : 0.5)"
7112,"Liquid Extract (1:1) Of Chamomile Flower, Extraction Solvents: Ethanol 96 %, Water And Ammonia Solution 10 % (M/M) (50:47.5:2.5)"
7113,"Chamomile Flower Liquid Extract (Propan-2-Ol 48% V/V), Der Native 1:2,0-2,8"
7114,"Chamomile Flower Liquid Extract (Ethanol 48% V/V), Der Native 1:1,7-2,6"
7115,"Chamomile Oil, Chamomile Flower Extract (1: 4.0-4.5) Extracting Solvent: Ethanol 38.5% (M / M)"
7116,"Chamomile Oil, Dry Extract Of Chamomile Flowers (11-16:1), Extraction Slovent: Ethanol 95.4% (V/V)"
7117,"Extract Of Chamomile Flowers (Chamomilla Recutita (L.) Rauschert) (2,75:1), Extraction Solvent: Ethanol 95.4% (V/V)"
7118,"Liquid Extract From A Mixture (4.7:1) Of Matricaria Capitula And Ray Florets (Der 1:4.0-4.5), Extraction Solvents: Ethanol 96% (V/V), Purified Water, Sodium Acetate Trihydrate, Sodium Ascorbate And Sodium Hydroxide"
7119,"Peppermint Oil, Chamomile Oil, Liquid Extract From A Mixture (4.7:1) Of Matricaria Capitula And Ray Florets (Der 1:4.0-4.5), Extraction Solvents: Ethanol 96% (V/V), Purified Water, Sodium Acetate Trihydrate, Sodium Ascorbate And Sodium Hydroxide"
7120,"Soft Extract Of Matricaria Recutita (2.7-5.5:1), Extraction Agent: Ethanol 95.4% (V/V)"
7121,"Matricaria Liquid Extract, Peppermint Oil, Anise Oil, Chamomile Oil"
7122,Chamomile Flower Extract (1: 4.0-4.5) Extracting Solvent: Ethanol 38.5% (M / M)
7123,"Chamomile Flowers Fe With Ethanol-Water Trometamol, Lidocaine Hydrochloride"
7124,"Ölauszug Aus Hypericum Perforatum, Herba Rec. (4:1) Auszugsmittel: Raffiniertes Erdnussöl, D-Camphor"
7125,"Dry Extract From Andrographis Paniculata: Extraction Solvent: Ethanol 70% V/V, Dry Extract From Eleutherococcus Senticosus: Extraction Solvent: Ethanol 70% V/V"
7126,"Extract Of Echinacea Purpurea Root, Extraction Solvent: Ethanol 55%, Extract Of Justicia Adhatoda Leaf, Extraction Solvent: Water, Extract Of Eleutherococcus Senticosus Root, Extraction Solvent: Ethanol 70%"
7127,"Soft Extract Of Justicia Adhatoda Leaf (3.5-5.0:1), Extraction Solvent: Water, Extract Of Purple Coneflower Root (2.5-7.0:1), Extraction Solvent: Ethanol 55%, Extract Of Eleutherococcus (17 - 30: 1), Extraction Solvent: Ethanol 70%"
7128,Kanamycin Monosulphate
7129,"Hydrocortisone, Kanamycin Monosulphate"
7130,Kanamycin Sulfate
7131,Sebelipase Alfa
7132,"Sodium Hydrogen Carbonate, Kaolin, Light, Morphine Hydrochloride"
7133,"Boric Acid, Peppermint Oil, Methyl Salicylate, Thymol, Heavy Kaolin Bp"
7134,Difelikefalin
7135,"Dimethyl Sulfoxide, Nonivamide, Camphor, Racemic, Benzyl Nicotinate, Turpentine Essential Oil"
7136,"Magnesium Chloride Hexahydrate, Potassium Chloride, Sodium Chloride, Glucose Monohydrate"
7137,Kava-Kava Rhizoma
7138,Cheese Mixture
7139,"Ramipril, Rosuvastatin Calcium"
7140,"Guaifenesin, Ammonium Chloride, Codeine Phosphate Hemihydrate, Thyme Oil"
7141,"Arnica Montana Mother Tincture, Crataegus Mother Tincture, Viscum Album Dil. D1"
7142,"Viola Tricolor Trit. D3, Sulfur Trit. D 6, Thuja Occidentalis D12, Centella Asiatica D4, Graphites D12"
7143,"Adonis Vernalis D4, Convallaria Majalis Dil. D4, Crataegus Mother Tincture, Spigelia Anthelmia Dil. D4"
7144,"Chamomilla Recutita Trit D2, Artemisia Absinthium D3, Gentiana Lutea D3, Juniperus Communis D3"
7145,"Aconitum D6, Eupatorium Perfoliatum Trit. D4, Gelsemium Trit. D6, Ferrum Phosphoricum D8, Baptisia (Hab 34) Dil. D4"
7146,Cat Fur
7147,Piper Methysticum Dil. D4
7148,Sipavibart
7149,"Human Coagulation Factor Ix, Human Coagulation Factor Ii, Human Coagulation Factor X"
7150,"Dry Extract From Fresh Sage Leaf (1:17-18), Extraction Solvent: Ethanol 68% V/V, Dry Extract Of Fresh Echinacea Purpurea Herb (1:12), Extraction Solvent: Ethanol 65% V/V, Dry Extract Of Fresh Echinacea Purpurea Root (1:11), Extraction Solvent: Ethanol 65%"
7151,"Troxerutin, Crataegi Folii Cum Flore Extractum Fluidum, Convallariae Extractum Fluidum"
7152,Dicobalt Edetate
7153,Hyoscyamus Leaves Fe With Ethanol/Ethanol-Water
7154,Hyoscyamus Oil
7155,Procyclidine Hydrochloride Bp
7156,"Neomycin, Nystatin, Triamcinolone Acetonide"
7157,Cangrelor Tetrasodium
7158,Oxybutynin
7159,"Flumetasone Pivalate (Ph. Eur.), Salicylic Acid Ph. Eur."
7160,Finerenone
7161,Ofatumumab
7162,"L-Lysine Acetate, L-Tryptophan, L-Histidine, L-Threonine, L-Tyrosine, Keto-Isoleucine Calcium, Keto-Leucine Calcium, Keto-Valine Calcium, Hydroxi-Methionine Calcium, Alpha-Ketophenylalanine Calcium"
7163,"Sucralfate, Ketoprofen"
7164,"Ketoprofen, Omeprazole"
7165,"L-Lysine Monoacetate, L-Tryptophan, L-Histidine, L-Threonine, L-Tyrosine, Keto-Isoleucine Calcium, Keto-Leucine Calcium, Keto-Valine Calcium, Hydroxi-Methionine Calcium, Alpha-Ketophenylalanine Calcium"
7166,"Ketoconazole, Propolis Liquid Extract (3-4:10)"
7167,"Choline Chloride, Ergocalciferol, Cyanocobalamin, Retinol"
7168,Sarilumab
7169,Pembrolizumab
7170,"Valine, Acetylcysteine, Alanine, Arginine, Histidine, Isoleucine, Leucine, Methionine, Phenylalanine, Proline, Serine, Taurine, Threonine, Tyrosine, Aspartic Acid, Copper Sulfate Pentahydrate, Dipotassium Phosphate, Glutamic Acid, Glycine, Tryptophan, Zin"
7171,"Valine, Acetylcysteine, Alanine, Arginine, Histidine, Isoleucine, Leucine, Methionine, Phenylalanine, Proline, Serine, Taurine, Threonine, Tyrosine, Aspartic Acid, Copper Sulfate Pentahydrate, Glutamic Acid, Glycine, Potassium Dihydrogen Phosphate, Trypto"
7172,"Valine, Acetylcysteine, Alanine, Arginine, Histidine, Isoleucine, Leucine, Methionine, Phenylalanine, Proline, Serine, Taurine, Threonine, Tyrosine, Aspartic Acid, Copper Sulfate Pentahydrate, Glutamic Acid, Glycine, Tryptophan, Zinc Acetate Dihydrate, Gl"
7173,Siliceous Earth
7174,Acidum Silicicum Trit. D4
7175,Vigabatrin
7176,Phloroglucinol Dihydrate
7177,Tebentafusp
7178,"Belladonna D6, Chamomilla D 6, Ferrum Phosphoricum D8, Hepar Sulfuris D12, Pulsatilla Pratensis D6"
7179,"Magnesium Chloratum D6, Colocynthis D 6, Lac Defloratum D6, Chamomilla D 6, Artemisia Cina D6"
7180,"Psychotria Ipecacuanha D6, Gelsemium Sempervirens D6, Aconitum Napellus D6, Bryonia Cretica D6, Phosphorus D12, Eupatorium Perfoliatum D6"
7181,"Bryonia Cretica D3, Euspongia Officinalis D6, Stibium Sulfuratum Aurantiacum D6, Psychotria Ipecacuanha D4, Eucalyptus Globulus D3, Drosera Rotundifolia D3"
7182,"Menthol, Eucalyptus Oil, Turpentine Oil"
7183,"Moxastine Teoclate, Caffeine"
7184,Anakinra
7185,"Hydrochlorothiazide, Quinapril"
7186,Spectinomycin
7187,Lenvatinib
7188,Ribociclib
7189,"Magnesium, Sulfate, Sodium Ion"
7190,Donanemab
7191,"Timolol Maleate, Travoprost"
7192,Sunitinib Cyclamate
7193,"Sepia Officinalis Trit. D4, Strychnos Ignatii Trit. D 4, Stannum Metallicum Trit. D12, Lachesis Trit. D12, Sanguinaria Canadensis Trit. D3, Simarouba Cedron Trit. D4, Sulfur Trit. D4"
7194,"Dry Extract From Cimicifuga Racemosa (L.) Nutt., Rhizoma (Black Cohosh) (5-10:1), Extraction Solvent: Ethanol 58 % (V/V)"
7195,"Lachesis D 12, Sanguinaria Canadensis D3, Sepia Officinalis D4, Simarouba Cedron D4, Stannum Metallicum D12, Strychnos Ignatii D4, Sulfur D4"
7196,"Sanguinaria Canadensis D3, Sepia Officinalis D4, Simarouba Cedron D4, Stannum Metallicum D12, Strychnos Ignatii D4, Sulfur D4, Lachesis Mutus D12"
7197,"Cimicifuga D2, Sepia D2, Sanguinaria Canadensis D6, Strychnos Ignatii D3"
7198,"Sanguinaria Canadensis Trit. D 6, Cimicifuga Racemosa Trit D2, Sepia Officinalis Trit D2, Strychnos Ignatii Trit D3"
7199,"Sanguinaria Canadensis Trit. D2, Cimicifuga Racemosa Trit D2, Sepia Officinalis Trit D2, Strychnos Ignatii Trit D3"
7200,"Cimicifuga Trit. D2, Ignatia Trit. D3, Sanguinaria Trit. D6, Sepia Trit. D2"
7201,"Cimicifuga Racemosa D4, Lachesis D 12, Sanguinaria Canadensis D4"
7202,"Cimicifuga Racemosa D4, Sanguinaria Canadensis D6, Lachesis Mutus D12"
7203,"Cimicifuga Racemosa Dil. D4, Lachesis Dil. D12, Sanguinaria Canadensis Dil. D4"
7204,"Drospirenone, Estradiol Hemihydrate"
7205,"Miconazole Nitrate, Metronidazole"
7206,"Amlodipine Besilate, Nebivolol Hydrochloride"
7207,Tirbanibulin
7208,"Potassium Hydrogen Carbonate, Betaine Hydrochloride"
7209,Fluid Extract From Ribwort Herbal (1: 1)
7210,Justicia Adhatoda Dil. D2
7211,Justicia Adhatoda Trit. D2
7212,"Camphor, Racemic, Ethanol"
7213,"Levomenthol, D-Camphor"
7214,"Levomenthol, Ethanol (96 Per Cent)"
7215,"Melissa Leaf Dry Extract (3 - 7 : 1), Extraction Solvent: Ethanol 30 % (M/M), Valerianae Extractum Siccum (3 - 6 : 1), Ethanol 70% (V/V), Trockenextrakt Aus Passionsblumenkraut 5-7:1, Auszugsmittel Ethanol 60 % (V/V)"
7216,"Amitriptyline Hydrochloride, Chlordiazepoxide"
7217,"Docusate Sodium, Sorbitol 70%, Liquid (Crystallising)"
7218,"Öliger Auszug Aus Arnikablüten (1:3,5 - 4,5) (Auszugsmittel: Raffiniertes Sonnenblumenöl, Enthält Antioxidantien (Tocopherole))"
7219,"D-Camphor, Eucalyptus Oil"
7220,"Extract From Fresh Garlic Bulbs (2-3:1), Extraction Solvent: Refined Rapeseed Oil, Extract From Mistletoe (2-3: 1), Extraction Solvent: Refined Rapeseed Oil, Extract From Hawthorn Berries (0,51-0,62:1), Extraction Solvent: Refined Rapeseed Oil"
7221,Cobalt(Ii) Chloride
7222,"Propyphenazone, Salicylamide, Caffeine, Codeine Phosphate Hemihydrate, Magnesium Oxide"
7223,"Isopropyl Alcohol, Orthophenylphenol, Propanol"
7224,"Isopropyl Alcohol, Orthophenylphenol, 1-Propanol"
7225,"Acetylsalicylic Acid, Codeine Phosphate Hemihydrate, Magnesium Oxide"
7226,Cocamide Diethanolamine
7227,"Dicycloverine Hydrochloride, Simeticone, Magnesium Oxide, Light, Aluminium Hydroxide"
7228,"Colchicine, Lactose."
7229,"Citrullus Colocynthis D3, Coffea Arabica D10, Cuprum Sulfuricum D3, Delphinium Staphisagria D4, Atropinum Sulfuricum D3, Berberis Vulgaris D4, Amanita Muscaria D4, Magnesium Phosphoricum D10, Strychnos Nux-Vomica D6"
7230,"Chamomilla Dil. D2, Cuprum Arsenicosum Dil. D8, Magnesium Phosphoricum Dil. D10"
7231,"Ammonium Carbonicum D2, Camphora D3, Carbo Vegetabilis D30, Nicotiana Tabacum D6"
7232,Colocynth Fruit Extract (1:10-13)
7233,Carbon
7234,"Vitamin D, Calcium Carbonate"
7235,"Olive Oil, Refined, Soya-Bean Oil Refined, Triglycerides, Medium Chain, Fish Oil, Rich In Omega-3-Acids"
7236,"Metformin Hydrochloride, Saxagliptin"
7237,Carbaldrate
7238,"Dimeticone, Dihydroxyaluminum Sodium Carbonate"
7239,"Aminocaproic Acid, Glycerol, Disodium Phosphate Dihydrate, Sodium Dihydrogen Phosphate Dihydrate, Water For Injection, Phenol, Human Serum Albumin"
7240,"Gelsemium Sempervirens Dil. D4, Cyclamen Purpurascens Dil. D 3, Nitroglycerinum Dil D5, Paris Quadrifolia Dil. D2, Melilotus Officinalis Dil. D3"
7241,"Gelsemium Sempervirens Dil. D4, Cyclamen Purpurascens Dil. D 3, Nitroglycerinum Dil D5, Paris Quadrifolia D2, Melilotus Officinalis Dil. D3"
7242,"Hepar Sulfuris D12, Kalium Carbonicum D12, Gelsemium Sempervirens D12, Iris Versicolor D15"
7243,"Cyclamen Dil. D3, Sanguinaria Canadensis D7, Gelsemium Dil. D4, Cocculus Dil.D4, Spigelia Dil. D4"
7244,"Atropa Bella-Donna D4, Spigelia Anthelmia D6, Strychnos Nux-Vomica D6, Luffa Operculata D6"
7245,Nikethamide
7246,"Dry Extract From Red Ginseng (2–4.5:1), Extraction Solvent: Ethanol 60% (V/V)"
7247,Catumaxomab
7248,"D-Camphor, Hawthorn Berries Liquid Extract (Ethanol 93% V/V), Der Native 1:1,3 - 1,5"
7249,"Camphora D2, Crataegus Mother Tincture"
7250,"Extract From Calendula Flower (Der 13-17:1), Extraction Solvent: Carbon Dioxide"
7251,D-Camphor
7252,Angelica Archangelica Root
7253,"Cyclamen Purpurascens Trit. D 3, Cimicifuga Racemosa Trit D2, Gelsemium Sempervirens Trit. D2, Iris Versicolor Trit. D2, Spigelia Anthelmia Trit. D2"
7254,Selumetinib
7255,Lactose Monohydrate Ph. Eur
7256,"Lactose Monohydrate, Lactose Monohydrate Ph. Eur"
7257,Zapomeran
7258,Matricaria Recutita L. Flos
7259,Aloin
7260,Adagrasib
7261,"Arnica Montana D6, Viscum Album D6, Naja Naja D10, Camphora D10"
7262,"Arnica Montana Dil. D6, Camphora D3, Crataegus Mother Tincture"
7263,"Crataegus Dil. D4, Cactus Dil. D4, Camphora Dil. D2, Tabacum Dil. D4"
7264,"Stannum Metallicum D8, Silicea D8, Terebinthina D3, Kreosotum D3, Chelidonium Majus D3"
7265,"Peppermint Tincture (1:19.7-21), Extraction Solvent: Ethanol 90% (V/V)"
7266,"Valerian Root Tincture (1:4-5), Extraction Solvent: Ethanol 70% V/V, Convallaria Majalis Tincture (1:7-9), Extraction Solvent: Ethanol 70% (V/V), Hawthorn Tincture (1:2.4-5), Extraction Solvent: Ethanol 60% V/V"
7267,"Hyperici Herbae Tinctura (1:5), Tinctura Amara, Valerianae Tinctura (1:5), Tincture From Peppermint Leaf 1:20"
7268,"Tincture From Peppermint Leaves (1:20), Extraction Solvent: Ethanol 90% (V/V), Essential Oil Of Peppermint"
7269,"Valerian Tincture, Convallariae Tinctura Titrata, Crataegi Folii Cum Flore Tinctura"
7270,"Extractum Compositum (1:2) Ex: Valerianae Radice, Angelicae Radice, Melissae Herba, Lupuli Flore, Lavandulae Flore"
7271,"Valerian Root Tincture (1:4-5), Extraction Solvent: Ethanol 70% V/V"
7272,"Hyperici Intractum (1:1), Valerian Tincture (1:4,0-4,5), Menthae Piperitae Tinctura, Tinctura Amara"
7273,"Valerian Tincture, Peppermint Tincture (1:19.7-21), Extraction Solvent: Ethanol 90% (V/V), Tincture Of Gentian Root,bogbean Leaf, Bitter-Orange Epicarp And Mesocarp (1:4-5), Extraction Solvent: Ethanol 70% (V/V), Extract Of St. John's Wort (1: 1). Extract"
7274,"Hyperici Intractum (1:1), Valerian Tincture, Menthae Piperitae Tinctura, Tinctura Amara"
7275,"Tincture Of Valerian Root (1:5), Extraction Liquid: Ethanol 70 V/V, Tincture From Peppermint Leaves (1:20), Extraction Solvent: Ethanol 90% (V/V), Tincture Of St. John's Wort (1:4.47), Extraction Solvent: Ethanol 70%, Tinture (1:5) Of Gentian Root, Bogbea"
7276,"Tincture From Valerian Root (1:5), Extraction Solvent: Ethanol 70% (V/V), Hyperici Herbae Tinctura (1:5), Menthae Piperitae Tinctura, Tinctura Amara"
7277,"Papaverine Hydrochloride, Hyperici Herbae Tinctura (1:5), Tinctura Amara, Valerianae Tinctura (1:5), Tincture From Peppermint Leaf 1:20"
7278,Nilotinib
7279,Nilotinib Hydrochloride Dihydrate
7280,Gonadorelin Acetate
7281,Krypton (81mkr)
7282,"Xylometazoline Hydrochloride, Ipratropium Bromide"
7283,Milk
7284,Cow Milk Extract
7285,Caraway Fruit
7286,Carum Carvi
7287,"Absinthium Tincture, Belladonna Tincture, Valerian Tincture, Menthae Piperitae Tinctura"
7288,"Belladonna Tincture, Valerian Tincture, Tincture From Wormwood Herb 1:5, Tincture From Peppermint Leaf 1:20"
7289,Cuprum Oxydulatum Rubrum
7290,Copper Sulfate Pentahydrate
7291,"Sodium Ion, Chloride Ion, Hydrogen Carbonate"
7292,Pumpkin Seed
7293,"Pumpkin Seed, Crushed"
7294,"Quetiapine, Quetiapine Fumarate"
7295,"Ammonium Chloride, Quillaia Extract"
7296,Crataegi Inflorescentia
7297,"Insulin Icodec, Semaglutide"
7298,Tisagenlecleucel
7299,Minocycline Hydrochloride
7300,Brodalumab
7301,"Dry Extract From Allium Sativum Bulb (Der: 3-4:1), Extraction Solvent: Ethanol 34% (V/V)"
7302,Carfilzomib
7303,"Dry Extract From Passion Flower (4-7:1), Extraction Solvent: Ethanol 50% V/V, Valerian Root Dry Extract (3-6:1), Ethanol 70 %(V/V), Dry Extract From Hop Strobile (4–8:1), Extraction Solvent: Ethanol 40 % (V/V)"
7304,"Gelsemium D 6, Polygala D4, China Rubra D 4, Belladonna D4, Eupatorium Perfoliatum D4, Bryonia D4, Arnica Montana D4, Drosera D4, Aconitum Napellus D6, Eucalyptus Globulus D1"
7305,Tramadol
7306,"Belladonna D3, China Rubra D3, Arsenicum Album D6, Matricaria Recutita D9, Psychotria Ipecacuanha D4, Citrullus Colocynthis D4, Hydrargyrum Bichloratum D6, Strychnos Nux-Vomica D4"
7307,"Colocynthis D 4, Belladonna D3, Ipeca D 4, China Rubra D3, Arsenicum Album D6, Chamaemelum Nobile D9, Hydrargyrum Bichloratum D6, Strychnos Nux-Vomica D4"
7308,"Colocynthis D 4, Belladonna D3, Ipeca D 4, China Rubra D3, Arsenicum Album D6, Matricaria Recutita D9, Hydrargyrum Bichloratum D6, Strychnos Nux-Vomica D4"
7309,"Colocynthis D 4, Belladonna D3, Ipeca D 4, China Rubra D3, Matricaria Recutita D9, Acidum Arsenicosum D6, Hydrargyrum Bichloratum D6, Strychnos Nux-Vomica D4"
7310,"Nux Vomica D3, Peumus Boldus D1, Veronicastrum Virginicum D6, Mucuna Pruriens D6, Chelidonium Majus D2, Lycopodium Clavatum D3, Podophyllum Peltatum D4, Silybum Marianum D3"
7311,"Hydrastis Canadensis D4, Adrenalinum D6, Cinchona Pubescens D5, Calcarea Hypophosphorosa D3, Aloe D3, Packera Aurea D10, Gossypium D6, Chamomilla D2, Cimicifuga Racemosa D3, Magnesium Chloratum D3, Secale Cornutum D4, Cuprum Sulfuricum D5, Viscum Album D2"
7312,"Hydrastis Canadensis D4, Adrenalinum D6, China Rubra D 4, Trillium Pendulum D6, Secale Cornutum D4, Vinca Minor D3, Silybum Marianum Mother Tincture, Hamamelis Virginiana Mother Tincture"
7313,"Hydrastis Canadensis D4, Carduus Marianus Ø, Adrenalinum D6, China Rubra D 4, Trillium Pendulum D6, Secale Cornutum D4, Vinca Minor D3, Hamamelis Virginiana Mother Tincture"
7314,"Belladonna D3, Senega D2, China Rubra D3, Arnica Montana D3, Eupatorium Perfoliatum D3, Bryonia D3, Aconitum Napellus D3, Gelsemium Sempervirens D6, Drosera D2, Eucalyptus Globulus Mother Tincture"
7315,"Gelsemium D 6, Belladonna D3, Senega D2, China Rubra D3, Arnica Montana D3, Eupatorium Perfoliatum D3, Bryonia D3, Aconitum Napellus D3, Drosera D2, Eucalyptus Globulus Mother Tincture"
7316,"Ignatia Amara D 6, Corydalis Formosa D3, Cicuta Virosa D8, Gaultheriae Aetheroleum D4, Sumbulus Moschatus D3, Staphisagria D4, Hyoscyamus Niger D6, Asa Foetida D3, Avena Sativa Mother Tincture, Valeriana Officinalis Dil. D3"
7317,"Sumbul D6, Avena Sativa Tm, Nux Vomica D3, Cicuta Virosa D6, Hyoscyamus Niger D1, Valeriana Officinalis D2, Delphinium Staphisagria D4, Matricaria Recutita D3, Strychnos Ignatii D3, Asa Foetida D6"
7318,"Sumbul D6, Ignatia Amara D3, Avena Sativa Tm, Nux Vomica D3, Cicuta Virosa D6, Hyoscyamus Niger D1, Valeriana Officinalis D2, Delphinium Staphisagria D4, Matricaria Recutita D3, Asa Foetida D6"
7319,"Methane, Carbon Monoxide"
7320,"Apis Mellifica C15, Rhus Toxicodendron C15, Lytta Vesicatoria C15, Daphne Mezereum C15"
7321,Pefloxacin Mesilate
7322,"Atropa Belladonna Ex Herba Ferm 33a Dil. D3 (Hab, Vs. 33a), Lachesis Dil. D11 Aquos. (Hab, Vs. 5b), Hepar Sulfuris Dil. D7, Mercurialis Perennis Ferm 34c Dil. D5"
7323,"Nitroglycerinum D8, Bryonia D4, Kalium Carbonicum D6, Lachesis D10, Selenicereus Grandiflorus D3"
7324,"Lachesis D20, Lachesis Dil. D30, Lachesis Dil. D6, Lachesis Dil. D12"
7325,"Lachesis Dil. D200, Lachesis Dil. D30, Lachesis Dil. D1000, Lachesis Dil. D12"
7326,"Lactobacillus Helveticus, Lactic Acid Bacteria: Lactobacillus Rhamnosus + Lactobacillus Helveticus"
7327,"Lactobacillus Helveticus, Lactobacillus Rhamnosus"
7328,"Nitroglycerinum Dil. D4, Valeriana Officinalis Ø, Avena Sativa Mother Tincture, Passiflora Incarnata Mother Tincture"
7329,Carbomer 980
7330,"Paraffin White Soft, Liquid Paraffin"
7331,"Benzalkonium Chloride, Methylcellulose"
7332,"Benzalkonium Chloride, Carbomer"
7333,"Benzalkonium Chloride, Hypromellose"
7334,"Dexamethasone, Oxytetracycline"
7335,Tilactase
7336,"Fermented Culture Medium (Neutralized), Lactobacillus Lb Inactivated"
7337,Lactobacillus Acidophilus (Inactivated)
7338,Lactobacillus Lb
7339,Lactobacillus Lb Inactivated
7340,Gaxilose
7341,Lactobacillus Rhamnosus 573 Rods
7342,Lactulose Crystalline
7343,"Fentanyl, Isopropyl Alcohol, Dimeticone 350, Heptane, Scotchpak 1022, Pigmented Scotchpack 9733 (Pet/Eva), Bio-Psa 7-4301 Silicone Adhesive, Cotran 9716 Membrane"
7344,Molnupiravir
7345,Silymarin
7346,Hypericum Extract
7347,"Disodium Phosphate, Anhydrous, Sodium Dihydrogen Phosphate"
7348,Dried Yeast From Saccharomyces Cerevisiae
7349,"Paracetamol, Caffeine, Opium Extracts"
7350,"Paracetamol, Caffeine, Opium, Prepared"
7351,"Fasciculus Opticus Bovis Dil. D10, Lamina Quadrigemina Bovis Dil. D10, Retina Et Chorioidea Bovis Dil. D10"
7352,Nifurtimox
7353,Clofazimine
7354,Velmanase Alfa
7355,"Liquid Extract Of Ribwort Plantain Leaf (1:1-2), Extraction Solvent: Ethanol 30% V/V"
7356,Plantaginis Lanceolatae Folium Extractum Fluidum
7357,Landiolol Hydrochloride
7358,Metildigoxin
7359,Lanreotide Acetate
7360,"Haemophilus Influenzae Type B (Hib), Klebsiella Pneumoniae, Staphylococcus Aureus, Streptococcus Pneumoniae, Streptococcus Pyogenes, Group A, Antigenic Extract, Moraxella Catarrhalis"
7361,"Haemophilus Influenzae Type B (Hib), Klebsiella Pneumoniae, Staphylococcus Aureus, Streptococcus Pneumoniae, Streptococcus Pyogenes, Moraxella Catarrhalis"
7362,"Haemophilus Influenzae Type B (Hib), Klebsiella Pneumoniae, Staphylococcus Aureus, Streptococcus Pyogenes, Group A, Antigenic Extract, Pneumococcal Polysaccharide Serotype 3, Moraxella Catarrhalis"
7363,Tioguanine
7364,Lapatinib Ditosilate Monohydrate
7365,Ketoprofen Bp
7366,Mefloquine Hydrochloride
7367,Ribonucleic Acid
7368,Octenidine Dihydrochloride
7369,"Levisticum Officinale E Radice Ferm 33c Dil. D5 (Hab, Vs. 33c), Larynx Bovis Gl Dil. D5 (Hab, Vs. 41b), Nervus Laryngeus Recurrens Bovis Gl Dil. D5 (Hab, Vs. 41a), Nervus Laryngeus Superior Bovis Gl Dil. D5 (Hab, Vs. 41a), Nervus Vagus Bovis Gl Dil. D5 (H"
7370,"Arum Maculatum D12, Argentum Nitricum D12, Calcium Carbonicum Hahnemanni D30, Arnica Montana D30, Phosphorus D30"
7371,"Apis Mellifica Ex Animale Toto Gl Dil. D16 (Hab, Vs. 41c), Bryonia Cretica Ferm 33b Dil. D14, Larynx Bovis Gl Dil. D16 (Hab, Vs. 41b), Levisticum Officinale E Radice Ferm 33c Dil. D14 (Hab, Vs. 33c), Nervus Laryngeus Recurrens Bovis Gl Dil. D16 (Hab, Vs."
7372,"Zinc Oxide, Salicylic Acid"
7373,"Azelastine, Fluticasone"
7374,"Bacillus Cereus E Volumine Cellulae (Lyophil., Steril.) D6"
7375,"Erythromycin Stearate, Fluocinolone Acetonide"
7376,"Lavandulae Aetheroleum 10% (Hab, Vs. 12h Mit Nativem Olivenöl)"
7377,Lavandula Angustifolia P. Mill.
7378,Lavandulae Aetheroleum 10 %
7379,Sodium Picosulfate Anhydrous
7380,Senna Leaf Dry Extract
7381,"Sennae Folium, Senna Pods"
7382,"Dry Extract Of Senna Pods (5.6-6.8:1), Adjusted To 12.5 Mg Of Hydroxyanthracene Glycosides, Expressed As Sennoside B, Extraction Solvent: Methanol 80% (M/M)"
7383,"Docusate Sodium, Glycerol"
7384,"Sodium Citrate, Sodium Lauryl Sulfoacetate"
7385,"Drospirenone, Ethinylestradiol Betadex Clathrate"
7386,Lazertinib Mesilate Monohydrate
7387,"Menthae Piperitae Folium, Extract Of Iberis Amara (1 : 1.5 - 2.5), Extracting Agent: Ethanol 50 % (V/V), Liquid Extract Of Caraway Fruit (1 : 2.5 - 3.5), Extracting Agent: Ethanol 30 % (V/V), Liquid Extract Of Matricaria Flower (1 : 2 - 4), Extracting Age"
7388,"Chelidonium Majus D6, Silybum Marianum D6, Atropa Bella-Donna D6"
7389,"Berberis Vulgaris Dil. D2, Chelidonium Majus Dil. D4, Veronicastrum Virginicum Dil. D2, Cholesterolum D4, Quassia Amara D4, Taraxacum Dil. D2, Carduus Marianus Dil. D1, Bryonia Dil. D3, Citrullus Colocynthis Dil. D4, Lycopodium Dil. D6"
7390,"Distillate (1 : 12) From Peppermint Leaf, Aniseed, Lavender Flower, Bitter Fennel Fruit, Sage Leaf, Wormwood, Centaury, Elecampane Rhizome (8,33 : 5 : 5 : 3,33 : 1,67 : 1,67 : 1,67 : 1), Distillation Agent: Ethanol 34 % (V/V)"
7391,"Disodium Phosphate, Anhydrous, Sodium Hydrogen Carbonate, Magnesium Sulfate, Sodium Sulfate Anhydrous"
7392,"Disodium Phosphate, Anhydrous, Sodium Hydrogen Carbonate, Sodium Sulfate Anhydrous, Magnesium Sulphate Anhydrous"
7393,Cod-Liver Oil
7394,"Sodium Hydrogen Carbonate, Sodium Dihydrogen Phosphate"
7395,"Entacapone, Levodopa, Carbidopa Monohydrate"
7396,Chlormethine
7397,"Demeclocycline Hydrochloride, Triamcinolone Acetonide"
7398,"Acidum Formicicum Dil. D 4, Filipendula Ulmaria Dil. D 6, Gnaphalium Polycephalum (Hab 34) Dil. D 3, Ledum Palustre Dil. D 3, Rhododendron Ferrugineum (Hab 34) Dil. D4, Sulfur Dil. D 8, Solanum Dulcamara D6, Ferrum Phosphoricum Dil. D8, Bryonia Dil. D4, B"
7399,"Simeticone, Pancreas Powder"
7400,"Bärlauchblätter-Pulver, Mistelkraut-Pulver, Weißdornblätter-Pulver, Weißdornblüten-Pulver"
7401,"Bärlauchblätter-Pulver, Mistelkraut-Pulver, Weißdornfrüchte-Pulver, Weißdornblüten-Pulver"
7402,"Dry Extract From Milk Thistle (36-44:1) Corresponding To 108 Mg Of Silymarin (Hplc) Or 140 Mg Silymarin (Dnph), Expressed As Silibinin, Extraction Solvent: Ethyl Acetate 98% (V/V)"
7403,"Dry Extract From Milk Thistle Fruit (36-44:1), Corresponding To 70 Mg Of Sylimarin, Calculated As Sylibin, Extraction Solvent: Ethyl Acetate > 96.7%"
7404,"Dry Extract From Milk Thistle Fruit (Der 36-44:1) Equivalent To 75.0-80.9% Silymarin (Dnph) And 58.0-62.5% (Hplc), Expressed As Silibinin, Extraction Solvent: Ethyl Acetate"
7405,"Dry Extract Of Milk Thistle Fruit (36-44:1) Equivalent To 104 Mg Silymarin, Calculated As Silibinin, Extraction Solvent: Ethyl Acetate"
7406,"Dry Extract Of Milk Thistle Fruit (36-44:1), Equivalent To 70 Mg Of Silymarin (Dnph) Or 54 Mg Of Silymarin (Hplc), Expressed As Silybinin, Extraction Solvent: Ethyl Acetate"
7407,"Refined And Standardized Dry Extract Of Milk Thistle Fruit (36-44:1), Extraction Solvent: Ethyl Acetate"
7408,"Dry Extract Of Milk Thistle Fruit (36-44:1) Equivalent To 54.1 Mg Silymarin, Calculated As Silibinin, Extraction Solvent: Ethyl Acetate 98% (V/V)"
7409,Silibinin
7410,Silibinin Dihemisuccinate Disodium
7411,"Dry Extract (4.2-5.6:1) Of Cascara 57-108 Mg, Corresponding To 20 Mg Of Hydroxyanthracene Derivatives, Calculated As Cascaroside A, Extraction Solvent: Ethanol 52% M/M"
7412,"Liquid Extract (1:1.0-1.2) Of Cascara 500 Mg, Corresponding To 20 Mg Of Hydroxyanthracene Glycosides, Calculated As Cascaroside A, Extraction Solvent: Ethanol 30% M/M"
7413,"Iron Protein Succinylate, Calcium Folinate Hydrate"
7414,Linseed
7415,"Prednisolone Sesquihydrate, Hydroxyquinoline Sulfate"
7416,"Tyrothricin, Cetrimonium Bromide, Lidocaine"
7417,Methylprednisolone
7418,Melissa Leaf Dry Extract
7419,Melissa Officinalis Dry Extract
7420,Lemon Grass Oil
7421,"Guaifenesin, Paracetamol, Anhydrous Caffeine"
7422,"Honey, Syrup Bp, Lemon Oil Terpeneless, Citric Acid Monohydrate"
7423,"Phenylephrine Hydrochloride, Ibuprofen Bp"
7424,"Guaifenesin, Paracetamol"
7425,"Phenylephrine Hydrochloride, Paracetamol, Anhydrous Caffeine"
7426,"Phenylephrine Hydrochloride Ph. Eur., Paracetamol Ph. Eur."
7427,Alemtuzumab
7428,Lenacapavir
7429,"Algeldrate, Aluminium Diacetate Hydroxide"
7430,"Equisetum Arvense Ex Herba Ferm 35b Dil. D14 (Hab, Vs. 35b), Formica Rufa Ex Animale Toto Gl Dil. D6 (Hab, Vs. 41c), Lens Cristallina Bovis Gl Dil. D7 (Hab, Vs. 41b), Stannum Metallicum Dil. D5, Viscum Album (Mali) E Planta Tota Ferm 34i Dil. D5 (Hab, Vs."
7431,"Equisetum Arvense Ex Herba Ferm 35b Dil. D14 (Hab, Vs. 35b), Formica Rufa Ex Animale Toto Gl Dil. D6 (Hab, Vs. 41c), Lens Cristallina Bovis Gl Dil. D7 (Hab, Vs. 41b), Stannum Metallicum Dil. D9, Viscum Album (Mali) E Planta Tota Ferm 34i Dil. D5 (Hab, Vs."
7432,"Benzylpenicillin Procaine, Benzathine Benzylpenicillin, Benzylpenicillin Potassium"
7433,"Ephedrine Hydrochloride, Ethylmorphine Hydrochloride"
7434,Orthosiphon Stamineus
7435,"Picrasma Excelsa, Quassia Amara Dil. D 3, Acidum Arsenicosum Dil. D 4, Carbo Vegetabilis Dil. D 10, Veronicastrum Virginicum Dil. D2, Podophyllum Peltatum Dil. D3, Niccolum Metallicum Dil. D10, Phosphorus Dil. D6"
7436,"Picrasma Excelsa, Quassia Amara Dil. D 3, Carbo Vegetabilis Dil. D 10, Veronicastrum Virginicum Dil. D2, Podophyllum Peltatum Dil. D3, Niccolum Metallicum Dil. D10, Phosphorus Dil. D6, Acidum Arsenicosum Dil. D3"
7437,Tropatepine
7438,Tropatepine Hydrochloride
7439,Lecanemab
7440,Inclisiran
7441,Lercanidipine
7442,Lercanidipine Hydrochloride Hemihydrate
7443,"Promethazine Hydrochloride, Caffeine, Ephedrine Sulfate"
7444,"Arundo Donax D2, Histamine D6, Arsenum Iodatum D6, Sabadilla D6, Allium Cepa D6, Euphrasia Officinalis D2"
7445,"Levothyroxine Sodium, Hydrate"
7446,Framycetin Sulfate
7447,"Framycetin Sulfate, Lidocaine Hydrochloride"
7448,"Framycetin Sulfate, Lidocaine Hydrochloride Monohydrate"
7449,"Butylhydroxytoluene, Cod-Liver Oil, Sodium Bituminosulfonate Light"
7450,Levothyroxine
7451,Insulin Detemir
7452,Levico Dil. D1
7453,"Hypericum Perforatum Ex Herba Ferm 33c Dil. D2 (Hab, Vs. 33c), Levico Forte Aquos. Dil. D2 (Hab, Vs. 5b), Prunus Spinosa E Floribus Et Summitatibus Ferm Cum Ferro Dil. D2 (Hab, Vs. 37a)"
7454,"Hypericum Perforatum Ex Herba Ferm 33c Dil. D2 (Hab, Vs. 33c), Levico Forte Aquos. Dil. D2 (Hab, Vs. 5b), Prunus Spinosa E Floribus Et Summitatibus Ferm Cum Ferro Dil. D3 (Hab, Vs. 37a)"
7455,Levico Dil. D3 Aquos.
7456,"Chlorphenamine Maleate, Paracetamol, Sodium Ascorbate"
7457,"Levisticum Officinale E Radice Ferm 33c Dil. D3 (Hab, Vs. 33c)"
7458,"Levisticum Officinale E Radice W 5% (Hab, Vs. 12g Mit Nativem Olivenöl)"
7459,"Levisticum Officinale Rh Dil. D3, Levisticum Officinale Rh Dil. D6"
7460,"Benserazide Hydrochloride, Levodopa"
7461,"Benserazide, Levodopa"
7462,Levobupivacaine
7463,Levobupivacaine Hydrochloride
7464,Levocabastine Hydrochloride
7465,Levocetirizine
7466,Levocetirizine Hydrochloride
7467,"Levofloxacin Hemihydrate, Hydrochloric Acid 1n"
7468,Levoleucovorin Disodium
7469,Levomepromazine Maleate
7470,Levomepromazine Hydrochloride
7471,Levomepromazine
7472,"Ethinylestradiol, Levonorgestrel, Lactose."
7473,"Bromazepam, Propantheline Bromide"
7474,"Bacitracin, Neomycin Sulfate, Polymyxin B Sulfate"
7475,Lipidosterolic Extract Of Serenoa Repens
7476,Prenoxdiazin Hydrochloride
7477,Atidarsagene Autotemcel
7478,"Acidum Picrinicum Trit. D6, Strychninum Phosphoricum Trit. D4, Yohimbinum Hydrochloricum Trit. D4, Turnera Diffusa Trit. D2"
7479,"Strychninum Phosphoricum Dil. D4, Acidum Picrinicum Dil. D6, Turnera Diffusa Dil. D2, Yohimbinum Hydrochloricum Dil. D4"
7480,Cemiplimab
7481,"Sulfametrole, Trimethoprim"
7482,"Lidocaine Hydrochloride Monohydrate, Epinephrine"
7483,Fluocinonide
7484,"Epinephrine Bitartrate, Lidocaine Hydrochloride Monohydrate"
7485,"Fluorescein Sodium, Lidocaine Hydrochloride"
7486,"Cetrimide, Lidocaine"
7487,"Lidocaine Hydrochloride Pheur, Fluorescein Sodium Ph. Eur"
7488,Anhydrous Lidocaine Hydrochloride
7489,"Lidocaine Hydrochloride Monohydrate, Lidocaine Hydrochloride"
7490,"Propyl Parahydroxybenzoate, Lidocaine Hydrochloride"
7491,Lidocaine Hydrochloride Bp
7492,"Lidocaine Hydrochloride Monohydrate, Phenylephrine Hydrochloride"
7493,"Norepinephrine, Lidocaine Hydrochloride"
7494,"Cichorium Intybus E Planta Tota Ferm 33c Dil. D14 (Hab, Vs. 33c), Equisetum Arvense Ex Herba Ferm 35b Dil. D14 (Hab, Vs. 35b), Lien Bovis Gl Dil. D5 (Hab, Vs. 41a), Mesenchym Bovis Gl Dil. D5 (Hab, Vs. 41b), Renes Bovis Gl Dil. D5 (Hab, Vs. 41a)"
7495,"Lien Bovis Gl Dil. D5 (Hab, Vs. 41a), Plumbum Metallicum Dil. D29 Aquos."
7496,Hederae Helicis Folium
7497,"Lidocaine Hydrochloride Monohydrate, Noradrenaline Tartrate"
7498,Lycopodium
7499,Lithium Citrate Tetrahydrate
7500,"Apis Mellifica Dil. D4, Palladium D12, Lilium Lancifolium Dil. D4, Aurum Iodatum D12, Chamaelirium Luteum D4, Platinum Metallicum D12, Vespa Crabro D4, Ammonium Bromatum Dil. D4, Viburnum Opulus Dil. D2, Melilotus Officinalis Dil. D3"
7501,Alizapride Hydrochloride
7502,"Metformin, Linagliptin"
7503,Lincomycin Hydrochloride
7504,"Aesculus Hippocastanum Dil. D3, Collinsonia Canadensis Dil D 3, Hamamelis Virginiana Dil. D 2, Lycopodium Clavatum D5, Sulfur Dil. D5"
7505,"Arnica Extract, Bornyl Acetate, Alpha Pinene"
7506,"Rhamnus Frangula L. Cortex, Cassia Angustifolia Vahl. (Polvo De Hojas)"
7507,"Enterococcus Faecium, Lactobacillus Acidophilus, Bifidobacterium Infantis"
7508,"Bifidobacterium Animalis, Subsp. Lactis, Strain Bb-12, Live"
7509,"Lactobacillus Acidophilus, Bifidobacterium"
7510,Bifidobacterium
7511,"Castor Oil, Perú Balsam, Soluble Fraction"
7512,"Rhamnus Frangula L. Cortex, Cassia Senna L. Folium, Linum Usitatissimum L. Semen"
7513,Unsaturated Fatty Acids (C18 : 2)
7514,"Heparin Sodium, Levomenol"
7515,"Liquid Paraffin, Dodecyl-Omega-Hydroxypoly(Oxyethylene)-2, Alpha (Dodecyl, Tetradecyl)-Omega- Hydroxypoly (Oxyethylene)-4,5-Poly(Oxypropylene)-5, (Hexadecyl, Octadecyl)-2-Ethyl Hexanoate-Isopropyl-Myristate"
7516,"Estradiol Hemihydrate, Prednisolone Sesquihydrate"
7517,Lini Oleum Virginale 3:1
7518,"Linseed, Rhamnus Frangula Cortex, Sennae Folium, Sennoside B"
7519,Ascorbic Acid Bp
7520,Meglumine Indometacin
7521,"Passiflora Herb Fluid Extract (Der 1:1, Extraction Medium Ethanol 70% V/V)"
7522,"Passion Flower Dry Extract (5 –7: 1), Extraction Solvent: Methanol 60 % (V/V)"
7523,Passionflower Dry Extract (Der: 5 - 7 : 1)
7524,"Heparin Sodium, Zinc Sulphate"
7525,"Heparin Sodium, Zinc Sulphate Heptahydrate"
7526,"Amlodipine Besilate, Perindopril Arginine, Atorvastatin Calcium Trihydrate"
7527,"Omega-3-Acid Triglycerides, Soya-Bean Oil Refined, Triglycerides, Medium Chain"
7528,"Soya-Bean Oil Refined, Triglycerides, Medium Chain"
7529,"Doconexent, Icosapent, Fish Oil, Rich In Omega-3-Acids"
7530,Paraffin White Soft Ph. Eur.
7531,"Silybi Mariani Fructus Extractum, Der 20 - 34 : 1, Cynarae Herbae Extractum, Der 3 - 7 : 1"
7532,"Valine, Alanine, Arginine, Isoleucine, Leucine, Methionine, Phenylalanine, Proline, Serine, Threonine, Aspartic Acid, Glutamic Acid, Glycine, Histidine Hydrochloride Monohydrate, Sodium Dihydrogen Phosphate Dihydrate, Soya-Bean Oil Refined, Triglycerides,"
7533,"Valine, Alanine, Arginine, Histidine, Isoleucine, Leucine, Methionine, Phenylalanine, Proline, Serine, Threonine, Aspartic Acid, Glutamic Acid, Glycine, Soya-Bean Oil Refined, Triglycerides, Medium Chain, Tryptophan, Glucose Monohydrate, Lysine Monohydrat"
7534,"Soya-Bean Oil Refined, Medium Chain Triglycerides, Saturated"
7535,"Dry Extract Of Lime Flower (6-7:1), Extraction Solvent: Ethanol 40% (V/V)"
7536,Hypothalamic Phospholipids
7537,Dexamethasone Palmitate
7538,"Glycerol, Soya-Bean Oil Refined, Triglycerides, Medium Chain, Purified Egg Phospholipids"
7539,"Glycerol, Egg Phospholipids, Soya Oil"
7540,"Magnesium Hydroxide, Liquid Paraffin"
7541,Liquid Paraffin Bp
7542,"Natrium Bromatum Dil D1, Sumbulus Moschatus Mother Tincture, Valeriana Officinalis Ø, Avena Sativa Mother Tincture, Coffea Arabica Dil. D3"
7543,"Magnesium Carbonate, Liquiritiae Extractum Fluidum, Algeldrate"
7544,Mentha × Piperita L. Folium
7545,Salvia Officinalis L. Folium
7546,Lisdexamfetamine Dibesilate
7547,"Lisinopril, Torasemide"
7548,Metergoline
7549,"Lisinopril Dihydrate, Amlodipine Besilate"
7550,"Hydrochlorothiazide, Lisinopril Anhydrous"
7551,Carbocysteine Lysine Salt Monohydrate
7552,Lysozyme Hydrochloride
7553,Ritlecitinib
7554,"Carduus Marianus Ø, Atropa Bella-Donna D4, Citrullus Colocynthis D4, Magnesium Phosphoricum Dil. D8, Berberis Dil. D3"
7555,Lithium Gluconate
7556,Lithium Sulfate
7557,"Lithium Sulphate, Anhydrous"
7558,Lithium Citrate
7559,"Colchicum Autumnale Trit. D 4, Ferrum Phosphoricum Trit. D6, Rhus Toxicodendron Trit. D6, Natrium Carbonicum Trit. D4, Strychnos Nux-Vomica D6, Lithium Carbonicum Trit. D3"
7560,Alizapride
7561,"Mandur Bhasma, Capparis Spinosa Cortex, Solanum Nigrum Herb, Terminalia Arjuna Cortex, Achillea Millefolium Seed, Senna Occidentalis Seed, Tamarix Gallica Herb, Chicory Root"
7562,Maralixibat
7563,Maribavir
7564,"Garlic Powder, Hawthorn Berries, Viscum Album, Sophora Flower-Bud"
7565,Pegzilarginase
7566,"Cysteine Hydrochloride, Dl-Methionine"
7567,"Lobelia Inflata Dil. D6, Plumbum Metallicum Praeparatum Dil. D8, Quercus, Ethanol. Decoctum Dil. D4, Veronica Officinalis, Ethanol. Decoctum Dil. D4"
7568,Flumetasone Pivalate
7569,"Clioquinol, Flumetasone Pivalate (Ph. Eur.)"
7570,"Flumetasone Pivalate, Salicylic Acid"
7571,"Propylene Glycol, Lactic Acid"
7572,"Flumetasone Pivalate, Neomycin Sulfate"
7573,Lofepramine
7574,"Metoprolol Succinate, Felodipine"
7575,"Metoprolol Tartrate, Felodipine"
7576,"Furosemide, Amiloride Hydrochloride Dihydrate"
7577,Lomitapide
7578,Sodium Zirconium Cyclosilicate
7579,Zingiber Officinale (Ginger) Root
7580,"Echinacea Mother Tincture, Rumex Crispus Dil. D 4, Psychotria Ipecacuanha Dil. D6, Eriodictyon Californicum Dil. D 4, Drosera Dil. D4"
7581,"Atropine Sulfate, Diphenoxylate Hydrochloride"
7582,Lipegfilgrastim
7583,"Trifluridine, Tipiracil"
7584,"Trifluridine, Tipiracil Hydrochloride"
7585,Turnera Diffusa D4
7586,Loperamide Hydrochloride Bp
7587,"Perindopril Tert-Butylamine, Indapamide, Amlodipine Besilate"
7588,Toripalimab
7589,Lorazepam Bp
7590,Desloratadine Hemisulfate
7591,Lornoxicam
7592,"Hydrochlorothiazide, Losartan"
7593,Lorlatinib
7594,"Losartan Potassium, Losartan"
7595,"Ascorbic Acid, Iron"
7596,Loteprednol Etabonate
7597,"Aurum Metallicum Praeparatum Trit. D10, Ferrum-Quarz Trit. D2, Kalium Phosphoricum Trit. D6"
7598,"Formica Rufa Dil. D4, Causticum Hahnemanni Dil. D4, Ledum Palustre Dil. D4, Phytolacca Americana Dil. D4, Strychnos Nux-Vomica Dil. D4, Sulfur Dil. D7, Rhododendron Dil. D4, Rhus Toxicodendron Dil. D3"
7599,"Gelsemium Sempervirens Dil. D4, Aconitum Napellus Dil. D4, Eupatorium Perfoliatum Dil. D4, Psychotria Ipecacuanha Dil. D4, Bryonia Dil. D2, Drosera Dil. D2, Rhus Toxicodendron Dil. D3"
7600,"Aesculus Hippocastanum Dil. D3, Arnica Montana Dil. D3, Asa Foetida Dil. D6, Pulsatilla Pratensis Dil. D3, Hamamelis Virginiana Dil. D3, Carbo Vegetabilis Dil. D8"
7601,"Rauwolfia Serpentina D3, Nitroglycerinum Dil. D4, Crataegus Mother Tincture, Viscum Album Dil. D1, Barium Carbonicum Dil. D8"
7602,"Apis Mellifica Dil. D4, Echinacea Mother Tincture, Baptisia (Hab34) Mother Tincture, Thuja Occidentalis Mother Tincture"
7603,Dandelion Pollen
7604,Taraxaci Radix
7605,Loxapine Succinate
7606,"Timolol Maleate, Tafluprost"
7607,"Timolol, Tafluprost"
7608,Levothyroxine Sodium Pentahydrate
7609,Lutetium (177lu) Zadavotide Guraxetan
7610,Sulfamethizole
7611,"Arsenum Iodatum D8, Aralia Racemosa D1, Lobelia Inflata D6, Luffa Operculata D12"
7612,Luffa Operculata Dil. D4
7613,"Hydrastis Canadensis D4, Eupatorium Perfoliatum D5, Lobaria Pulmonaria D2, Hydrargyrum Sulfuratum Rubrum D4, Natrium Chloratum Trit. D6, Luffa Operculata D6, Allium Cepa D6, Phosphorus Trit. D6"
7614,"Histaminum D12, Histaminum D200, Histaminum D30, Thryallis Glauca D12, Thryallis Glauca D30, Thryallis Glauca D4, Luffa Operculata D12, Luffa Operculata D30, Luffa Operculata D4, Sulfur D12, Sulfur D200, Sulfur D30"
7615,"Luffa Operculata Dil. D12, Luffa Operculata Dil. D30, Thryallis Glauca Dil. D12, Thryallis Glauca Dil. D4, Thryallis Glauca Dil. D30, Sulfur Dil. D30, Sulfur Dil. D200, Histaminum D12, Histaminum D200, Histaminum D30, Luffa Operculata Dil. D4, Sulfur Dil."
7616,"Nitrogen, Oxygen"
7617,Aconitum Napellus D4
7618,"Rhododendron D4, Calcium Phosphoricum D12, Berberis Vulgaris D4, Solanum Dulcamara D4, Strychnos Nux-Vomica D4"
7619,"Berberis Vulgaris Dil. D4, Calcium Phosphoricum Dil. D12, Causticum Hahnemanni Dil. D6, Dulcamara Dil. D4, Rhododendron Dil. D4, Rhus Toxicodendron Dil. D4"
7620,"Levomenthol, Camphor, Racemic, Benzyl Nicotinate, Hydroxyethyl Salicylate"
7621,Methylthioninium Chloride
7622,Perflutren
7623,Sotorasib
7624,"Ascorbic Acid, Colecalciferol, Cyanocobalamin, Folic Acid, Nicotinamide, Riboflavin, Thiamine, Zinc, Calcium, Iron, Pyridoxine Hydrochloride, Retinol, Alpha-Tocopherol"
7625,"Avena Sativa D2, Passiflora Incarnata D2, Zincum Isovalerianicum D4, Coffea Arabica D12"
7626,"Fennel, Bitter, Marshmallow Root, Iceland Moss, Thyme, Plantaginis Lanceolatae Folium, Liquorice Root"
7627,Mosunetuzumab
7628,Voclosporin
7629,"Ascorbic Acid, Chlorphenamine, Paracetamol"
7630,"Luffa Operculata D5, Euphorbium D3, Schoenocaulon Officinale D4"
7631,Lurasidone Hydrochloride
7632,Lutetium Lu-177
7633,Lutetium (177lu) Oxodotreotide
7634,Nomegestrol Acetate
7635,Gonadorelin Diacetate
7636,"Menthol, Eucalyptus Oil, Pumilio Pine Oil, Turpentine Oil, Pine Needle Oil (Pinus Sylvestris)"
7637,"Dry Extract From Ivy Leaf (6,0-7,0:1), Extraction Solvent: Ethanol 40% (M/M)"
7638,"Camphor, Eucalyptus Oil, Turpentine Oil, Marjoram Oil"
7639,"Menthol, Camphor, Eucalyptus Oil, Turpentine Oil"
7640,"Menthol, Camphor, Eucalyptus Oil, Pine Oil, Pumilio Pine Oil, Turpentine Oil"
7641,Lutropin Alfa
7642,Canrenone
7643,Methyl Aminolevulinate
7644,Voretigene Neparvovec
7645,"Berberis Vulgaris E Radice Ferm 33d Dil. D2 (Hab, Vs. 33d), Lycopodium Clavatum E Planta Tota Ferm 33e Dil. D2 (Hab, Vs. 33e), Mercurius Dulcis Trit. D4, Natrium Sulfuricum Dil. D5 Aquos. (Hab, Vs. 5b), Silybum Marianum E Fructibus Ferm 36 Ø (Hab, Vs. 36)"
7646,"Berberis Vulgaris E Radice Ferm 33d Dil. D2 (Hab, Vs. 33d), Lycopodium Clavatum E Planta Tota Ferm 33e Dil. D4 (Hab, Vs. 33e), Mercurius Dulcis Dil. D9, Natrium Sulfuricum Dil. D9 Aquos. (Hab, Vs. 5b), Silybum Marianum E Fructibus Ferm 36 Dil. D3 (Hab, Vs"
7647,"Lycopodium Clavatum D8, Lycopodium Clavatum D1000, Lycopodium Clavatum D200, Lycopodium Clavatum D30, Lycopodium Clavatum D12"
7648,Gefapixant
7649,"Acidum Silicicum Trit. D3, Kalium Iodatum Trit. D6, Arsenum Iodatum Trit. D4, Lachesis Trit. D12, Calcium Iodatum Trit. D4"
7650,"Clematis Recta Dil. D2, Arsenicum Album Dil. D6, Sulfur Dil D4, Mercurius Bijodatus Dil. D8, Scrophularia Nodosa Dil. D3, Conium Dil. D4, Lachesis Dil. D6, Phytolacca Dil. D4, Rhus Toxicodendron Dil. D4"
7651,"Arsenicum Album Dil. D6, Sulfur Dil. D6, Clematis Recta Dil. D3, Scrophularia Nodosa Dil. D3, Thuja Occidentalis Dil. D2, Hydrargyrum Bicyanatum Dil. D8, Phytolacca Americana Dil. D6, Rhus Toxicodendron Dil. D4, Lachesis Dil. D8"
7652,"Hydrargyrum Biiodatum D5, Stibium Sulfuratum Nigrum D2, Calendula Officinalis Mother Tincture, Conium Maculatum D2"
7653,"Sanguinaria Canadensis D8, Phytolacca Americana D2, Chelidonium Majus D8, Marsdenia Cundurango D2, Calendula Officinalis Mother Tincture, Acidum Arsenicosum D8, Lycopodium Clavatum D2, Silybum Marianum D1, Echinacea D3, Taraxacum Officinale Ø, Hydrastis C"
7654,"Scrophularia Nodosa Ø, Hydrargyrum Biiodatum D12, Echinacea D3"
7655,"Scrophularia Nodosa Ø, Echinacea Trit. D3, Mercurius Bijodatus Trit. D12"
7656,"Calendula Mother Tincture, Conium Dil. D2, Mercurius Bijodatus Trit. D5, Stibium Sulfuratum Nigrum Trit. D2"
7657,"Taraxacum Officinale Ø, Calendula Mother Tincture, Chelidonium Dil. D8, Phytolacca Americana Dil. D2, Hydrastis Canadensis Mother Tincture, Sanguinaria Dil. D8, Acidum Arsenicosum Dil. D8, Echinacea Dil. D3, Lycopodium Dil. D2"
7658,Hepar Sulfuris Dil. D6
7659,"Echinacea Mother Tincture, Lachesis Dil. D10, Eupatorium Perfoliatum Mother Tincture, Echinacea Purpurea Mother Tincture"
7660,"Lachesis Dil. D10, Vipera Berus E Veneno Sicc. Dil. D 10, Echinacea Dil. D3, Eupatorium Perfoliatum Dil. D3, Echinacea Purpurea Dil D3"
7661,"Juglans Regia Dil. D3, Aranea Diadema Trit. D6, Teucrium Scorodonia Trit. D3, Pinus Sylvestris Trit. D4, Gentiana Lutea Trit. D5, Equisetum Hiemale Trit. D4, Smilax Trit. D6, Calcium Phosphoricum Trit. D12, Fumaria Officinalis Trit. D4, Geranium Robertian"
7662,"Juglans Regia Dil. D3, Natrium Sulfuricum D4, Aranea Diadema D6, Calcium Phosphoricum D12, Ferrum Iodatum D12, Equisetum Hiemale D4, Fumaria Officinalis D4, Geranium Robertianum D4, Levothyroxinum D12, Myosotis Arvensis D3, Nasturtium Officinale D4, Pinus"
7663,"Natrium Sulfuricum D4, Aranea Diadema D6, Calcium Phosphoricum D12, Ferrum Iodatum D12, Equisetum Hiemale D4, Fumaria Officinalis D4, Geranium Robertianum D4, Juglans Regia Ssp. Regia D3, Levothyroxinum D12, Myosotis Arvensis D3, Nasturtium Officinale D4,"
7664,"Smilax Utilis D6, Juglans Regia Dil. D3, Natrium Sulfuricum D4, Aranea Diadema D6, Calcium Phosphoricum D12, Ferrum Iodatum D12, Equisetum Hiemale D4, Fumaria Officinalis D4, Geranium Robertianum D4, Levothyroxinum D12, Myosotis Arvensis D3, Nasturtium Of"
7665,"Natrium Sulfuricum D4, Aranea Diadema D6, Calcium Phosphoricum D12, Ferrum Iodatum D12, Equisetum Hiemale D4, Fumaria Officinalis D4, Geranium Robertianum D4, Levothyroxinum D12, Myosotis Arvensis D3, Nasturtium Officinale D4, Pinus Sylvestris D4, Smilax"
7666,"Scrophularia Nodosa Dil. D3, Equisetum Hiemale Dil. D4, Ferrum Iodatum Dil. D12, Fumaria Officinalis Dil. D4, Gentiana Lutea Dil. D5, Geranium Robertianum Dil. D4, Nasturtium Officinale Dil. D4, Pinus Sylvestris Dil. D4, Smilax Dil. D6, Aranea Diadema D6,"
7667,"Phytolacca Americana Dil. D4, Echinacea Purpurea D6, Lachesis D6"
7668,Elinzanetant
7669,Linvoseltamab
7670,Olaparib
7671,"Arginine Hydrochloride, Lysine Hydrochloride"
7672,Prazepam
7673,"Pyridoxine Hydrochloride, Lysozyme Hydrochloride"
7674,Mitotane
7675,"Bryonia D4, Stannum Metallicum D10"
7676,Bevacizumab Gamma
7677,Futibatinib
7678,Seladelpar
7679,Macrosalb (99mtc)
7680,"Dimeticone, Aluminium Oxide, Hydrated, Magnesium Hydroxide"
7681,"Dimeticone, Aluminium Oxide, Magnesium Hydroxide"
7682,"Dimeticone, Magnesium Hydroxide, Aluminium Hydroxide"
7683,"Simeticone, Aluminium Hydroxide Gel, Dried, Magnesium Hydroxide"
7684,"Taurine, Glycine, L-Tryptophan, L-Arginine, L-Histidine, L-Methionine, L-Proline, L-Serine, L-Threonine, L-Tyrosine, Cysteine Hydrochloride Monohydrate, L-Aspartic Acid, L-Phenylalanine, Lysine Monohydrate, L-Glutamic Acid, L-Alanine"
7685,"Autologous Cartilage-Derived Articular Chondrocytes, In-Vitro Expanded"
7686,Human Albumin As Macroaggregates
7687,"Potassium Chloride Ph. Eur., Sodium Chloride, Sodium Hydrogen Carbonate Pheur, Macrogol 3350"
7688,"Benzyl Alcohol, Macrogol 4000"
7689,"Docusate Sodium, Sorbitol, Liquid (Non-Crystallising)"
7690,Nordazepam
7691,Magnesium Carbonate
7692,Betiatide
7693,"Fennel, Bitter, Matricariae Flos, Menthae Piperitae Folium, Carum Carvi, Pimpinella Anisum"
7694,"Matricariae Flos, Menthae Piperitae Folium, Millefolii Herba"
7695,"Caraway Fruit, Matricariae Flos, Menthae Piperitae Folium"
7696,"Matricariae Flos, Liquorice Root, Millefolii Herba"
7697,"Dry Extract Of Yarrow (6-9:1), Extraction Agent: Water"
7698,"Anisi Fructus, Caraway Fruit, Fennel, Bitter, Matricariae Flos, Menthae Piperitae Folium"
7699,"Caraway Fruit, Matricariae Flos, Menthae Piperitae Folium, Pimpinella Anisum, Bitter Fennel Oil"
7700,"Anisi Fructus, Caraway Fruit, Matricariae Flos, Fennel Fruit Bitter, Millefolii Herba"
7701,"Fennel, Bitter, Matricariae Flos, Melissa Leaf, Menthae Piperitae Folium, Carum Carvi, Pimpinella Anisum, Valerianae Radix, Cinnamomi Cortex"
7702,"Extract From Wormwood (1: 5.7-6.1), Extraction Solvent: Ethanol 50% (V/V), Extract From Anethum Graveolens Fruit (1: 5.7-6.1), Extraction Solvent: Ethanol 50% (V/V), Extract From Centaurea Benedicta Herb (1: 5.7-6.1), Extraction Solvent: Ethanol 50% (V/V)"
7703,"Matricariae Flos, Melissa Leaf, Centaurii Herba, Calamus Rhizome, Millefolii Herba"
7704,"Coriander, Fennel, Bitter, Gentian Root, Ocimum Basilicum, Pimpinella Anisum, Taraxacum Officinale, Centaurium Erythraea"
7705,"Artemisia Absinthium Ø, Cochlearia Officinalis Ø, Juniperus Communis Ø, Psychotria Ipecacuanha Dil. D2, Citrullus Colocynthis Dil. D3"
7706,"Coriander, Menyanthidis Trifoliatae Folium, Fennel, Bitter, Matricariae Flos, Menthae Piperitae Folium, Pimpinella Anisum, Centaurium Erythraea"
7707,"Gentiana Lutea Dil. D 3, Juniperus Communis Dil. D3, Artemisia Absinthium Dil. D3, Matricaria Recutita D2"
7708,"Thuja Occidentalis D6, Atropa Belladonna Dil. D4, Magnesium Phosphoricum Dil. D8, Carbo Animalis D9, Potentilla Anserina D5, Acidum Nitricum Dil. D6"
7709,"Gentian Root, Absinthii Herba, Artemisia Vulgaris, Millefolii Herba"
7710,"Peppermint Oil, Dry Extract Of Peppermint Leaf (5-7:1), Extraction Solvent: Water, Dry Extract From Liquorice Root (3-4:1), Extraction Solvent: Water"
7711,"Distillate From Bitter Fennel Fruit, Bitter Orange Peel, Gentian Root, Peppermint Leaves, Blessed Thistle Herb (1,5 : 1,5 : 1,2 : 1,0 : 1,0), Distillation Agent: Ethanol 27 % (V/V)"
7712,"Magnesium Oxide, Heavy, Magnesium Citrate Dibasic, Pyridoxine Hydrochloride"
7713,"Magnesium Citrate Dibasic, Magnesium Oxide, Pyridoxine Hydrochloride"
7714,"Magnesium Citrate, Magnesium Oxide"
7715,"Magnesium Lactate, Pyridoxine Hydrochloride"
7716,"Magnesium Pidolate, Pyridoxine Hydrochloride, Magnesium Lactate Dihydrate"
7717,"Pyridoxine Hydrochloride, Magnesium Citrate Anhydrous"
7718,"Pyridoxine Hydrochloride, Magnesium Lactate Dihydrate"
7719,"Magnesium Citrate, Pyridoxine Hydrochloride"
7720,"Magnesium, Potassium Ion"
7721,Magnesium Gluconate
7722,Magnesium Orotate Dihydrate
7723,"Magnesium Citrate Tetradecahydrate, Magnesium Phosphate, Dibasic Trihydrate"
7724,"Sodium Hydrogen Carbonate, Calcium Carbonate, Magnesium Carbonate"
7725,"Magnesium Oxide, Light"
7726,Magnesium Hydroxide Ph. Eur.
7727,Magnesium Lactate Dihydrate
7728,Magnesium Sulfate
7729,"Magnesium Hydroxide, Magnesium Lactate"
7730,Magnesium Lactate
7731,Magnesium Aspartate Hydrochloride
7732,"Hypophysis Bovis Gl Dil. D5 (Hab, Vs. 41a), Magnesit Dil. D7, Mamma Bovis Gl Dil. D5 (Hab, Vs. 41c), Viscum Album (Mali) E Planta Tota Ferm 34i Dil. D4 (Hab, Vs. 34i), Apis Mellifica Ex Animale Toto Gl Dil. D5 (Hab, Vs. 41c), Funiculus Umbilicalis Bovis G"
7733,Magnesium Aspartate
7734,Magnesium Glycerophosphate
7735,"Magnesium Oxide, Heavy, Magnesium Citrate Dibasic"
7736,"Glycine, Magnesium"
7737,Magnesium Chloride
7738,Magnesium Hydroxide Paste Concentrated
7739,Magnesium Carbonate Heavy
7740,"Magnesium L-Glutamate Tetrahydrate, Magnesium Citrate Nonahydrate"
7741,"Ascorbic Acid, Magnesium Oxide"
7742,"Ascorbic Acid, Magnesium Oxide, Heavy"
7743,Magnesium Phosphoricum Acidum Dil. D6
7744,"Cinis E Fructibus Avenae Sativae Cum Magnesio Phosphorico (1:1) Dil. D5 (Hab, Vs. 6), Formica Rufa Ex Animale Toto Gl Dil. D7 (Hab, Vs. 41c), Arnica Montana E Planta Tota Ferm 33c Dil. D2 (Hab, Vs. 33c)"
7745,"Magnesium Phosphoricum Trit D2, Chamomilla Recutita Trit D2, Citrullus Colocynthis (Hab 34) Trit D3, Potentilla Anserina Mother Tincture, Aesculus Hippocastanum Trit D1"
7746,"Magnesium Phosphoricum Dil. D200, Magnesium Phosphoricum Dil. D12, Magnesium Phosphoricum Dil. D30, Magnesium Phosphoricum Dil. D6 Aquos."
7747,"Phenol, Magnesium Sulphate Anhydrous"
7748,"Arnica Montana E Planta Tota Ferm 33c Dil. D1 (Hab, Vs. 33c), Funiculus Umbilicalis Bovis Gl Dil. D4 (Hab, Vs. 41b), Hypophysis Bovis Gl Dil. D4 (Hab, Vs. 41a), Magnesium Sulfuricum Dil. D4 Aquos. (Hab, Vs. 5b), Stannum Metallicum Dil. D8, Viscum Album (M"
7749,Magnesium L-Aspartate Dihydrate
7750,"Magnesium Phosphoricum D200, Manganum Phosphoricum D12, Manganum Phosphoricum D30, Magnesium Phosphoricum Dil. D200, Magnesium Phosphoricum Dil. D12, Magnesium Phosphoricum Dil. D30"
7751,"Magnesium Oxide, Heavy, Magnesium Citrate, Pyridoxine Hydrochloride"
7752,"Magnesium Oxide, Heavy"
7753,Gadopentetate Dimeglumine
7754,"Pyridoxine Hydrochloride, Magnesium Gluconate Monohydrate"
7755,"Magnesium Bromide, Magnesium Fluoride, Magnesium Hydroxide"
7756,"Valsartan, Amlodipine Besilate, Hydrochlorothiazide Ep"
7757,"Graphites Dil. D12, Centella Asiatica Dil. D4, Mahonia Aquifolium D4, Acidum Arsenicosum Dil. D12"
7758,"Calcium Ion, Sulfate"
7759,"Magnesium Chloride Hexahydrate, Potassium Chloride, Sodium Chloride, Sodium Acetate Trihydrate, Glucose Monohydrate Ph. Eur."
7760,Zea Mays
7761,"Argentum Colloidale Dil. D4, Calendula Officinalis Ex Herba Ferm 33c Ø (Hab, Vs. 33c), Echinacea Pallida E Planta Tota Ferm 33c Ø (Hab, Vs. 33c), Kreosotum Dil. D4, Lilium Lancifolium Ex Herba Ferm 33c Dil. D1 (Hab, Vs. 33c), Thuja Occidentalis E Summitat"
7762,"Majorana, Herba Sicc., Ethanol. Extr. 1:1, Melissae Folium, Ethanol. Extr. 1:1"
7763,"Paracetamol, Metoclopramide Hydrochloride Monohydrate"
7764,"Malva Arborea E Floribus W 5% (Hab, Vs. 12g Mit Raffiniertem Erdnussöl), Sambucus Nigra Ex Umbella W 5% (Hab, Vs. 12g Mit Raffiniertem Erdnussöl), Tilia Platyphyllos/Cordata E Floribus W 5% (Hab, Vs. 12g Mit Raffiniertem Erdnussöl), Ölauszug Aus Hypericum"
7765,"Calcium Carbonicum Hahnemanni Trit. D6, Calcium Fluoratum Trit D6, Calcium Phosphoricum Trit. D6, Sulfur Jodatum Trit D12"
7766,"Magnesium Chloratum D6, Colocynthis D 6, Cina D 6, Lac Defloratum D6, Chamomilla D 6"
7767,"Croton Tiglium D6, Okoubaka Aubrevillei D4, Veratrum Album D12"
7768,"Stibium Sulfuratum Aurantiacum D6, Psychotria Ipecacuanha D4, Bryonia D3, Eucalyptus Globulus D3, Drosera D6"
7769,"Calcium Sulfuricum Trit. D8, Echinacea Trit. D1, Acidum Silicicum D6, Calcium Iodatum Trit. D4, Kalium Iodatum Trit. D4, Thuja Occidentalis D8"
7770,"Arnica, Planta Tota Dil. D15, Betulae Folium, Ethanol. Decoctum Dil. D3, Equisetum Arvense, Ethanol. Decoctum Dil. D15, Formica Rufa Dil. D10, Mandragora, Ethanol. Decoctum Dil. D3, Meniscus Genus Bovis Dil. D6"
7771,"Arnica, Planta Tota Rh Dil. D15, Betula, Folium Rh Dil. D3, Equisetum Arvense Rh Dil. D15, Mandragora, Ethanol. Decoctum Dil. D3, Meniscus Genus Bovis Dil. D6, Formica 42a Dil. D10"
7772,"Mandragora Officinarum E Radice Ferm 34d Dil. D2 (Hab, Vs. 34d)"
7773,Manganese Sulphate Monohydrate
7774,Manidipine
7775,"Mannitol, Sodium Chloride, Sodium Acetate Trihydrate"
7776,Mannitol (Ph. Eur.)
7777,"Mannitol, Sodium Chloride"
7778,Pholcodine
7779,"Famotidine, Calcium Carbonate, Magnesium Hydroxide"
7780,"Acidum Phosphoricum Trit. D2, Ambra Trit. D3, Damiana Ø, Panax Ginseng Tm"
7781,Ethanol 99%
7782,"Sodium Picosulfate, Magnesium Oxide, Heavy, Citric Acid"
7783,"Epinephrine, Bupivacaine Hydrochloride, Anhydrous"
7784,"Bupivacaine Hydrochloride, Glucose Monohydrate"
7785,"Tuaminoheptane Sulfate, Acetylcysteine"
7786,"Aluminium Oxide, Hydrated, Calcium Carbonate, Magnesium Hydroxide"
7787,Leucanthemum Vulgare
7788,"Silybum Marianum Dil. D4, Chelidonium Majus Dil. D4, Lycopodium Clavatum Dil. D4"
7789,"Carduus Fruit Dry Extract, Refined And Standardised"
7790,"Dry Extract From Milk Thistle Fruit (30-40:1), Extraction Agent: Ethanol 96 % (V/V)”."
7791,Silybum Marianum Mother Tincture
7792,"Soft Extract From Milk Thistle Fruit (10–17: 1), Extraction Solvent: Ethanol 60% (V/V)"
7793,Milk Thistle Fruit
7794,"Milk Thistle Fruit Powdered, Dry Extract Of Milk Thistle Fruit (35-40:1), Extraction Solvent: Methanol"
7795,"Marmor Dil. D6 Aquos., Stibium Metallicum Praeparatum Dil. D6 Aquos."
7796,"Marmor Trit. D6, Stibium Metallicum Praeparatum Trit. D6"
7797,"Liquid Extract Of White Horehound Herb (Der 1:0.9-1.1), Extraction Agent: Ethanol 30% (V/V)"
7798,Iproniazid Phosphate
7799,Peloid Aqueous Extract
7800,Ammonium Sulfate
7801,"Ethanol (96 Per Cent), Majoranae Herba"
7802,Majoranae Herbae Extractum
7803,"Calendulae Anthodium Extractum (0,09 : 1)"
7804,"Zinc Oxide, Ichthammol, Tormentillae Extractum Fluidum"
7805,Propolis Extract
7806,"Retinol Palmitate, Benzocaine, Retinol, Chlorhexidine Acetate"
7807,"Strychnos Ignatii Dil. D 6, Agnus Castus Ø, Caulophyllum Thalictroides Dil D4, Cyclamen Purpurascens Dil. D4, Lilium Lancifolium Dil. D3, Iris Versicolor Dil. D2"
7808,Tincture From Motherwort Herb 1:5
7809,"Tincture From Motherwort Herb (1:5), Extraction Solvent: Ethanol 70% V/V"
7810,"Echinacea Dil. D2, Cinchona Pubescens Dil. D6, Atropa Belladonna Dil. D4, Bryonia Dil. D4, Hydrargyrum Bicyanatum Dil. D8, Ammonium Bromatum Dil. D4, Rhus Toxicodendron Dil. D4, Aconitum Dil. D4"
7811,"Echinacea Dil. D2, Cinchona Pubescens Dil. D6, Atropa Belladonna Dil. D4, Aconitum Napellus Dil. D4, Bryonia Dil. D4, Hydrargyrum Bicyanatum Dil. D8, Ammonium Bromatum Dil. D4, Rhus Toxicodendron Dil. D4"
7812,Menthae Piperitae Herba
7813,"Lycopodium Clavatum Trit. D 4, Sulfur Trit. D 6, Zincum Metallicum Trit. D10, Magnesium Phosphoricum Trit. D6, Coenzyme A Trit. D10, Cuprum Sulfuricum Trit. D6, Funiculus Umbilicalis Suis Trit. D10, Natrium Pyruvicum D8"
7814,Mouse Hair
7815,"Senna Pods, Alexandrian"
7816,"Dry Extract From St. John's Wort Herb Equivalent To 711-995 Mg Of Herb, Extraction Solvent: Ethanol 60% (V/V)"
7817,"Hypericum Perforatum, Dry Extract"
7818,"Pseudoephedrine Hydrochloride, Ascorbic Acid, Paracetamol"
7819,"Bacitracin Zinc, Neomycin Sulfate, Polymyxin B Sulfate"
7820,"Neomycin, Polymyxin B Sulfate, Dexamethasone"
7821,Metoclopramide Hydrochloride Bp
7822,Siponimod
7823,"Magnesium Oxide, Heavy, Pyridoxine Hydrochloride, Dl-Alpha Tocopherol Acetate"
7824,Kathon Cg
7825,Medronic Acid
7826,Mebeverine
7827,"Benzydamine Hydrochloride, 2,4 Dichlorobenzyl Alcohol"
7828,"Oxybuprocaine Hydrochloride, Tyrothricin, Cetylpyridinium Chloride"
7829,Meclocycline Sulfosalicylate Anhydrous
7830,Mifepristone
7831,Medazepam
7832,Dextromethorphan
7833,Biotin Sodium
7834,"Tincture Of Calendula Flower (1:10), Extraction Solvent: Ethanol 70% (V/V)"
7835,Cetrimide Bp
7836,Oxygen Ph.Eur.
7837,"Chamomile Flower Liquid Extract (Ethanol 55% V/V), Der Native 1:1"
7838,"Aminoacridine Hydrochloride, Lidocaine Hydrochloride"
7839,"Lidocaine Hydrochloride Bp, Aminoacridine Hydrochloride Bp 1968"
7840,Tetrafluoroborate
7841,Mercaptopurine
7842,"Methenamine, Menthol, Salicylic Acid"
7843,"Atropinum Sulfuricum D5, Hydrargyrum Bicyanatum D8, Aconitinum D5"
7844,"Atropinum Sulfuricum Dil. D5, Aconitum Napellus Dil. D5, Hydrargyrum Bicyanatum Dil. D8"
7845,"Atropinum Sulfuricum Dil. D5, Hydrargyrum Bicyanatum Dil. D8, Aconitinum D5"
7846,"Folate Sodium, Hydroxocobalamin Chloride, Pyridoxine Hydrochloride"
7847,"Valine, Alanine, Arginine, Isoleucine, Leucine, Methionine, Phenylalanine, Proline, Serine, Threonine, Aspartic Acid, Glutamic Acid, Glycine, Histidine Hydrochloride Monohydrate, Omega-3-Acid Triglycerides, Sodium Dihydrogen Phosphate Dihydrate, Soya-Bean"
7848,Cefoperazone Sodium
7849,"Dextromethorphan Hydrobromide, Pseudoephedrine Hydrochloride, Triprolidine Hydrochloride, Guaifenesin"
7850,Prednisolone Phosphate
7851,Dextromethorphan Hydrobromide Ph. Eur.
7852,"Medorrhinum Nosode D30, Medorrhinum Nosode D200, Medorrhinum Nosode D12"
7853,"Medulla Oblongata Suis D10, Medulla Oblongata Suis D200, Medulla Oblongata Suis D30"
7854,"Medulla Ossis Suis D200, Medulla Ossis Suis D30, Medulla Ossis Suis D10"
7855,"Medulla Ossium Rubra Bovis Gl Dil. D5 (Hab, Vs. 41a)"
7856,"Medulla Spinalis Suis D10, Medulla Spinalis Suis D200, Medulla Spinalis Suis D30"
7857,"Medulla Spinalis Suis D12, Medulla Spinalis Suis D200, Medulla Spinalis Suis D30, Medulla Spinalis Suis D8"
7858,Melissae Herba
7859,Guinea Pig Epithelium Extract
7860,Guinea Pig Hair
7861,Almasilate
7862,"Epinephrine Bitartrate, Articaine"
7863,Megestrol
7864,Trametinib
7865,"Bacitracin, Hydrocortisone Butyrate, Tixocortol Pivalate, Bronopol, Budesonide, Chlorquinaldol, Clioquinol, Mercaptobenzothiazole, Sodium Thiosulfate, Disperse Blue 106, Parthenolide, Diazolidinyl Urea, Imidurea"
7866,"Cinchocaine Hydrochloride, Neomycin Sulfate, Tetracaine Hydrochloride, Benzocaine, Butyl Parahydroxybenzoate, Ethyl Parahydroxybenzoate E214, Methyl Parahydroxybenzoate, Peru Balsam, Propyl Parahydroxybenzoate, Usnea Barbata, Cobalt(Ii) Chloride, Colophon"
7867,"Disulfiram, Thiomersal, P-Phenylenediamine, Methyldibromo Glutaronitrile, Methylchloroisothiazolinone, P-Tert-Butylphenol Formaldehyde Resin, Epoxy Resin, Quaternium-15, Diphenylguanidine, Zinc Diethyldithiocarbamate, Zinc Dibutyldithiocarbamate, N-Isopro"
7868,Binimetinib
7869,"Melatonin, Pyridoxine Hydrochloride"
7870,Methoxsalen
7871,Melamine Formaldehyde Resin
7872,"Benzyl Alcohol, Propylene Glycol, Melatonin"
7873,"Lactulose, Vaseline, Liquid Paraffin"
7874,"Lactulose, Paraffin White Soft, Liquid Paraffin"
7875,Orache Pollen
7876,Meldonium Dihydrate
7877,"Crataegus D30, Crataegus D10, Crataegus D200, Melilotus Officinalis D1, Melilotus Officinalis D10, Melilotus Officinalis D200, Melilotus Officinalis D30, Melilotus Officinalis D4, Crataegus Mother Tincture"
7878,"Extractum Fluidum Compositum Ex : Melissae Folio, Crataegi Inflorescentia, Archangelicae Radice"
7879,"Essential Oil From Melissa Officinalis Leaf (Up To 536 Mg), Inula Helenium Root (Up To 714 Mg), Angelica Archangelica Root (Up To 714 Mg), Zingiber Officinale Root (Up To 714 Mg), Syzygium Aromaticum Flower (Up To 285 Mg), Alpinia Officinarum Root (Up To"
7880,"Melissa Officinalis Cupro Culta, Herba Dil. D2"
7881,"Melissa Officinalis Cupro Culta, Herba Rh Dil. D3"
7882,"Chamomilla Recutita E Radice Ferm 33c Dil. D2 (Hab, Vs. 33c), Lachesis Dil. D11 Aquos. (Hab, Vs. 5b), Melissa Officinalis Ex Herba Ferm 33c Dil. D2 (Hab, Vs. 33c), Sepia Officinalis E Volumine Bursae Rec. Gl Dil. D5 (Hab, Vs. 41c), Aconitum Napellus E Tub"
7883,"Chamomilla Recutita E Radice Ferm 33c Dil. D2 (Hab, Vs. 33c), Lachesis Dil. D11 Aquos. (Hab, Vs. 5b), Melissa Officinalis Ex Herba Ferm 33c Dil. D2 (Hab, Vs. 33c), Sepia Officinalis E Volumine Bursae Rec. Gl Dil. D7 (Hab, Vs. 41c), Aconitum Napellus E Tub"
7884,"Liquid Extract (1:1) From Lemon Balm, Hawthorn Leaf And Flower, Lime Flower And Matricaria Flower (2/2/2/1,5)"
7885,"100 Ml Consists Of: Distillate From A Macerate Of Melissa Officinalis Leaf 429-536 Mg,helenii Rhizoma 226-714 Mg, Angelica Root 209-714 Mg, Zingiber Officinale Rhizome 235-714 Mg, Syzygium Aromaticum Flos 190-285 Mg, Galangal Rhizome 70-285 Mg, Piper Nigr"
7886,"Distillate From A Mixture (Up To): Melissa Officinalis Leaf (536 Mg), Inula Helenium Root (714 Mg), Angelica Archangelica Root (714 Mg), Zingiber Officinale Root (714 Mg), Syzygium Aromaticum Flower (285 Mg), Alpinia Officinarum Root (285 Mg), Piper Nigru"
7887,"Ginger Oil, Nutmeg Oil, Peppermint Oil, Anise Oil, Cardamom Oil, Cinnamon Oil, Clove Oil, Eucalyptus Oil, Melissa Oil, Elecampane Root, Bitter Orange Peel, Juniper Berry Oil, Pepper, Kaempferia Galanga, Rhizoma, Angelica Essential Oil"
7888,"Ginger Oil, Nutmeg Oil, Peppermint Oil, Cardamom Oil, Cinnamon Oil, Clove Oil, Eucalyptus Oil, Juniper Oil, Melissa Oil, Star Anise Oil, Pepper, Kaempferia Galanga, Rhizoma, Bitter Orange Oil, Angelica Essential Oil"
7889,"Levomenthol, Cinnamon Oil, Citronella Oil, Clove Oil, Lemon Oil, Distillate Of Lemon Balm Leaves, Sage Leaves, Rosemary Leaves, Thyme Leaves, Angelica Root, Nutmeg Seeds, Cinnamon, Cloves And Lemon (1: 0.125: 0.1: 0.083: 0.067: 0.042: 0.033: 0.017: 0.008)"
7890,"Ginger Oil, Nutmeg Oil, Peppermint Oil, Cardamom Oil, Cinnamon Oil, Clove Oil, Juniper Oil, Melissa Oil, Pepper Essential Oil, Alpinia Officinarum Oil, Bitter Fennel Oil, Angelica Essential Oil"
7891,"Destillate Of Melissa Leaf, Clove, Angelica Root, Lavender Flower, Cinnamon, Nutmeg Flower, Nutmeg Seed, Chinese Cinnamon, Spearmint Leaf, Peppermint Leaf, Wormwood, Gentian Root, Coriander Fruit (9,1 : 7,6 : 5 : 2,5 : 2,5 : 2,5 : 2,5 : 2,5 : 1,5 : 1 : 1"
7892,"Melissa Officinalis Ex Herba W 5% (Hab, Vs. 12g With Refined Peanut Oil), Origanum Majorana Ex Herba W 5% (Hab, Vs. 12g Mit Raffiniertem Erdnussöl), Caraway Oil, Bitter Fennel Fruit Oil"
7893,"Liquid Extract (1:5) From Melissa Leaf, Hawthorn Leaf And Flower, Matricaria Flower, Angelica Archangelica Root, Caraway Fruit (8:7:2:2:1), Extraction Solvent: Ethanol 40% (V/V)"
7894,"Meloxicam, Crospovidone"
7895,Aniracetam
7896,"Anamirta Cocculus D4, Conium Maculatum D3, Ambra Grisea D6, Petroleum Rectificatum D8"
7897,"Cyanocobalamin, Levoglutamide, Dl-Phosphoserine"
7898,"Beclometasone Dipropionate, Neomycin"
7899,"Beclometasone Dipropionate, Neomycin Sulfate"
7900,"Beclometasone Dipropionate, Clioquinol"
7901,Menadiol Diphosphate
7902,"Chlorhexidine Gluconate, Ethanol 70% (V/V)"
7903,"Haemophilus Influenzae Type B Polysaccharide (Polyribosylribitol Phosphate), Tetanus Toxoid, N. Meningitidis Group C (Strain C11) Polysaccharide (De-O-Acetylated) Conjugated To Tetanus Toxoid"
7904,"Haemophilus Type B Conjugate Vaccine (Tetanus Toxoid Conjugate), N. Meningitidis Group C (Strain C11) Polysaccharide (De-O-Acetylated) Conjugated To Tetanus Toxoid"
7905,"N. Meningitidis Group C (Strain C11) Oligosaccharide Conjugated To Corynebacterium Diphtheriae Crm197 Adsorbed On Aluminum Hydroxide, Aluminium Hydroxide"
7906,"Cimicifuga Racemosa Ø, Valeriana Officinalis Ø, Lilium Lancifolium Mother Tincture"
7907,"Dry Extract From Black Cohosh (Der 5-10:1), Extraction Solvent: Ethanol 50% (M/M)"
7908,"Sepia Officinalis D8, Sanguinaria Canadensis D7, Pilocarpus D4, Chamomilla Dil. D2"
7909,"Achillea Millefolium, Flos Sicc., Ethanol. Infusum 1:5, Capsella Bursa-Pastoris, Herba Sicc., Ethanol. Infusum 1:5, Majorana, Fructus Sicc., Ethanol. Decoctum 1:3, Quercus, Cortex Sicc., Ethanol. Decoctum 1:3, Majorana, Herba Sicc., Ethanol. Infusum 1:5,"
7910,"Dry Extract From Fresh Sage Leaf (1:17-18), Extraction Solvent: Ethanol 68% V/V"
7911,Menotrophin
7912,"Benzocaine, Racementhol"
7913,"Neisseria Meningitidis, Serogroup C, Polysaccharide, Conjugated To Tetanus Toxoid, Neisseria Meningitidis Group A Polysaccharide Conjugated To Tetanus Toxoid Carrier Protein, Neisseria Meningitidis Group W-135 Polysaccharide Conjugated To Tetanus Toxoid C"
7914,"Levomenthol, Capsicum Oleoresin, Methyl Salicylate, Turpentine Oil"
7915,"Menthol Bp, Eucalyptus Oil Bp"
7916,"Cajuput Oil, Cineole, Menthol Bp, Methyl Salicylate Bp, Camphor Bp"
7917,Menthol
7918,"Menthol, Squill Tincture, Liquiritiae Extractum Fluidum"
7919,"Meningococcal Group Y Oligosaccharide Conjugated To Corynebacterium Diphtheriae Crm197 Protein, N. Meningitidis Group C (Strain C11) Polysaccharide Conjugated Crm197, N. Meningitidis Group A Oligosaccharide Conjugated Crm197, N. Meningitidis Group W135 Ol"
7920,"Neomycin Sulfate, Prednisolone Acetate, Sulfacetamide Sodium"
7921,Mifamurtide
7922,Methylprednisolone Hydrogen Succinate
7923,Vestronidase Alfa
7924,Meptazinol
7925,Meptazinol Hydrochloride
7926,"Morpholinylmercaptobenzothiazole, N-Cyclohexyl-2-Benzothiazolesulfenamide, 2,2'-Dibenzothiazyl Disulfide"
7927,Merbromin
7928,"Natrium Tetrachloroauratum D8, Kalium Iodatum D4, Kalium Phosphoricum D3, Mercurius Solubilis Hahnemanni D 8, Natrium Nitricum D3, Natrium Sulfuricum D2"
7929,"Natrium Tetrachloroauratum D8, Sodium Sulfate D2, Mercurius Solubilis Hahnemanni D8, Kalium Iodatum D4, Kalium Phosphoricum D3, Natrium Nitricum D3"
7930,"Allium Cepa Ferm 34a Ø, Calendula Officinalis Ex Herba Ferm 33c Ø (Hab, Vs. 33c), Mercurialis Perennis Ferm 34c Ø"
7931,"Mercurialis Perennis Ferm 34c Dil. D3, Rosae Aetheroleum Dil. D7 (Hab, Vs. 5a, Lsg. D1 Mit Ethanol 94% (M/M))"
7932,"Allium Cepa Ferm 34a Ø, Calendula Officinalis Ex Herba Ferm 33c Ø (Hab, Vs. 33c), Mercurialis Perennis Ferm 34c Ø, Stibium Metallicum Trit. D3"
7933,Mercurialis Perennis 2b Ø
7934,"Natrium Tetrachloroauratum D8, Mercurius Solubilis Hahnemanni D8, Potassium Iodide D8, Sodium Nitrate D6, Sodium Sulfate Anhydrous D4, Dipotassium Phosphate D6"
7935,"Mercurius Solubilis Hahnemanni Dil. D12, Mercurius Solubilis Hahnemanni D1000, Mercurius Solubilis Hahnemanni D200, Mercurius Solubilis Hahnemanni Dil. D30"
7936,Mercurius Vivus Naturalis Trit. D6
7937,"Phytolacca Americana Trit D 4, Atropa Bella-Donna Trit. D4, Hepar Sulfuris Trit. D8, Lachesis Trit. D12, Ailanthus Altissima D3, Mercurius Solubilis Hahnemanni D10, Echinacea Trit. D3"
7938,"Mesenchym Bovis Gl Dil. D4 (Hab, Vs. 41b)"
7939,"Cor Bovis Gl Dil. D5 (Hab, Vs. 41c), Hepar Bovis Gl Dil. D5 (Hab, Vs. 41a), Mesenchym Bovis Gl Dil. D5 (Hab, Vs. 41b), Quercus Robur/Petraea E Cortice Cum Calcio Carbonico Dil. D12 Aquos. (Hab, Sv5b: Soln=d6 Produced By 5 Malige Potentiation Of Quercus Ro"
7940,Mesna
7941,"Trimecaine Hydrochloride, Carbaethopendecinium Bromide"
7942,"Caraway Fruit, Fennel, Bitter, Matricariae Flos, Mentha Piperita, Pimpinella Anisum"
7943,"Betulae Folium, Couch Grass Rhizome, Restharrow Root, Solidago Gigantea Flowering Top, Liquorice Root"
7944,"Lavandulae Flos, Melissa Leaf, Valerianae Radix, Humulus Lupulus L. Flos"
7945,Pyridostigmine
7946,"Nicotiana Tabacum Dil D6, Pyrogenium Nosode Dil. D15, Sulfur Dil. D200, Tuberculinum Pristinum Dil. D30, Acidum Formicicum Dil. D2, Vaccinotoxinum nosode Dil. D30, Echinacea Purpurea Dil. D6, Medorrhinum Nosode Dil. D30, Vincetoxicum Hirundinaria Dil. D3"
7947,"Acidum Formicicum Dil. D 4, Nicotiana Tabacum Dil D6, Pyrogenium Nosode Dil. D15, Sulfur Dil. D200, Vincetoxicum Hirundinaria Dil. D4, Tuberculinum Pristinum Dil. D30, Vaccinotoxinum nosode Dil. D30, Echinacea Purpurea Dil. D6, Medorrhinum Nosode Dil. D30"
7948,Magnesium Thiosulfuricum Dil. D4 Aquos
7949,Metadoxine
7950,"Echinacea Mother Tincture, Cinchona Pubescens Ø, Aconitum Napellus D3, Atropa Bella-Donna D6, Drosera Dil. D3, Phosphorus Dil. D6"
7951,"Strychnos Nux-Vomica Dil. D4, Syzygium Cumini Mother Tincture, Eichhornia Crassipes Dil. D2, Okoubaka Aubrevillei Dil. D2, Taraxacum Officinale Dil. D1, Harungana Madagascariensis Mother Tincture, Asa Foetida Dil. D3"
7952,"Silybum Marianum Dil. D 3, Phosphorus Dil. D 12, Chelidonium Majus Dil. D3, Lophophytum Leandri Dil. D3, Picrasma Excelsa, Quassia Amara Dil. D4, Stannum Metallicum Dil. D12, Fel Tauri Depuratum Dil. D3, Berberis Vulgaris Dil D3"
7953,"Stannum Metallicum Dil. D8, Picrasma Excelsa, Quassia Amara Dil. 2, Carduus Marianus Ø, Berberis Vulgaris Dil. D2, Lophophytum Leandri Dil. D6, Chelidonium Dil. D6"
7954,Iobenguane Sulfate I-123
7955,Iobenguane Sulfate I 131
7956,Iobenguane (131i)
7957,"Mandragora E Radice Siccata Dil. D6, Piper Methysticum E Radice Siccata Dil. D6, Sumbul Dil. D4, Argentum Nitricum Dil. D5"
7958,"Mandragora E Radice Siccata Dil. D6, Piper Methysticum E Radice Siccata Dil. D2, Argentum Nitricum Dil. D5, Sumbulus Moschatus Dil. D2"
7959,"Piper Methysticum D6, Mandragora E Radice Siccata D6, Argentum Nitricum D5, Sumbulus Moschatus D2"
7960,"Delphinium Staphisagria D6, Thiosinaminum D2, Calendula Officinalis D2, Graphites D12"
7961,Tenecteplase
7962,"Stannum Metallicum Dil. D8, Carduus Marianus Ø, Berberis Vulgaris Dil. D2, Lophophytum Leandri Dil. D6, Cyanocobalaminum Dil. D3, Magnesium Sulfuricum Dil. D2, Agrimonia Eupatoria Ex Herba Rec. Dil. D2, Artemisia Absinthium D1, Quassia Amara Dil. D2, Chel"
7963,"Strychnos Nux-Vomica Dil. D4, Taraxacum Officinale Dil. D1, Quassia Amara Dil. D2, Carduus Marianus Dil. D1, Lycopodium Dil. D3"
7964,Metamizole
7965,Acid Yellow 36
7966,"Titanium Dioxide, Titanium Salicylate"
7967,"Strychnos Nux-Vomica Dil. D4, Mandragora E Radice Siccata Dil. D6, Ocimum Basilicum Ex Herba D1, Artemisia Absinthium D1, Atropa Belladonna Dil. D4, Argentum Nitricum Dil. D5"
7968,"Ferrum Sesquichloratum Solutum Dil. D2, Bryonia Dil. D2"
7969,Alpha-Tocopherol
7970,Metaraminol
7971,Metaraminol Bitartrate
7972,"Veratrum Album Dil. D 4, Kalium Carbonicum Dil. D2, Adonis Vernalis Dil. D12, Camphora Dil. D2, Crataegus Mother Tincture, Cactus Dil. D2"
7973,"Stannum Metallicum Dil. D8, Equisetum Arvense Dil. D1, Bambusa E Summitatibus Rec. Dil. D12, Calcium Silicofluoratum Dil. D12, Aletris Farinosa Dil. D2"
7974,"Hydrastis Canadensis D3, Hydrargyrum Sulfuratum Rubrum D6, Verbascum Densiflorum Mother Tincture, Kalium Bichromicum D4"
7975,"Ononis Spinosa D2, Anguilla Anguilla D6, Lespedeza Capitata D4, Solidago Virgaurea D2, Lytta Vesicatoria D6"
7976,"Solidago Virgaurea Dil. D 3, Lytta Vesicatoria Dil. D6, Ononis Spinosa Dil. D3, Lespedeza Capitata Ex Herba Recente Dil. D4, Anguilla Anguilla E Serum Rec. Dil. D12"
7977,"Anguilla Anguilla D6, Lespedeza Capitata D4, Ononis Spinosa Dil. D4, Lytta Vesicatoria Dil. D6, Solidago Virgaurea Dil. D4"
7978,"Stannum Metallicum Dil. D8, Symphytum Officinale Dil. D6, Mandragora E Radice Siccata Dil. D6, Ferrum Sesquichloratum Solutum Dil. D2, Hypericum Perforatum Dil. D3, Bryonia Dil. D2"
7979,"Smilax Dil. D 4, Guajacum Dil. D6, Rhus Toxicodendron Dil. D12, Thuja Dil. D12, Bryonia Dil. D4, Ledum D4 Dil., Rhododendron Dil. D6"
7980,"Thiamine, Calcium Glycerophosphate, Potassium Glycerophosphate, Manganese Glycerophosphate Nfx, Sodium Glycerophosphate Hydrate"
7981,"Hyoscyamus Niger Dil. D6, Dactylopius Coccus Dil. D4, Cuprum Aceticum Dil. D6, Drosera Dil. D4"
7982,"Acidum L(+)-Lacticum Dil. D15, Influencinum Nosode Dil. D30, Gelsemium Sempervirens D4, Veratrum Album D4, Aconitum Napellus D4, Ferrum Phosphoricum D8, Luffa Operculata D12, Gentiana Lutea D1"
7983,"Gelsemium Sempervirens Dil. D4, Gentiana Lutea Dil. D 3, Veratrum Album Dil. D 4, Acidum L(+)-Lacticum Dil. D15, Ferrum Phosphoricum Dil. D12, Influencinum Nosode Dil. D30, Luffa Operculata Dil. D12, Aconitum Napellus Dil. D4"
7984,"Gelsemium Sempervirens Dil. D4, Veratrum Album Dil. D 4, Acidum L(+)-Lacticum Dil. D15, Influencinum Nosode Dil. D30, Luffa Operculata Dil. D12, Gentiana Lutea Ø, Aconitum Napellus Dil. D4, Ferrum Phosphoricum Dil. D8"
7985,"Ferrum Sidereum Dil. D11 Aquos., Quarz Dil. D11 Aquos., Phosphorus Dil. D5"
7986,"Simeticone, Phloroglucinol Dihydrate"
7987,Metformin
7988,"Metformin, Sitagliptin"
7989,Methadone Hydrochloride Bp
7990,Methadone Hydrochloride Ph. Eur.
7991,Propylene Glycol
7992,Methylergometrine
7993,L-Methionine ([11c]methyl)
7994,Methotrexate Sodium
7995,Methoxyflurane 99.9%
7996,Mecobalamin
7997,Methylene-Bis(Methyloxazolidine)
7998,Methylmethacrylate
7999,Metoclopramide Hydrochloride Ph. Eur.
8000,"Hydrochlorothiazide, Metoprolol Tartrate Ph. Eur."
8001,"Metoprolol Succinate, Hydrochlorothiazide"
8002,Metyrapone Bp
8003,"Metoprolol Tartrate, Hydrochlorothiazide"
8004,"Pulsatilla Pratensis Dil. D 10, Hydrargyrum Bichloratum Dil. D10, Lachesis Dil. D10, Lachesis Dil. D200, Lachesis Dil. D30, Lycopodium Clavatum Dil. D10, Lycopodium Clavatum Dil. D30, Lycopodium Clavatum Dil. D200, Lycopodium Clavatum Dil. D1000, Cimicifu"
8005,"Metronidazole, Glucose Monohydrate"
8006,Metronidazole Bp
8007,Metronidazole Benzoate Ph. Eur.
8008,"Tincture From Peppermint Leaves (1:20), Extraction Solvent: Ethanol 90% (V/V)"
8009,Methyl Aminolevulinate Hydrochloride
8010,Methylphenidate
8011,"Hypericum Perforatum Dil. D1, Kalium Bromatum Dil. D2, Valeriana Officinalis Ø, Avena Sativa Mother Tincture, Humulus Lupulus Ø, Matricaria Recutita Mother Tincture"
8012,"Acidum Arsenicosum Dil. D 4, Acidum Arsenicosum Dil. D10, Daphne Mezereum Dil D2, Acidum Arsenicosum Dil. D1000, Acidum Arsenicosum Dil. D200, Acidum Arsenicosum Dil. D30, Daphne Mezereum Dil. D10, Daphne Mezereum Dil. D15, Daphne Mezereum Dil. D200, Daph"
8013,"Acidum Arsenicosum Dil. D6, Daphne Mezereum Dil. D 4, Acidum Arsenicosum Dil. D10, Acidum Arsenicosum Dil. D1000, Acidum Arsenicosum Dil. D200, Acidum Arsenicosum Dil. D30, Daphne Mezereum Dil. D10, Daphne Mezereum Dil. D15, Daphne Mezereum Dil. D200, Dap"
8014,Magnesiumbis(Hydrogen-Dl-Aspartate) Tetrahydrate
8015,"Magnesium Citrate Dibasic, Magnesium Oxide"
8016,Mianserin
8017,"Iodine (123i) Iobenguane, Iobenguane Sulfate I-123"
8018,Micafungin Sodium
8019,Dithranol Bp
8020,"Glycerol, Sodium Citrate, Sodium Lauryl Sulfoacetate"
8021,"Sodium Citrate, Sodium Alkylsulphoacetate"
8022,"Sodium Citrate, Sodium Lauryl Sulfoacetate 70%, Sorbitol 70%, Liquid (Crystallising)"
8023,"Sodium Citrate, Sorbitol (E420), Sodium Lauryl Sulfoacetate"
8024,"Sodium Citrate, Sorbitol Solution 70% (Crystallising) (Ph. Eur.), Sodium Lauryl Sulfoacetate 70%"
8025,"Sorbitol (E420), Sodium Lauryl Sulfoacetate, Sodium Citrate Dihydrate"
8026,"Sorbitol, Liquid (Crystallising), Sodium Citrate, Sodium Lauryl Sulfoacetate"
8027,"Sorbitol, Liquid (Crystallising), Sodium Citrate, Sodium Lauryl Sulfoacetate 70%"
8028,"Gramicidin, Neomycin, Fluocinolone Acetonide"
8029,"Isometheptene Mucate, Paracetamol"
8030,"Phleum Pratense, Dactylis Glomerata, Anthoxanthum Odoratum, Lolium Perenne, Poa Pratensis, Secale Cereale, Arrhenatherum Elatius, Holcus Lanatus Pollen, Agrostis Stolonifera Pollen, Festuca Rubra Pollen"
8031,Miglustat
8032,"Metoclopramide Hydrochloride Monohydrate, Lysine Aspirin"
8033,"Cyclizine Hydrochloride, Acetylsalicylic Acid"
8034,"Buclizine Hydrochloride, Codeine Phosphate, Paracetamol Dc 96 %"
8035,"Codeine Phosphate, Paracetamol Dc 96 %"
8036,"Buclizine Hydrochloride, Paracetamol, Codeine Phosphate Hemihydrate"
8037,"Buclizine Hydrochloride, Paracetamol, Codeine Phosphate"
8038,"Gelsemium Sempervirens Dil. D4, Strychnos Nux-Vomica Dil. D4, Anamirta Cocculus Dil D6, Iris Versicolor Dil. D4, Sanguinaria Canadensis Dil. D3, Natrium Chloratum Dil. D6"
8039,"Cimicifuga Racemosa Dil. D4, Gelsemium Dil. D3, Iris Versicolor Dil. D2, Sanguinaria Canadensis Dil. D12, Spigelia Anthelmia Dil. D4"
8040,"Ergotamine Tartrate, Paracetamol, Belladonna Alkaloids, Caffeine"
8041,"Cyclizine Hydrochloride, Ergotamine Tartrate, Caffeine Monohydrate"
8042,"Lavender Oil, Rosemary Oil, Arnicae Flos / Betulae Folium / Calendula Herba (3:4:1), Oil Extract (Der 1,2:10), Caraway Oil"
8043,Acidum L(+)-Lacticum Dil. D2
8044,"Acidum L(+)-Lacticum Dil. D 6, Acidum L(+)-Lacticum Dil. D12, Acidum L(+)-Lacticum Dil. D30, Acidum L(+)-Lacticum Dil. D200"
8045,Hypericum Perforatum L. Dry Methanolic Extract (80% V/V)
8046,Meldonium
8047,"Benfotiamine, Cyanocobalamin"
8048,"Benfotiamine, Pyridoxine Hydrochloride"
8049,"Lidocaine Hydrochloride Monohydrate, Thiamine Hydrochloride, Cyanocobalamin, Pyridoxine Hydrochloride"
8050,"Thiamine Hydrochloride, Cyanocobalamin, Pyridoxine Hydrochloride, Lidocaine Hydrochloride"
8051,Silybum Marianum Extract
8052,"Dry Standardised Extract From Milk Thistle Fruit Equivalent To 3325 Mg – 9720 Mg Of Milk Thistle Fruit Corresponding To 108 Mg Of Silymarin Calculated As Silibin, Extraction Solvent: Acetone 99.9 % (V/V)"
8053,"Conyza Canadensis D1, Achillea Millefolium Mother Tincture, Juniperus Sabina D3"
8054,Milnacipran Hydrochloride
8055,"Hydrochlorothiazide, Anhydrous Amiloride Hydrochloride"
8056,"Ceanothus Americanus Dil. D3, Cinchona Pubescens Dil. D3"
8057,Rauwolfia Serpentina D4
8058,"Dimeticone, Silica, Colloidal Anhydrous"
8059,"Silica, Colloidal Anhydrous, Dimeticone 1000"
8060,Oxybuprocaine Hydrochloride Ph. Eur.
8061,Pilocarpine Nitrate
8062,"Hydroxyethylcellulose Ph. Eur., Sodium Chloride Ph. Eur."
8063,"Hydroxyethylcellulose, Sodium Chloride"
8064,Chloramphenicol Ph. Eur.
8065,Pilocarpine nitrate Ph. Eur.
8066,Tetracaine Hydrochloride Ph. Eur.
8067,"Amitriptyline Hydrochloride, Perphenazine"
8068,Tafasitamab
8069,Minocycline Hydrochloride Dihydrate
8070,Acetylcholine Chloride
8071,Cyclobenzaprine
8072,"Cyanocobalamin, Pyridoxine Hydrochloride, Thiamine-Diphosphate Chloride"
8073,Carbachol
8074,Neostigmine Methylsulfate
8075,Pramipexole
8076,"Matricaria Liquid Extract, Eucalyptus Tincture, Myrrh Tincture, Sage Tincture"
8077,Pramipexole Dihydrochloride
8078,Methoxy Polyethylene Glycol-Epoetin Beta
8079,"Colecalciferol, Cod-Liver Oil (Type A), Dragosantol, Zinc Oxide, Retinol"
8080,"Dry Extract Of Melissa Leaf (4-6:1), Extraction Agent: Methanol 30% (V/V), Valerian Root Dry Extract (3-6:1), Ethanol 70 %(V/V), Dry Extract Of Passion Flower (5-7: 1), Extraction Solvent: Ethanol 50% (V/V)"
8081,"Betacarotene, D Alpha Tocoferil Acetate, Dry Hydroalcoholic Extract Of Vaccinium Myrtillus"
8082,Dry Hydroalcoholic Extract Of Vaccinium Myrtillus
8083,Mistletoe Extract
8084,Viscum Album Herba
8085,"Dry Extract From Viscum Album (3.0-4.4:1), Extraction Solvent: Ethanol 40% (V/V), Mistelkraut-Pulver"
8086,"Mistletoe Herb Extract (Der 1 : 4.5 - 5.5), Extraction Solvent: Liqueur Wine : Ethanol 96 % (V/V) (90.5 : 9.5)"
8087,Dermatan Sulphate Sodium Salt
8088,Mitomycin
8089,Mitoxantrone
8090,Mitoxantrone Hydrochloride Ph. Eur.
8091,Mivacurium
8092,Mivacurium Chloride
8093,"Hydrocortisone Sodium Succinate, Neomycin Sulfate, Polymyxin B Sulfate, Lidocaine Hydrochloride"
8094,"Thymus Vulgaris Herba, Extract, Citrus Sinensis (603), Ephedrine Hydrochloride, Ipecacuanha Tincture, Sodium Bromide"
8095,Mizolastine
8096,"Rubella Virus Wistar Ra 27/3 Strain (Live, Attenuated) Produced In Wi-38 Human Diploid Lung Fibroblasts, Mumps Virus Jeryl Lynn (Level B) Strain (Live, Attenuated) Produced In Chick Embryo Cells, Measles Virus Edmonston-Enders Strain (Live, Attenuated) Pr"
8097,"Mrna Encoding Sars-Cov 2, Variant Xbb.1.5, Spike Glycoprotein, N-Terminal Domain And Receptor-Binding Domain"
8098,"Heparinoid, Salicylic Acid, Suprarenal Extract"
8099,"Mucopolysaccharide Polysulfuric Acid Ester, Salicylic Acid"
8100,"Mucopolysaccharide Polysulfuric Acid Ester, Salicylic Acid, Suprarenal Extract"
8101,"Mucopolysaccharides, Salicylic Acid"
8102,Flufenamic Acid
8103,"Flufenamic Acid, Hydroxyethyl Salicylate, Chondroitin Polysulfate"
8104,"Flufenamic Acid, Hydroxyethyl Salicylate, Glycosaminoglycan Polysulfate"
8105,"Flufenamic Acid, Mucopolysaccharide Polysulfuric Acid Ester"
8106,"Arnica Montana Dil. D4, Harpagophytum Procumbens Dil. D3, Bryonia Dil. D2, Calcium Phosphoricum Dil. D6, Acidum Silicicum Dil. D6"
8107,Trifluoperazine Hydrochloride
8108,"Calcium Pantothenate, Senna Alcoholic Dry Extract"
8109,Sennoside A+b Calcium
8110,Fluphenazine Hydrochloride
8111,"Amiloride Hydrochloride, Timolol Maleate, Hydrochlorothiazide"
8112,Benzathine Benzylpenicillin Tetrahydrate
8113,Pyrvinium Embonate
8114,Morphine Hydrochloride
8115,"Naproxen Sodium, Glucuronyl Glycosaminoglycan"
8116,"Mometasone Furoate, Salicylic Acid"
8117,"Mometasone Furoate, Olopatadine"
8118,"Natrium Sulfuricum D2, Gratiola Officinalis 3b D4, Momordica Balsamina D3, Carbo Vegetabilis D9"
8119,"Carbo Vegetabilis Dil. D 10, Lycopodium Clavatum Dil D 6, Veratrum Album Dil. D 4, Mercurius Solubilis Hahnemanni Dil D8, Argentum Nitricum Dil. D12, Iodum D8, Mandragora E Radice Siccata D8, Podophyllum Peltatum D6, Momordica Balsamina D6"
8120,"Drosera Mother Tincture, Dactylopius Coccus Mother Tincture, Cuprum Sulfuricum Dil. D4, Psychotria Ipecacuanha Dil. D4"
8121,"Hyoscyamus Dil. D4, Drosera Mother Tincture, Cinchona Pubescens Mother Tincture, Dactylopius Coccus Mother Tincture, Hedera Helix Mother Tincture, Cuprum Sulfuricum Dil. D4, Psychotria Ipecacuanha Dil. D4"
8122,"Esculin, Soft Extract Of Digitalis Leaf (200-300:1), Extraction Solvent: Water"
8123,Monobenzone
8124,Ethanolamine
8125,Clenbuterol Hydrochloride
8126,Rufloxacin Hydrochloride
8127,Sodium Molybdate (99mo)
8128,"Bitter-Orange Epicarp And Mesocarp, Caraway Fruit, Gentian Root, Lupuli Flos, Taraxaci Radix, Essential Oil Of Peppermint, Cinnamomi Cortex"
8129,Pertechnetate (99mtc) Sodium
8130,Zaleplon
8131,Flurazepam Hydrochloride
8132,Morphine
8133,Morphine Sulfate Ph. Eur.
8134,Musk
8135,Pizotifen
8136,"Chlorhexidine Gluconate, Lidocaine"
8137,"Rts,s [portion Of P. Falciparum Circumsporozoite Protein Fused With Hepatitis B Surface Antigen (Rts), And Combined With Hepatitis B Surface Antigen (S)], Stimulon, 3-O-Desacyl-4'-Monophosphoryl Lipid A"
8138,Tetrabenazine
8139,Tirzepatide
8140,"Cetylpyridinium Chloride, Lidocaine"
8141,Naloxegol
8142,"Flufenamic Acid, Mucopolysaccharide Polysulfuric Acid Ester, Salicylic Acid"
8143,"Ascorbic Acid, Sodium Ascorbate, Potassium Chloride, Sodium Chloride, Sodium Sulfate Anhydrous, Macrogol 3350"
8144,Rrr-Alpha-Tocopherol From Vegetable Oil Distillate
8145,Moxifloxacin Hydrochloride Ph. Eur.
8146,"Aluminium Oxide, Hydrated, Aluminium Phosphate, Hydrated, Guar, Magnesium Hydroxide"
8147,"Aluminium Oxide, Hydrated, Guar, Aluminium Phosphate, Magnesium Hydroxide"
8148,Plerixafor
8149,Single-Stranded 5' Capped Mrna Encoding The Respiratory Syncytial Virus Glycoprotein F Stabilized In The Prefusion Conformation
8150,"Senna Leaf Dry Extract, Cascara Bark Dry Extract, Boldo Leaf Powder, Green Anise Fruit Powder"
8151,Ambroxol Hydrochloride Ph. Eur.
8152,"Hydrargyrum Sulfuratum Rubrum D8, Thuja Occidentalis D6, Allium Cepa D6, Ammonium Chloratum D3, Kalium Bichromicum D4, Natrium Chloratum D8"
8153,"Matricariae Aetheroleum, Allantoin, Soft Extract Of Matricaria Flower, Calendula Flower, Tussilago Farfara Leaf, Oak Bark, Sage Leaf, Thyme, Extraction Solvents: Methanol 90% (V/V) And Water, Essential Oil Of Peppermint"
8154,Sobrerol
8155,"Mucor Racemosus E Volumine Cellulae (Lyophil., Steril.) D3"
8156,"Mucor Racemosus E Volumine Cellulae (Lyophil., Steril.) D5"
8157,"Mucor Racemosus E Volumine Cellulae (Lyophil., Steril.) D4"
8158,Tramazoline Hydrochloride Monohydrate
8159,"Camphor, Eucalyptus Oil, Pine Needle Oil (Pinus Sylvestris)"
8160,"Anise Oil, Liquid Extract From Thyme (Der 1:2-2,5), Extraction Solvents: Ammonia Solution 10 % (M/M), Glycerol 85%, Ethanol 90%, Water (1:20:70:109)"
8161,Plantaginis Lanceolatae Folium Cum Herba Extractum Fluidum (1:1)
8162,Carbocisteine Sodium
8163,"Mucor Mucedo E Volumine Cellulae (Lyophil., Steril.) D4"
8164,"Mucor Mucedo E Volumine Cellulae (Lyophil., Steril.) D5"
8165,"Hydrastis Canadensis D4, Veratrum Album D4, Atropa Bella-Donna D10, Ceanothus Americanus D4, Argentum Nitricum D6, Colibacillinum Nosode D28, Kreosotum D10, Lachesis D10, Mandragora E Radice Siccata D10, Marsdenia Cundurango D6, Mucosa Coli Suis D8, Mucos"
8166,"Lachesis Mutus D 10, Kreosotum D12, Atropa Bella-Donna D10, Ceanothus Americanus D4, Argentum Nitricum D6, Hydrastis Canadensis D6, Mandragora E Radice Siccata D10, Marsdenia Cundurango D6, Mucosa Coli Suis D8, Mucosa Ductus Choledochi Suis D8, Mucosa Duo"
8167,"Sulfur Dil. D 8, Veratrum Album Dil. D 4, Phosphorus Dil. D8, Kalium Bichromicum Dil. D8, Atropa Bella-Donna D10, Ceanothus Americanus D4, Colibacillinum Nosode D28, Kreosotum D10, Mandragora E Radice Siccata D10, Marsdenia Cundurango D6, Mucosa Coli Suis"
8168,"Mucosa Nasalis Suis D10, Mucosa Nasalis Suis D200, Mucosa Nasalis Suis D30"
8169,"N,s-Diacetyl Methyl Cysteinate"
8170,"Ambra Grisea Trit. D 4, Gelsemium Sempervirens Trit. D 4, Hypericum Perforatum Trit. D3, Sepia Officinalis Trit. D8, Urtica Urens Trit. D3, Vitex Agnus-Castus Trit. D3, Cimicifuga Racemosa Trit. D4, Calcium Carbonicum Hahnemanni D8, Kalium Carbonicum Trit"
8171,"Calcium Carbonicum D8, Agnus Castus D3, Gelsemium Sempervirens D4, Cimicifuga Racemosa D4, Ambra Grisea D4, Kalium Carbonicum D4, Sepia Officinalis D8, Hypericum Perforatum D3"
8172,"Gelsemium Sempervirens Dil. D4, Ambra Grisea Dil. D 4, Sepia Officinalis Dil. D 8, Calcium Carbonicum Hahnemanni D8, Cimicifuga Racemosa D4, Kalium Carbonicum D4, Vitex Agnus Castus D3, Hypericum Perforatum D3"
8173,"Lexidronam, Samarium Chloride Sm-153"
8174,"Lexidronam, Yttrium (90y) Chloride"
8175,"Causticum Hahnemanni Dil. D4, Secale Cornutum Dil. D10, Zincum Metallicum Dil. D12, Gelsemium Dil. D6, Conium Dil. D4, Plumbum Metallicum D10"
8176,Gadobenate Dimeglumine
8177,"Valine, Alanine, Arginine, Histidine, Isoleucine, Leucine, Methionine, Phenylalanine, Proline, Serine, Threonine, Tyrosine, Glycine, Olive Oil, Refined, Soya-Bean Oil Refined, Tryptophan, Magnesium Chloride Hexahydrate, Potassium Chloride, Calcium Chlorid"
8178,"Ascorbic Acid, Colecalciferol, Dexpanthenol, Nicotinamide, Riboflavin, Thiamine, Vitamin B6, Retinol, Alpha-Tocopherol"
8179,"Retinol Palmitate, Riboflavin Sodium Phosphate, Thiamine Hydrochloride, Ascorbic Acid, Colecalciferol, Dexpanthenol, Nicotinamide, Calcium Gluconate, Pyridoxine Hydrochloride, Dl-Alpha Tocopherol Acetate, Calcium Phospholactate"
8180,"Retinol Palmitate, Riboflavin Sodium Phosphate, Thiamine Hydrochloride, Ascorbic Acid, Colecalciferol, Dexpanthenol, Nicotinamide, Pyridoxine Hydrochloride, Dl-Alpha Tocopherol Acetate, Calcium Gluconate Monohydrate, Calcium Phospholactate"
8181,"Dexpanthenol, Nicotinamide, Pyridoxine, Riboflavin, Thiamine"
8182,"Diphenhydramine Hydrochloride, Dexamethasone"
8183,"Phosphorus Dil. D5, Nitroglycerinum Dil. D6, Barium Chloratum Dil. D4, Arnica Dil. D3, Conium Dil. D5"
8184,"Barium Chloratum D5, Arnica Montana D3, Phosphorus D5, Nitroglycerinum D6"
8185,"Arnica Montana D6, Calendula Officinalis D4, Thuja Occidentalis D6, Guajacum D4, Hydrargyrum Bichloratum D 12"
8186,"Antimonit Trit. D4, Argentum Nitricum Dil. D19 Aquos. (Hab, Vs. 5b), Atropa Belladonna Ex Herba Ferm 33a Dil. D13 (Hab, Vs. 33a), Echinacea Pallida E Planta Tota Ferm 33c Dil. D3 (Hab, Vs. 33c), Quarz Dil. D20 Aquos., Rosae Aetheroleum"
8187,"Antimonit Dil. D7, Argentum Nitricum Dil. D19 Aquos. (Hab, Vs. 5b), Atropa Belladonna Ex Herba Ferm 33a Dil. D13 (Hab, Vs. 33a), Echinacea Pallida E Planta Tota Ferm 33c Dil. D2 (Hab, Vs. 33c), Quarz Dil. D20 Aquos., Rosae Aetheroleum"
8188,Fotemustine
8189,"Histamine Dihydrochloride, Hydroxyethyl Salicylate, Methyl Nicotinate, Capsicum Extract"
8190,"Rhus Toxicodendron 6x, Arnica Montana D6, Ruta Graveolens D6"
8191,"Musculus Suis D200, Musculus Suis D30, Musculus Suis D10"
8192,"Musculus Suis D12, Musculus Suis D8, Musculus Suis D200, Musculus Suis D30"
8193,"Modified Vaccinia Ankara - Bavarian Nordic Virus Encoding The Ebola Virus Zaire Mayinga Strain Glycoprotein, The Ebola Virus Sudan Strain Glycoprotein, The Marburg Virus Musoke Strain Glycoprotein And The Taï Forest Virus Nucleoprotein"
8194,Neomycin Sulfate
8195,Metreleptin
8196,Mycophenolate Mofetil Ph. Eur.
8197,Aminobenzoate Potassium
8198,"Miconazole, Mazipredone Hydrochloride"
8199,"Clioquinol, Fluocinolone Acetonide"
8200,"Undecylenic Acid Ph. Eur., Zinc Undecylenate Ph. Eur."
8201,"Zinc, Undecylenic Acid"
8202,Pridinol Mesilate
8203,"Phenylephrine Hydrochloride, Tropicamide, Lidocaine Hydrochloride"
8204,"Phenylephrine Hydrochloride, Tropicamide"
8205,Tropicamide Ph. Eur.
8206,"Stramonium Dil. D2, Amanita Muscaria Dil. D3, Aranea Avicularis (Hab 34) Dil. D4"
8207,Sulconazole Nitrate
8208,Gemtuzumab Ozogamicin
8209,Bethanechol Chloride
8210,Tetrofosmin
8211,Alglucosidase Alfa
8212,Aficamten
8213,"Argentum Nitricum Dil. D19 Aquos. (Hab, Vs. 5b), Kalium Bichromicum Dil. D5 Aquos. (Hab, Vs. 5b), Myristica Sebifera, Succus E Cortice Dil. D3 Aquos. [hab, Sv 5b, Lsg. D1 Mit Ethanol 62% (M/M)]"
8214,"Argentum Nitricum Dil. D19 Aquos. (Hab, Vs. 5b), Kalium Bichromicum Dil. D5 Aquos. (Hab, Vs. 5b), Myristica Sebifera, Succus E Cortice Dil. D3 [hab, Vs. 5a, Lsg. D1 Mit Ethanol 62% (M/M)]"
8215,Myrrh Tincture
8216,"Myrrh, Coffee Charcoal, Dry Extract From Chamomile Flower (4-6:1): Extraction Solvent: Ethanol 60% (M/M)"
8217,"Bupropion Hydrochloride, Naltrexone Hydrochloride"
8218,Primidone Ph. Eur.
8219,Ambenonium Chloride
8220,Dimethyl-4-Toluidine
8221,"Calendula Officinalis D2, Hamamelis Virginiana Mother Tincture, Matricaria Recutita Mother Tincture"
8222,Sodium Isospaglumate
8223,Spaglumate Sodium
8224,Spaglumic Acid
8225,"Valerian Root Dry Extract (5.3-6.6:1), Extraction Agent: Methanol 45 % (M/M)"
8226,"Dry Extract From Valerian Root (4-6:1), Extraction Solvent: Water"
8227,Nadifloxacin
8228,"Nomegestrol Acetate, Estradiol Hemihydrate"
8229,Naftidrofuryl Hydrogen Oxalate Ph.Eur.
8230,Calendula Officinalis Flower
8231,"Extract From Calendula Flower, Extraction Solvents: Ethanol And Paraffin, White Soft"
8232,Galsulfase
8233,"Bitter-Orange Epicarp And Mesocarp, Menyanthidis Trifoliatae Folium, Clove, Gentian Root, Matricariae Flos, Menthae Piperitae Folium, Rosemary Leaf, Anisi Stellati Fructus, Carlinae Radix, Verbascum Flower, Cimicifugae Rhizoma, Agrimoniae Herba, Centaurii"
8234,"Lachesis Dil. D12, Grindelia Robusta Dil. D4, Naja Naja Dil. D12"
8235,Sulprostone
8236,Nalbuphine Hydrochloride
8237,Succinum
8238,Tinctura Amara
8239,"Peppermint Oil, Menthae Piperitae Tinctura"
8240,Nalmefene
8241,Fenoprofen Calcium
8242,"Naloxone Hydrochloride, Tilidine Hydrochloride"
8243,Naloxone Hydrochloride Dihydrate
8244,Naloxone
8245,Anhydrous Naloxone Hydrochloride
8246,Naltrexone
8247,Mexiletine
8248,Rhenium Sulfide
8249,Nanocolloidal Human Albumin
8250,"Naphazoline Hydrochloride, Pheniramine Maleate"
8251,3-Hydroxy-2-Naphthanilide
8252,Naproxen Ph. Eur.
8253,Naratriptan Hydrochloride
8254,"Convallaria Majalis Dil. D 2, Kalmia Latifolia Dil. D 2, Nitroglycerinum Dil. D6, Selenicereus Grandiflorus D2, Crataegus Mother Tincture, Iberis Amara Dil. D3"
8255,"Centella Asiatica Dil. D 4, Daphne Mezereum Dil. D 4, Smilax Dil. D 4, Solanum Dulcamara Dil. D 4, Thuja Occidentale Dil. D 3"
8256,"Daphne Mezereum Trit. D 6, Kreosotum Trit. D 6, Selenium Trit. D 6, Sulfur Trit. D 12, Thuja Occidentale Trit. D 12, Toxicodendron Quercifolium Trit. D 12"
8257,"Cimicifuga Racemosa Dil. D 2, Potentilla Anserina Dil. D 1, Caulophyllum Thalictroides Dil. D2, Anamirta Cocculus Dil. D4"
8258,"Chelidonium Majus Trit. D6, Citrullus Colocynthis Trit. D 4, Veronica Virginica Trit. D 3, Silybum Marianum Mother Tincture, Matricaria Recutita Mother Tincture"
8259,"Euphrasia Officinalis Trit. D 2, Pulsatilla Pratensis Trit. D 6"
8260,"Echinacea Dil. D 1, Ferrum Phosphoricum Dil. D 6 Aquos"
8261,"Lachesis Mutus Dil. D8, Ferrum Phosphoricum Dil. D 10, Calendula Officinalis Mother Tincture, Acidum Silicicum Dil. D8"
8262,"Allium Cepa Ferm 34a Ø, Barium Citricum Dil. D10 Aquos. (Hab, Vs. 8b), Cutis Feti Bovis Gl Dil. D4 (Hab, Vs. 41b), Hirudo Medicinalis Ex Animale Toto Gl Ø (Hab, Vs. 41c), Mesenchym Bovis Gl Dil. D4 (Hab, Vs. 41b), Thuja Occidentalis E Summitatibus Ferm 33"
8263,Phenelzine
8264,Ropivacaine Hydrochloride
8265,Ropivacaine Hydrochloride Monohydrate
8266,Okoubaka Aubrevillei Dil. D2
8267,"Boric Acid, Peppermint Oil, Eucalyptus Oil"
8268,"Berberis Vulgaris E Fructibus Ferm 33c Ø (Hab, Vs. 33c), Cajeputi Aetheroleum, Aqueous Colloidal Silicium Dioxide Solution Compounded With Citric Acid Monohydrate, Peru Balsam, Eucalyptus Oil, Prunus Spinosa E Fructibus La 25% (Hab, Vs. 12o)"
8269,"Berberis Vulgaris E Fructibus Ferm 33c Ø (Hab, Vs. 33c), Aqueous Colloidal Silicium Dioxide Solution Compounded With Citric Acid Monohydrate, Peru Balsam, Prunus Spinosa E Fructibus La 25% (Hab, Vs. 12o)"
8270,"Chlorhexidine Dihydrochloride, Neomycin Sulfate"
8271,Psyllium Seed
8272,Linum Usitatissimum L. Semen
8273,"Ammonium Carbonicum Dil. D 3, Hydrargyrum Sulfuratum Rubrum Dil. D8, Kalium Bichromicum D5, Lemna Minor D3, Arum Maculatum D4, Hydrargyrum Biiodatum D8, Lobaria Pulmonaria D4, Phosphorus Dil. D6, Hydrastis Canadensis Dil. D4"
8274,Oxymetazoline
8275,"Bromhexine Hydrochloride, Oxymetazoline Hydrochloride"
8276,"Cyanocobalamin, Folic Acid, Potassium Iodide"
8277,Potassium Tartrate
8278,Parathyroid Hormone
8279,Sodium Hydrogen Carbonate Pheur
8280,"Natrium Chloratum Dil. D12, Natrium Chloratum Dil. D200, Natrium Chloratum Dil. D30, Natrium Chloratum Dil. D8"
8281,"Natrium Pyruvicum D30, Natrium Pyruvicum D200, Natrium Pyruvicum D10"
8282,Sodium Salicylate
8283,"Sodium Chloride, Glucose Monohydrate Ph. Eur."
8284,Sodium Metabisulfite
8285,"Natrium Chloratum Dil. D200, Natrium Chloratum Dil. D30, Natrium Carbonicum Dil. D10, Natrium Carbonicum Dil. D30, Natrium Carbonicum Dil. D200, Natrium Chloratum Dil. D10, Natrium Chloratum Dil. D1000, Natrium Nitricum Dil. D10, Natrium Nitricum Dil. D30"
8286,Sodium Nitrite
8287,Sodium Thiosulfate
8288,Sodium Thiosulfate Pentahydrate
8289,Sodium Aurotiosulfate
8290,"Ascorbic Acid, Biotin, Colecalciferol, Cyanocobalamin, Folic Acid, Nicotinamide, Pyridoxine, Riboflavin, Thiamine, D-Pantothenic Acid, Retinol, Dl-Alpha-Tocopherol"
8291,"Retinol Palmitate, Ascorbic Acid, Colecalciferol, Cyanocobalamin, Dexpanthenol, Folic Acid, Nicotinamide, Riboflavin, Pyridoxine Hydrochloride, D-Biotin, Dl-Alpha-Tocopherol, Cocarboxylase Tetrahydrate"
8292,Sucrose
8293,"Sucrose, Honey"
8294,Noscapine Hydrochloride Monohydrate
8295,Procarbazine
8296,Procarbazine Hydrochloride
8297,"Dry Extract Of Urticae Folium (5-10:1), Extracting Agent: Ethanol 50% (V/V)"
8298,"Dry Extract Of Urticae Radix (6-11:1), Extracting Agent: Methanol 20% (V/V)"
8299,"Dry Extract From Harpagophyti Radix (Der Genuine 3.5-5:1), Extraction Solvent: Ethanol 60%"
8300,Pressed Juice From Fresh Marrubium Herb (1 : 0.70 – 0.90)
8301,Pressed Juice From Fresh Artichoke Flower Buds (1 : 0.60 - 0.90) (Hydrolysed)
8302,Pressed Juice From Fresh Valerianae Radix (1 : 0.60 - 0.85)
8303,Pressed Juice From Fresh Birch Leaves (1 : 2.05 – 2.40)
8304,Pressed Juice From Fresh Stinging Nettle Herb (1 : 0.55 – 0.82)
8305,Pressed Juice From Fresh Oat Herb (1 : 0.64 – 0.80)
8306,Pressed Juice From Fresh Flowering St. John's Wort Herb (1 : 0.50 – 0.90)
8307,Pressed Juice From Fresh Dandelion Herb And Root (1 : 0.60 – 0.80)
8308,Pressed Juice From Fresh Lemon Balm Herb (1: 0.68 – 0.90)
8309,Pressed Juice From Fresh Mistletoe Herb (1 : 1.60 – 2.20)
8310,Pressed Juice From Fresh Passion Flower Herb (1 : 0.7 - 0.9)
8311,Pressed Juice From Fresh Rosemary Herb (1 : 1.8 – 2.2)
8312,Pressed Juice From Fresh Sage Herb (1 : 0.55 – 0.85)
8313,Pressed Juice From Fresh Millefolii Herba (1 : 0.65 - 0.85)
8314,"Pressed Juice From Fresh Radish (1 : 0,56 - 0,70)"
8315,Pressed Juice From Fresh Flowering Echinacea Purpurea Herb (1:0.65-0.85)
8316,Pressed Juice From Fresh Ribwort Plantain Herb (1 : 0.60 - 0.90)
8317,Pressed Juice From Fresh Thyme Herb (1 : 1.5 - 2.4)
8318,Pressed Juice From Fresh Hawthorn Leaves And Flowers (1 : 0.63 - 0.90)
8319,Pressed Juice From Fresh Wormwood Herb (1 : 0.50 - 0.90)
8320,Pressed Juice From Fresh Equisetum Herb (1 : 1.6 – 2.0)
8321,Pressed Juice From Fresh Potato Tubers (1 : 0.45 – 0.70)
8322,"Doxylamine Hydrogen Succinate, Dicycloverine, Pyridoxine Hydrochloride"
8323,"Artemisia Absinthium Ex Herba Siccata, Ethanol. Infusum Ø, Cocculus Dil. D3, Ipecacuanha, Ethanol. Decoctum Dil. D3, Nux Vomica Dil. D9, Petroleum Rectificatum Dil. D7"
8324,Diphenhydramine Di(Acefyllinate)
8325,Vinorelbine
8326,Tizanidine
8327,Ivy Leaf
8328,"Hydrochlorothiazide, Nebivolol Hydrochloride"
8329,"Senna Pods, Tinnevelly, Senna Leaf Powder"
8330,"Neomycin Sulfate, Fluocinolone Acetonide, Lidocaine Hydrochloride"
8331,"Tincture (1:7) From Goldenrod Herb, Dandelion Herb With Root, Ammi Visnage Fruit, Bean Pericarp, Extraction Solvent: Ethanol 70%"
8332,Temocillin Sodium
8333,N. Meningitidis Group C (Strain C11) Polysaccharide (De-O-Acetylated) Conjugated To Tetanus Toxoid Adsorbed On Aluminum Hydroxide
8334,N. Meningitidis Group C (Strain C11) Polysaccharide (De-O-Acetylated) Conjugated To Tetanus Toxoid
8335,"N. Meningitidis Group C (Strain C11) Polysaccharide (De-O-Acetylated) Conjugated To Tetanus Toxoid, Algeldrate"
8336,"Tetanus Toxoid, Algeldrate, N. Meningitidis Group C (Strain C11) Polysaccharide (De-O-Acetylated)"
8337,"Tetanus Toxoid, N. Meningitidis Group C (Strain C11) Polysaccharide (De-O-Acetylated)"
8338,Periciazine
8339,"Soft Extract Of Artichoke Leaf (2.5-3.5:1), Extraction Solvent: Ethanol 20% (V/V)"
8340,"Crocus D3, Cyclamen Dil. D3, Chamaelirium Luteum Dil. D2, Caulophyllum Thalictroides Dil D4, Ambra Grisea D3, Lilium Lancifolium Dil. D4, Agnus Castus D3, Packera Aurea D4, Turnera Diffusa D3, Cimicifuga Dil. D3"
8341,"Selenium Dil. D 8, Avena Sativa 3dh, Zincum Metallicum D8, Semecarpus Anacardium Dil. D3, Cola D2, Caffeine D3, Panax Ginseng D3, Camphora D2"
8342,"Chondrodendron D4, Serenoa Repens Ø, Lycopodium Dil. D4"
8343,"Veratrum Album Dil D3, Passiflora Incarnata D3, Packera Aurea D4, Castoreum D3, Avena Sativa Dil. D3, Phosphorus Dil. D6"
8344,Nemolizumab
8345,"Benzalkonium Chloride Solution 50%, Cetrimide Bp"
8346,"Sodium Benzoate, 2,4 Dichlorobenzyl Alcohol"
8347,"Benzyl Alcohol, Sodium Benzoate"
8348,"Ascorbic Acid, 2,4 Dichlorobenzyl Alcohol"
8349,"Dextromethorphan Hydrobromide, 2,4 Dichlorobenzyl Alcohol"
8350,"Pheniramine Maleate, Phenylephrine Hydrochloride, Ascorbic Acid, Paracetamol"
8351,"Riboflavin Sodium Phosphate, Calcium Folinate, Cyanocobalamin, Dexpanthenol, Monophosphothiamine, Nicotinamide, Pyridoxine Hydrochloride"
8352,"Hippocastani Corticis Extractum Siccum: Der: 40-90:1, Ekstrahent: Metanol 90 %, Lidocaine Hydrochloride"
8353,"Codeine Phosphate Hemihydrate, Thyme Herb Pulveratum"
8354,"Bacitracin, Polymyxin B Sulfate"
8355,Neomycin
8356,"Nonivamide, Essential Oil Of Turpentine Kind ""pinus Pinaster"", Camphor, Eucalyptus Oil"
8357,"Valerianae Tinctura (1:5), Convallariae Tinctura Titrata, Crataegi Folii Cum Flore Tinctura"
8358,"Soft Extract Of Hawthorn Leaf And Flower (5-6,5:1), Extraction Solvent: 70% Ethanol V/V"
8359,"Sulfogaiacol, Grindelia Soft Hydroalcoholic Extract, Codeine Camsilate"
8360,Codeine Camsilate
8361,"Retinol, L-Cystine"
8362,"Cimicifuga Racemosa Dil. D 2, Cyclamen Purpurascens Dil. D 3, Spigelia Anthelmia D2, Gelsemium Sempervirens Dil. D2, Iris Versicolor Dil. D2"
8363,"Diclofenac Sodium, Orphenadrine Citrate"
8364,"Benzalkonium Chloride, Tannic Acid"
8365,Prajmalium Bitartrate
8366,"Benzethonium Chloride, Chlorhexidine Digluconate (20% Solution)"
8367,"Hydrocortisone Acetate, Neomycin Sulfate"
8368,"Cyanocobalamin, L-Arginine L-2 Pyrrolidone-5-Carboxylate"
8369,"Euphrasia Ø, Lobelia Inflata Dil. D1, Drosera Mother Tincture, Grindelia Robusta Mother Tincture"
8370,Benzensulfonchloramide Sodium
8371,Carbimazole Ph. Eur.
8372,"Chloroxylenol, Propylene Glycol, Eosine"
8373,Neomycin Sulphate Ph. Eur.
8374,"Passiflora Incarnata L. Herba, Valerianae Extractum Siccum"
8375,Epoetin Beta
8376,Clorofene
8377,"Inosine Pranobex, Zinc Gluconate"
8378,"Liquid Extract From Hawthorn Fruit And Valerian Root (1:1), Extraction Solvent: Ethanol 50% (V/V)"
8379,"Magnesium Oxide, Heavy, Pyridoxine Hydrochloride, Dry Extract From Melissa Leaf, (Der 6-8: 1), Extraction Solvent: Purified Water, Valerianae Extractum Siccum (3 - 6 : 1), Ethanol 70% (V/V)"
8380,"Liquid Extract From Hawthorn Fruit, Valerian Root, Hop Strobile And Passionflower Herb (36:36:18:10), Extraction Solvent: Ethanol 50% (V/V)"
8381,Neostigmine Bromide
8382,Phosphocreatine Sodium
8383,"Tormentil Tincture, Zinc Oxide, Ichthammol, Borax"
8384,"Xipamide, Triamterene"
8385,"Magnesium Carbonate Heavy, Calcium Acetate"
8386,"Equisetum Arvense Dil. D2 (Hab 34), Solidago Virgaurea Dil. D1, Apocynum Cannabinum D4"
8387,"Valine, Acetylcysteine, Alanine, Arginine, Histidine, Isoleucine, Leucine, Methionine, Phenylalanine, Proline, Serine, Threonine, Acetic Acid, Glacial, Glycine, Tryptophan, Lysine Acetate, L-Malic Acid"
8388,"Acetylcysteine, Glycine, L-Lysine Monoacetate, L-Tryptophan, Glycyl-Tyrosine, L-Arginine, L-Histidine, L-Isoleucine, L-Leucine, L-Methionine, L-Proline, L-Serine, L-Threonine, L-Tyrosine, L-Valine, L-Phenylalanine, L-Alanine"
8389,"Acetylcysteine, Glycine, L-Lysine Monoacetate, L-Tryptophan, L-Arginine, L-Histidine, L-Isoleucine, L-Leucine, L-Methionine, L-Proline, L-Serine, L-Threonine, L-Tyrosine, L-Valine, L-Phenylalanine, N-Glycyl L-Tyrosine 2h2o, L-Alanine"
8390,Dihydralazine Mesilate
8391,"Dihydralazine Sulphate, Hydrated"
8392,Turnera Diffusa Trit. D4
8393,"Causticum Hahnemanni D10, Causticum Hahnemanni D200, Causticum Hahnemanni D30, Citrullus Colocynthis D10, Citrullus Colocynthis D30, Colchicum Autumnale D10, Colchicum Autumnale D200, Ferrum Metallicum D10, Ferrum Metallicum D30, Filipendula Ulmaria D10,"
8394,"Gnaphalium Polycephalum (Hab 34) D10, Gnaphalium Polycephalum (Hab 34) D30, Gnaphalium Polycephalum (Hab 34) D6, Citrullus Colocynthis Dil. D10, Ferrum Metallicum Dil. D10, Ferrum Metallicum Dil. D30, Filipendula Ulmaria Dil. D10, Filipendula Ulmaria Dil."
8395,Neridronate Sodium
8396,Neratinib
8397,"Hypericum Perforatum L., Herba (Dry Extract)"
8398,"Lupuli Flos Dry Alcoholic Extract, Valerian Root Te With Ethanol/Ethanol Water, Trockenextrakt Aus Passionsblumenkraut 5-7:1, Auszugsmittel Ethanol 60 % (V/V)"
8399,"Crataegus D4, Passiflora Incarnata D4, Lycopus Virginicus D3, Asa Foetida D6"
8400,"Distillate From Lavender Flower, Lemongrass Herb, Valerian Root And Melissa Leaf (1,25 : 1,25 : 1 : 1), Distillation Agent: Ethanol 26 % (V/V)"
8401,"Dry Extract Of Valerian Root (3-6:1), Extraction Solvent: Ethanol 62% (M/M), Dry Extract Of Melissa Leaf (4-6:1), Extraction Agent: Methanol 30% (V/V)"
8402,"Kalium Bromatum D4, Acidum Phosphoricum D4, Sepia Officinalis D4, Strychnos Ignatii D4, Zincum Isovalerianicum D4"
8403,"Zincum Valerianicum D4, Ignatia Amara D 4, Kalium Bromatum D4, Acidum Phosphoricum D4, Sepia Officinalis D4"
8404,"Strychnos Ignatii Trit. D 4, Acidum Phosphoricum D4, Kalium Bromatum Trit. D4, Sepia Officinalis D4, Zincum Isovalerianicum Trit. D4"
8405,"Ambra Grisea Dil. D 3, Valeriana Ø, Cimicifuga Racemosa Ø, Semecarpus Anacardium Dil. D3, Avena Sativa Mother Tincture, Passiflora Incarnata Mother Tincture"
8406,"Silica D5, Corallium Rubrum D7, Agnus Castus D3, Magnesium Phosphoricum D3, Acidum Arsenicosum D6, Cuprum Aceticum D4, Atropinum Sulfuricum D6, Zincum Isovalerianicum D4"
8407,"Avena Sativa Mother Tincture, Passiflora Incarnata Dil. D2, Humulus Lupulus Ø, Acidum Phosphoricum Dil. D4"
8408,"Agaricus Dil. D 6, Asa Foetida Dil. D 5, Strychnos Ignatii Dil. D 6, Zincum Isovalerianicum Dil. D 8, Valeriana Officinalis Dil. D3"
8409,"Acidum Phosphoricum Dil. D 1, Anamirta Cocculus Trit. D 3, Hypericum Perforatum Trit. D 1, Avena Sativa Mother Tincture, Passiflora Incarnata Mother Tincture"
8410,"Menthae Piperitae Folium, Achillea Millefolium L. Herba, Valeriana Officinalis L. Radix, Matricaria Recutita L. Flos, Melissa Officinalis L. Folium"
8411,"Asa Foetida D4, Valeriana Officinalis D4, Convallaria Majalis D6, Lycopus Virginicus D4"
8412,"Liquid Extract (1:2) From Valerian Root, Melissa Herb, Angelica Archangelica Root, Hop Strobile, Lavender Flower (5:5:4:3:3), Extraction Solvent: Ethanol 60% (V/V)"
8413,"Fennel, Sweet, Valerianae Radix, Menthae Piperitae Herba, Melissae Herba"
8414,"Fennel Fruit Sweet, Valerianae Radix, Menthae Piperitae Herba, Melissae Herba"
8415,"Nervus Ischiadicus Bovis Gl Dil. D5 (Hab, Vs. 41a)"
8416,"Arnica Montana E Planta Tota Ferm 33c Dil. D14 (Hab, Vs. 33c), Rosae Aetheroleum Dil. D7 (Hab, Vs. 5a, Lsg. D1 Mit Ethanol 94% (M/M)), Corpora Quadrigemina Suis Gl Dil. D5 (Hab, Vs. 41a), Nervus Oculomotorius Suis Gl Dil. D5 (Hab, Vs. 41a), Nervus Opticus"
8417,"Nervus Opticus Suis D10, Nervus Opticus Suis D200, Nervus Opticus Suis D30"
8418,"Nervus Trigeminus Bovis Gl Dil. D5 (Hab, Vs. 41a)"
8419,Nettle Pollen
8420,Urtica Dioica
8421,"Zinc Oxide, Pramocaine Hydrochloride"
8422,"Dexamethasone Sodium Phosphate, Netilmicin Sulfate"
8423,"Dexamethasone Sodium Phosphate Ph. Eur., Netilmicin Sulfate Ph. Eur."
8424,Netilmicin Sulfate
8425,"Dry Extract From Nettle Leaf, Extraction Solvent: Ethanol 50% V/V"
8426,Nettle Leaf Dry Extract (8-10:1)
8427,Diprophylline
8428,"Cyanocobalamin, Pyridoxine Hydrochloride, Benzoyl Oxymethyl Thiamine"
8429,Florbetaben (18f)
8430,"Colocynthis Dil. D6, Aconitum Dil. D4, Cedron Dil. D4, Kalmia Latifolia Dil. D3, Verbascum Densiflorum Dil. D2"
8431,"Mezereum Dil. D8, Gnaphalium Polycephalum Dil. D3, Ranunculus Bulbosus Dil. D8, Asclepias Tuberosa Dil. D3, Gelsemium Dil. D8"
8432,"Aconitum Dil. D6, Chamomilla Dil. D2, Kalmia Latifolia Dil. D3"
8433,"Gelsemium Sempervirens Dil. D4, Simarouba Cedron Dil. D6, Verbascum Densiflorum Dil. D3"
8434,"Paracetamol, Caffeine, Acetylsalicylic Acid Ph. Eur."
8435,"Colocynthis D10, Causticum D10, Causticum D200, Causticum D30, Gnaphalium Polycephalum D30, Gnaphalium Polycephalum D6, Gnaphalium Polycephalum D10, Citrullus Colocynthis D30, Colchicum Autumnale D10, Colchicum Autumnale D200, Ferrum Metallicum D10, Ferru"
8436,"Dry Extract Of Passion Flower Herb (6-7:1), Dry Extract Of St. John's Wort (4,6-6,5:1), Extraction Solvent: Ethanol 38% M/M, Dry Extract Of Valerian Root (3.8-5.6:1), Extraction Solvent: Ethanol 40% M/M"
8437,"Dry Extract Of St. John's Wort (4,6-6,5:1), Extraction Solvent: Ethanol 38% M/M, Dry Extract Of Valerian Root (3.8-5.6:1), Extraction Solvent: Ethanol 40% M/M, Dry Extract Of Passion Flower (6,25-7,1:1), Extraction Solvent: Ethanol 60% M/M"
8438,"Coffea Cruda D 12, Avena Sativa D2, Passiflora Incarnata D2, Zincum Isovalerianicum D4"
8439,"Zincum Isovalerianicum D4, Coffea Arabica D12, Passiflora Incarnata Dil. D2, Avena Sativa Dil. D2"
8440,"Zincum Isovalerianicum Dil. D4, Coffea Arabica Dil. D12, Passiflora Incarnata Dil. D2, Avena Sativa Dil. D2"
8441,"Cyanocobalamin, Thiamine Nitrate, Pyridoxine Hydrochloride"
8442,"Thiamine Disulfide, Pyridoxine Hydrochloride"
8443,"Cyanocobalamin, Pyridoxine Hydrochloride, Thiamine Hydrochloride Ph. Eur."
8444,Hydrocortisone Butyrate Propionate
8445,"Paraffin, Light Liquid, Almond Oil"
8446,"Ferrum Sulfuricum-Acidum Silicicum D2, Aurum Metallicum D10, Kalium Phosphoricum D6"
8447,"Gelsemium Sempervirens Dil. D4, Cimicifuga Racemosa Ø, Acidum Picrinicum Dil D2, Sumbulus Moschatus Mother Tincture, Panax Ginseng Mother Tincture D1, Valeriana Officinalis Ø, Avena Sativa Mother Tincture, Passiflora Incarnata Mother Tincture, Humulus Lup"
8448,"Acidum Phosphoricum Dil. D30, Strychnos Ignatii Dil. D10, Strychnos Ignatii Dil. D30, Argentum Nitricum Dil. D30, Sepia Officinalis Dil. D30, Argentum Nitricum Dil. D10, Acidum Phosphoricum D10, Avena Sativa D10, Avena Sativa D30, Platinum Metallicum D10,"
8449,Bicisate Dihydrochloride
8450,Sodium
8451,Sodium Phosphate Dibasic Heptahydrate
8452,"Rhus Toxicodendron Dil. D5, Spigelia Anthelmia Dil. D4, Citrullus Colocynthis Dil. D4"
8453,Liquid Extract From Valerian Root/ Angelica Root/ Melissa Leaf/ Hop Strobile/ Lavender Flower (6/4/5/2/3) 1:2
8454,"Ethanol, Gelsemium Dil. D4, Pulsatilla Pratensis Dil. D4, Passiflora Incarnata Dil. D2, Lycopus Virginicus Dil. D2"
8455,"Asa Foetida Dil. D2, Allium Cepa D2, Momordica Balsamina Dil. D3"
8456,Nepafenac
8457,Nevirapine
8458,"Nevirapine, Anhydrous"
8459,"Arnica Montana Dil. D20, Rhus Toxicodendron D8, Formica Rufa D8, Gelsemium Sempervirens, Ethanol. Decoctum D6, Gnaphalium Leontopodium D4, Bambusa D6, Discus Intervertebralis Suis D8"
8460,Sorafenib
8461,Concentrate Of Proteolytic Enzymes Enriched In Bromelain
8462,Selinexor
8463,Avalglucosidase Alfa
8464,Extractum Lyophilisatum Nr. 43 Dil. D7
8465,Somatrogon
8466,Nicotinamide Ph. Eur.
8467,Acetyl L-Carnitine
8468,Acetylcarnitine Hydrochloride
8469,Nickel Sulfate Hexahydrate
8470,Nicotine Resinate 20%
8471,Nicotine Polacrilex
8472,"Aurum Metallicum Dil. D9, Lobelia Inflata Dil. D6, Nicotiana Tabacum D5, Strychnos Nux-Vomica D9, Passiflora Incarnata D5, Vitex Agnus-Castus D5"
8473,"Chamomilla Recutita E Radice Ferm 33c Dil. D2 (Hab, Vs. 33c), Carbo Vegetabilis Dil. D19 Aquos., Nicotiana Tabacum E Foliis Ferm 33b Dil. D9 (Hab, Vs. 33b)"
8474,"Neomycin Sulfate, Nystatin, Triamcinolone Acetonide"
8475,"Echinacea Dil. D 1, Equisetum Arvense (Hab 34) Urt., Lytta Vesicatoria Dil. D 4, Atropa Bella-Donna D4, Serenoa Repens Ø, Thuja Occidentalis Dil. D2"
8476,"Restharrow Root, Orthosiphon Folium"
8477,"Dry Extract Of Birch Leaf (4-8:1), Extraction Solvent: Water"
8478,"Hydrargyrum Bichloratum D6, Apis Mellifica D6, Cantharis D6"
8479,"Betulae Folium, Equisetum Stem, Restharrow Root, Solidago Virgaurea"
8480,"Betulae Folium, Restharrow Root, Solidago Gigantea, Equiseti Herba"
8481,"Auszug (10:1,3) Aus Betula (Folium), Juniperi Pseudo-Fructus (5:1,5) (Auszugsmittel: Trinkwasser, Saccharose, Honig, Citronensäure-Monohydrat)"
8482,"Solidago Virgaurea Dil. D 3, Lytta Vesicatoria D5, Berberis Vulgaris Dil D3"
8483,Nifedipine Bp
8484,"Carbocisteine, Sobrerol"
8485,"Pyridoxine Hydrochloride, Nitrofurantoin Monohydrate"
8486,"Aspergillus Niger E Volumine Cellulae (Lyophil., Steril.) D3"
8487,"Aspergillus Niger E Volumine Cellulae (Lyophil., Steril.) D5"
8488,"Aspergillus Niger E Volumine Cellulae (Lyophil., Steril.) D4"
8489,Silodosin
8490,Bempedoic Acid
8491,Norethandrolone
8492,Teduglutide
8493,Nilotinib Hydrochloride Monohydrate
8494,Nitroxoline
8495,Nimesulide Betadex
8496,"Tetanus Toxoid, N. Meningitidis Group C Polysaccharide, N. Meningitidis Group Y Polysaccharide, Neisseria Meningitidis Group A Polysaccharide, Neisseria Meningitidis Group W135 Polysaccharide"
8497,"Extract Of Thyme (1: 1,2-2): Extracton Solvent: Ammonia Solution 10% (M/M), Glycerol 85% (M/M), Ethanol 96% (V/V), Water (1:20:50:130)"
8498,Nimorazole
8499,Ixazomib Citrate
8500,"Nintedanib, Nintedanib Esylate"
8501,Pentostatin
8502,Sodium Nitroprusside Dihydrate
8503,"Dry Extract Of Passionflower Herb (2:1), Extraction Solvent: Ethanol 60% V/V"
8504,Oxaprozin
8505,"Psychotria Ipecacuanha D3, Eupatorium Perfoliatum D3, Phosphorus D5, Bryonia D3, Aconitum Napellus D3, Eucalyptus Globulus D3, Gelsemium Sempervirens D3"
8506,"Psychotria Ipecacuanha D3, Eupatorium Perfoliatum D3, Phosphorus D6, Bryonia D3, Aconitum Napellus D3, Eucalyptus Globulus D3, Gelsemium Sempervirens D3"
8507,"Phosphorus Dil. D5, Aconitum Dil. D3, Ipecacuanha Dil. D3, Eupatorium Perfoliatum Dil. D1, Bryonia Dil. D2, Gelsemium Dil. D3"
8508,"Sodium Nitrite, Sodium Thiosulfate"
8509,Nitisinone
8510,Nitrazepam Bp
8511,Pure Nitroglycerin
8512,"Nitrofurantoin Anhydrous, Nitrofurantoin, Macrocrystalline"
8513,Nitrofurantoin Ph. Eur.
8514,Nitrofurantoin Anhydrous
8515,Nitrofurantoin Bp
8516,"Ascorbic Acid, Nitrofurantoin"
8517,"Pentaerythrityl Tetranitrate, Diluted"
8518,Sodium Nitroprusside
8519,Nizatidine
8520,"Amitriptyline Hydrochloride, Medazepam"
8521,Oxetorone Fumarate
8522,"Drotaverine Hydrochloride, Metamizole Sodium Monohydrate, Caffeine"
8523,"Diphenhydramine Hydrochloride, Naphazoline Hydrochloride, Neomycin Sulfate"
8524,"Nomegestrol Acetate, Estradiol"
8525,4-Amino-3-Phenylbutyric Acid
8526,Homatropine Methylbromide
8527,Norepinephrine
8528,Nortriptyline
8529,Iodine Norcholesterol (131i)
8530,Norethisterone Acetate
8531,Nortriptyline Hydrochloride
8532,Orphenadrine Citrate
8533,"Orphenadrine Citrate, Paracetamol"
8534,"Mestranol, Norethisterone"
8535,Norethisterone Enantate
8536,"Rhamnus Frangula Cortex, Karaya Gum"
8537,Bacillus Clausii
8538,"Clopamide, Reserpine, Dihydroergocristine"
8539,"Clopamide, Reserpine, Dihydroergocristine Mesilate"
8540,"Glucose, Anhydrous, Potassium Chloride, Sodium Chloride, Sodium Citrate Dihydrate"
8541,Temazepam
8542,"Sodium Chloride, Glucose Monohydrate, Potassium Acetate"
8543,"Zinc Acetate Dihydrate, Magnesium Chloride Hexahydrate, Potassium Chloride, Sodium Chloride, Calcium Chloride Dihydrate, Sodium Acetate Trihydrate"
8544,Coltura Liofilizzata Di Ceppo Selezionato Di Bacillo Di Döderlein (Lactobacillus Rhamnosus)
8545,"Glucose, Anhydrous, Potassium Chloride, Sodium Chloride, Trisodium Citrate"
8546,"Atenolol, Indapamide"
8547,"Standardised Dry Extract Of Frangula Bark (Der 5-7: 1) Corresponding To 15 Mg Of Glucofrangulins Expressed As Glucofrangulin A, Extraction Solvent: Ethanol 60% (M/M)"
8548,"Caraway Fruit, Menthae Piperitae Folium, Cortex Frangulae, Cassia Senna L. Folium, Sambucus Nigra Fruit"
8549,"Caraway Fruit, Menthae Piperitae Folium, Cortex Frangulae, Sennae Folium, Sambucus Nigra Fruit"
8550,"Extract Of Saw Palmetto Berries (10-14: 1), Extraction Solvent: Ethanol 90 % (M / M)"
8551,Quinagolide
8552,Quinagolide Hydrochloride
8553,Glycyrrhiza Glabra
8554,Sulfathiazole
8555,"Amylase, Protease, Rizolipase"
8556,Ritonavir
8557,"Noscapine Hydrochloride, Guaifenesin"
8558,"Chlorphenamine Maleate, Naphazoline Hydrochloride"
8559,"Penicillium Chrysogenum E Volumine Cellulae (Lyophil., Steril.) D3"
8560,"Penicillium Chrysogenum E Volumine Cellulae (Lyophil., Steril.) D5"
8561,"Penicillium Chrysogenum E Volumine Cellulae (Lyophil., Steril.) D4"
8562,"Icodextrin, Magnesium Chloride Hexahydrate, Sodium Chloride, Calcium Chloride Dihydrate, Sodium (S)-Lactate Solution"
8563,Diethylcarbamazine Citrate
8564,"Avena Sativa D1, Chamomilla Recutita D12, Phosphorus D12, Coffea Arabica D12, Zincum Valerianicum D12"
8565,"Aluminium, Magnesium"
8566,"Dexpanthenol, Retinol"
8567,"Benzyl Benzoate, Dimenthyl Phthalate"
8568,"Liquid Extract From Mullein Flower (0.5-1:1), Extraction Solvent: Ethanol 40% (V/V)"
8569,"Neostigmine Methylsulfate, Glycopyrronium Bromide Ph. Eur."
8570,Beta-Acetyldigoxin
8571,Turoctocog Alfa
8572,"Dermatophagoides Pteronyssinus, Dermatophagoides Farinae, Aluminium Hydroxide"
8573,"Mucor Mucedo, Cladosporium Herbarum, Botrytis Cinerea, Chaetomium Globosum, Helminthosporium Halodes, Serpula Lacrimans, Rhizopus Nigricans, Pleospora Herbarum, Aspergillus Fumigatus, Ustilago Tritici, Penicillium Notatum, Alternaria Tenuis, Cochliobolus"
8574,Animal Tissue Extracts
8575,"Dermatophagoides Farinae, Aluminium Hydroxide"
8576,"Dermatophagoides Pteronyssinus, Aluminium Hydroxide"
8577,"Guaifenesin, Dry Extract From St. John's Wort, Passion Flower, Valerian Root, Hawthorn Leaf And Flower, Hop Strobile, Lemon Balm Top And Elder Flower"
8578,"Guaifenesin, Passiflora Extract"
8579,Eptacog Alfa (Activated)
8580,"Gentamicin, Fluocinonide"
8581,Catridecacog
8582,Romiplostim
8583,"Taraxacum Officinale D3, Chelidonium Majus D3, Silybum Marianum D2"
8584,"Panax Ginseng D1, Hyoscyamus Niger D30, Ambra Grisea D3, Barium Carbonicum D6, Zincum Metallicum D12, Helleborus Niger D4, Barium Iodatum D4"
8585,"Iris Versicolor D6, Cimicifuga Racemosa D6, Psychotria Ipecacuanha D4, Secale Cornutum D4, Strychnos Ignatii D4"
8586,"Iris Versicolor D6, Psychotria Ipecacuanha D4, Secale Cornutum D4, Strychnos Ignatii D4, Strychnos Nux-Vomica D12"
8587,"Ambra Grisea D3, Lycopodium Clavatum D6, Strychnos Nux-Vomica D12, Sulfur D12, Aurum Metallicum D12"
8588,"Ambra Grisea D3, Argentum Nitricum D12, Strophanthus Gratus D4, Gelsemium Sempervirens D30, Coffea Arabica D12"
8589,"Crataegus D3, Selenicereus Grandiflorus D3, Veratrum Album D3"
8590,"Auri Solutio Colloidalis D4, Camphora D2, Crataegus D1, Selenicereus Grandiflorus D2, Strophanthus Gratus D4, Valeriana Officinalis D1"
8591,"Ambra Grisea Dil. D 3, Strophanthus Gratus D4"
8592,"Sepia D6, Ambra Grisea D3, Cimicifuga Racemosa D3, Pulsatilla Pratensis D3"
8593,"Kalium Iodatum Dil. D 3, Juglans Regia D2, Berberis Vulgaris D3"
8594,"Rhus Toxicodendron D4, Aesculus Hippocastanum D3, Symphytum Officinale D8, Hypericum Perforatum D3, Ruta Graveolens D2"
8595,"Hydrargyrum Biiodatum D4, Phosphorus D6, Bryonia D3, Eupatorium Perfoliatum D2, Lachesis D 12, Gelsemium Sempervirens D3, Aconitum Napellus D6"
8596,"Hydrargyrum Biiodatum D4, Apis Mellifica D4, Atropa Bella-Donna D4, Causticum Hahnemanni D6"
8597,"Calcium Phosphoricum D12, Cinchona Pubescens D4, Ferrum Phosphoricum D12"
8598,"Selenium D6, Digitalis Purpurea Dil. D4, Chimaphila Umbellata D1, Serenoa Repens D1"
8599,"Drosera Rotundifolia D4, Ammonium Bromatum D3, Phosphorus D5, Psychotria Ipecacuanha D2, Rumex Crispus D4"
8600,"Ledum Palustre D2, Arnica Montana D3, Ruta Graveolens D3, Hypericum Perforatum D3, Calendula Officinalis D1"
8601,"Hydrastis Canadensis, Hydrargyrum Biiodatum D3, Acidum Silicicum D12, Calcium Fluoratum D12, Hepar Sulfuris D10, Kalium Bichromicum D4"
8602,"Acidum Hydrofluoricum Dil. D 15, Natrium Phosphoricum D6, Acidum Silicicum D12, Lycopodium Clavatum D6, Sulfur D13, Thuja Occidentalis D6, Hedera Helix Dil. D6, Natrium Sulfuricum D6, Magnesium Phosphoricum D12, Calcium Carbonicum Hahnemanni D15"
8603,"Silicea D12, Prunus Laurocerasus D4, Secale Cornutum D4, Aesculus Hippocastanum D3, Calcium Fluoratum D12, Strophanthus Gratus D4"
8604,"Plantago Major D1, Citrullus Colocynthis D4, Verbascum Densiflorum Dil. D3, Aconitum Napellus D6, Magnesium Phosphoricum D12"
8605,"Berberis Vulgaris D3, Solidago Virgaurea D3"
8606,"Ambra Grisea D3, Avena Sativa D1, Strophanthus Gratus D4, Zincum Metallicum D30, Coffea Arabica D12"
8607,"Secale Cornutum D4, Veratrum Album D4, Anamirta Cocculus D4, Cinchona Pubescens D3, Conium Maculatum D4"
8608,"Semecarpus Anacardium Dil. D12, Acidum Phosphoricum D3, Kalium Phosphoricum D6, Strychnos Ignatii D12, Strychnos Nux-Vomica D12"
8609,"Ambra Grisea Dil. D 3, Acidum Phosphoricum D3, Nicotiana Tabacum D30, Strychnos Nux-Vomica D30, Magnesium Phosphoricum D12"
8610,"Turnera Diffusa Dil D4, Panax Ginseng D1, Acidum Phosphoricum D3, Avena Sativa D1, Cinchona Pubescens D2"
8611,"Petroselinum Crispum Convar. Crispum D1, Causticum Hahnemanni D6, Lytta Vesicatoria D6, Solanum Dulcamara D3"
8612,"Viburnum Opulus D1, Caulophyllum Thalictroides D4, Atropa Bella-Donna D3, Matricaria Recutita D2, Magnesium Phosphoricum D12"
8613,"Iris Versicolor D3, Acidum Arsenicosum D6, Atropinum Sulfuricum D6, Myristica Fragrans D3, Strychnos Nux-Vomica D6, Asa Foetida D3"
8614,"Veratrum Album D4, Acidum Arsenicosum D6, Ferrum Phosphoricum D12"
8615,"Iberis Amara Dil D2, Crataegus D1, Kalium Carbonicum D3, Selenicereus Grandiflorus D1, Spigelia Anthelmia D2"
8616,"Zincum Isovalerianicum D30, Coffea Arabica D10, Helleborus Niger D4"
8617,"Echinacea Angustifolia D2, Bryonia D4, Apis Mellifica D3, Colchicum Autumnale D4, Toxicodendron Quercifolium D4"
8618,"Ferrum Metallicum D12, Atropa Bella-Donna D6"
8619,"Aluminium-Kalium-Sulfuricum D4, Echinacea D1, Euphorbium D6, Gelsemium Sempervirens D6"
8620,"Psychotria Ipecacuanha D12, Calcium Phosphoricum D12, Cuprum Aceticum D4"
8621,"Equisetum Arvense, Petroselinum Crispum Convar. Crispum D1, Sepia Officinalis D6, Solanum Dulcamara D3"
8622,"Echinacea Angustifolia D2, Vincetoxicum D6, Hydrargyrum Biiodatum D4, Sulfur Iodatum D3"
8623,"Benzalkonium Chloride, Phenylephrine Hydrochloride, Thenyldiamine Hydrochloride"
8624,Darolutamide
8625,Mepolizumab
8626,"Uridine, Cytidine 5' Monophosphate Disodium"
8627,Fosdenopterin
8628,Belatacept
8629,"Sodium Bicarbonate Bp, Sodium Alginate Bp, Calcium Carbonate Bp"
8630,"Capsicum Tincture Bpc, Benzoin Tincture Bpc 1973, Cetylpyridinium Chloride Bp"
8631,"Valine, Ornithine Hydrochloride, Alanine, Arginine, Cysteine, Histidine, Isoleucine, Leucine, Methionine, Phenylalanine, Proline, Serine, Taurine, Threonine, Tyrosine, Aspartic Acid, Glutamic Acid, Glycine, Olive Oil, Refined, Soya-Bean Oil Refined, Trypt"
8632,"Doxylamine, Pyridoxine Hydrochloride"
8633,"Pseudoephedrine Hydrochloride, Ibuprofen Bp"
8634,"Ethanol 100%, 1-Propanol"
8635,"Belladonna D3, Hydrastis D3, Kalium Sulfuricum D4, Silica D5, Hepar Sulfuris D5, Manganum Sulfuricum D3, Calcarea Carbonica Ostrearum D3, Schoenocaulon Officinale D3, Calcium Fluoratum D3, Kalium Bichromicum D5, Hydrargyrum Sulfuratum Rubrum D8, Thuja Occ"
8636,Nut Mixture
8637,"Ezetimibe, Bempedoic Acid"
8638,"Retinol Palmitate, Riboflavin Sodium Phosphate, Thiamine Hydrochloride, Ascorbic Acid, Biotin, Colecalciferol, Cyanocobalamin, Folic Acid, Nicotinamide, Pantothenic Acid, Pyridoxine Hydrochloride, All-Rac-Phytomenadione, Dl-Alpha-Tocopherol"
8639,"Valine, Alanine, Arginine, Histidine, Isoleucine, Leucine, Methionine, Phenylalanine, Proline, Serine, Threonine, Aspartic Acid, Glutamic Acid, Glycine, Omega-3-Acid Triglycerides, Soya-Bean Oil Refined, Triglycerides, Medium Chain, Tryptophan, Glucose Mo"
8640,"Valine, Arginine Glutamate, Alanine, Isoleucine, Leucine, Methionine, Phenylalanine, Proline, Serine, Threonine, Aspartic Acid, Glutamic Acid, Glycine, Histidine Hydrochloride Monohydrate, Potassium Dihydrogen Phosphate, Tryptophan, Zinc Acetate Dihydrate"
8641,"Valine, Arginine Glutamate, Alanine, Isoleucine, Leucine, Methionine, Phenylalanine, Proline, Serine, Threonine, Aspartic Acid, Glutamic Acid, Glycine, Histidine Hydrochloride Monohydrate, Sodium Dihydrogen Phosphate Dihydrate, Tryptophan, Potassium Hydro"
8642,"Valine, Alanine, Arginine, Histidine, Isoleucine, Leucine, Methionine, Phenylalanine, Proline, Serine, Threonine, Tyrosine, Glycine, Tryptophan, Magnesium Chloride Hexahydrate, Sodium Chloride, Calcium Chloride Dihydrate, Lysine Hydrochloride, Sodium-L-La"
8643,"Valine, Alanine, Arginine, Histidine, Isoleucine, Leucine, Methionine, Phenylalanine, Proline, Serine, Threonine, Tyrosine, Glycine, Sodium Lactate Solution, Tryptophan, Magnesium Chloride Hexahydrate, Sodium Chloride, Calcium Chloride Dihydrate, Lysine H"
8644,"Valine, Alanine, Arginine, Histidine, Isoleucine, Leucine, Methionine, Phenylalanine, Proline, Serine, Threonine, Tyrosine, Glycine, Tryptophan, Magnesium Chloride Hexahydrate, Sodium Chloride, Calcium Chloride Dihydrate, Lysine Hydrochloride, Sodium (S)-"
8645,"Sodium Molybdate Dihydrate, Zinc Chloride, Chromic Chloride, Copper Chloride, Ferrous Chloride, Manganese Chloride, Potassium Iodide, Sodium Fluoride, Sodium Selenite Pentahydrate"
8646,Pancreatin Bp
8647,"Chromic Chloride, Copper Gluconate, Ferrous Gluconate, Manganese Gluconate, Potassium Iodide, Sodium Fluoride, Sodium Molybdate, Sodium Selenite, Zinc Gluconate"
8648,"Chromium Trichloride, Copper Gluconate, Ferrous Gluconate, Manganese Gluconate, Potassium Iodide, Sodium Fluoride, Sodium Molybdate, Sodium Selenite, Zinc Gluconate"
8649,"Sars-Cov-2, Spike Protein, Recombinant, Expressed In Sf9 Cells Derived From Spodoptera Frugiperda, Matrix M"
8650,"Matrix M, Sars-Cov-2, Variant Omicron Jn.1, Spike Protein, Recombinant, Expressed In Sf9 Cells Derived From Spodoptera Frugiperda"
8651,"Matrix M, Mivalsecovatein"
8652,Simoctocog Alfa
8653,"Bryonia D10, Bryonia D1000, Bryonia D15, Bryonia D200, Bryonia D30, Bryonia D4, Bryonia D6, Citrullus Colocynthis D10, Citrullus Colocynthis D200, Citrullus Colocynthis D30, Citrullus Colocynthis D4, Lycopodium Clavatum D10, Lycopodium Clavatum D1000, Lyc"
8654,"Strychnos Nux-Vomica Dil. D4, Gentiana Lutea, Ethanol. Decoctum Dil. D1, Myristica Fragrans Dil. D4"
8655,"Pulsatilla D4, Arsenicum Album D6, Robinia Pseudoacacia D5, Psychotria Ipecacuanha D4, Bryonia D4, Cinchona Pubescens D4, Sulfur D4"
8656,"China Rubra D 4, Ipeca D 4, Nux Vomica D3, Pulsatilla Pratensis D4, Robinia Pseudoacacia D3, Acidum Arsenicosum D6, Bryonia D4, Sulfur D4"
8657,"Pulsatilla D4, China Rubra D 4, Ipeca D 4, Arsenicum Album D8, Bryonia D4, Strychnos Nux-Vomica D6, Robinia Pseudoacacia D4, Sulfur D4"
8658,"Argentum Nitricum D4, Acidum Arsenicosum D6, Carbo Vegetabilis D8, Citrullus Colocynthis D3, Stibium Sulfuratum Nigrum D6, Strychnos Nux-Vomica D3, Pulsatilla Pratensis D3, Veratrum Album D3"
8659,Strychnos Nux-Vomica Dil. D4
8660,Nux Vomica Dil. D6
8661,"Semecarpus Anacardium Trit. D 4, Leonurus Cardiaca Trit. D1, Acidum Arsenicosum Trit D5, Centaurium Erythraea E Planta Tota Recente Trit D1, Strychnos Nux-Vomica Trit. D3"
8662,"Chamomilla Recutita E Radice Ferm 33c Dil. D2 (Hab, Vs. 33c), Carbo Vegetabilis Dil. D19 Aquos., Nicotiana Tabacum E Foliis Ferm 33b Dil. D9 (Hab, Vs. 33b), Renes Bovis Gl Dil. D6 (Hab, Vs. 41a), Strychnos Nux-Vomica E Semine Ferm 35b Dil. D7 (Hab, Vs. 35"
8663,"Bryonia Cretica D10, Bryonia Cretica D1000, Bryonia Cretica D15, Bryonia Cretica D200, Bryonia Cretica D30, Bryonia Cretica D4, Citrullus Colocynthis D10, Citrullus Colocynthis D200, Citrullus Colocynthis D30, Citrullus Colocynthis D5, Lycopodium Clavatum"
8664,"Bryonia D10, Bryonia D1000, Bryonia D15, Bryonia D2, Bryonia D200, Bryonia D30, Bryonia D6, Citrullus Colocynthis D10, Citrullus Colocynthis D200, Citrullus Colocynthis D3, Citrullus Colocynthis D30, Lycopodium Clavatum D10, Lycopodium Clavatum D1000, Lyc"
8665,"Strychnos Nux-Vomica Dil. D10, Strychnos Nux-Vomica Dil. D15, Strychnos Nux-Vomica Dil. D30, Strychnos Nux-Vomica Dil. D200, Strychnos Nux-Vomica Dil. D1000, Strychnos Nux-Vomica Dil. D2, Bryonia Dil. D6, Bryonia Dil. D10, Bryonia Dil. D30, Bryonia Dil. D"
8666,"Strychnos Nux-Vomica Dil. D4, Citrullus Colocynthis Dil. D 5, Strychnos Nux-Vomica Dil. D10, Strychnos Nux-Vomica Dil. D15, Strychnos Nux-Vomica Dil. D30, Strychnos Nux-Vomica Dil. D200, Strychnos Nux-Vomica Dil. D1000, Bryonia Dil. D6, Bryonia Dil. D10,"
8667,"Strychnos Nux-Vomica Dil. D12, Strychnos Nux-Vomica Dil. D30, Strychnos Nux-Vomica Dil. D200, Strychnos Nux-Vomica Dil. D1000"
8668,"Bismutum Subnitricum Trit. D 3, Carbo Vegetabilis Trit. D 3, Ferrum Metallicum Trit. D 3, Lycopodium Clavatum Trit. D 4, Natrium Chloratum Trit. D3, Stibium Sulfuratum Nigrum Trit. D4, Strychnos Nux-Vomica Trit D4"
8669,"Strychnos Nux-Vomica Dil. D4, Carbo Vegetabilis Dil. D 11, Citrullus Colocynthis Dil. D 5, Lycopodium Clavatum Dil D 11, Mormordica Balsamina Dil. D 2, Stibium Sulfuratum Nigrum Dil. D 11"
8670,"Apomorphinum Hydrochloricum Dil. D12, Anamirta Cocculus Dil. D12, Petroleum Rectificatum Dil. D12, Psychotria Ipecacuanha Dil. D8, Nux Vomica Dil. D6"
8671,"Spigelia Anthelmia Dil. D 3, Aconitum Napellus Dil. D5, Magnesium Phosphoricum D7"
8672,Apocynum Cannabinum Dil. D 2
8673,Nystatin Bp
8674,"Lactose Monohydrate, Lactose Anhydrous"
8675,"Nystatin, Hydrocortisone Acetate Ph. Eur."
8676,"Chlorhexidine Dihydrochloride, Nystatin"
8677,"Chlorhexidine Dihydrochloride, Nystatin, Hydrocortisone"
8678,"Nystatin, Hydrocortisone, Chlorhexidine Acetate"
8679,"Chlorhexidine Dihydrochloride, Nystatin, Dexamethasone"
8680,"Hydrocortisone Acetate, Nystatin"
8681,O-(ß-Hydroxyethyl)rutosides
8682,Vibegron
8683,"Diazepam, Otilonium Bromide"
8684,Susoctocog Alfa
8685,"Allogeneic Bone Marrow-Derived Mesenchymal Stromal Cells, Ex-Vivo Expanded"
8686,"Paraffin, Viscous"
8687,Obeticholic Acid
8688,Ocrelizumab
8689,"Octenidine Dihydrochloride, Isopropyl Alcohol, 1-Propanol"
8690,"Octenidine Dihydrochloride, Isopropyl Alcohol, Propanol"
8691,"Octenidine Dihydrochloride, 2-Propanol (Ph. Eur.), 1-Propanol"
8692,"Octenidine Dihydrochloride, Phenoxyethanol (Ph. Eur.)"
8693,Octreotide
8694,Octreotide Acetate
8695,Pentetreotide
8696,Indium In-111 Pentetreotide
8697,"Pentetreotide, Indium (111in) Chloride"
8698,Octyl Gallate
8699,Octhilinone
8700,Flurbiprofen Sodium Dihydrate
8701,Povidone K25
8702,"Chloramphenicol, Dexamethasone"
8703,"Pilocarpus Jaborandi D5, Cochlearia Officinalis D5, Euphrasia D5, Echinacea D5"
8704,"Cochlearia Officinalis D5, Euphrasia D5, Pilocarpus D5, Echinacea D5"
8705,"Oculus Totalis Suis D10, Oculus Totalis Suis D200, Oculus Totalis Suis D30"
8706,"Oculus Totalis Suis D12, Oculus Totalis Suis D200, Oculus Totalis Suis D30, Oculus Totalis Suis D8"
8707,Fumitory (Aqueous Dried Extract Of Flowering Aerial Parts)
8708,Ondansetron Hydrochloride
8709,Sonidegib
8710,"Arnica Montana Dil. D4, Calendula Officinalis Dil. D3, Delphinium Staphisagria Dil. D4, Hepar Sulfuris Dil. D8, Kalium Bichromicum Dil. D8, Kalium Sulfuricum Dil. D8, Symphytum Officinale Dil. D6, Echinacea Purpurea Mother Tincture"
8711,"Stannum Metallicum D8, Anamirta Cocculus D8, Oenanthe Crocata D4, Datura Stramonium D3, Arnica Montana D3, Hyoscyamus D 4, Acidum Arsenicosum D6, Cuprum Aceticum D6, Atropinum Sulfuricum D5, Strychnos Nux-Vomica D4"
8712,Oxytocin
8713,"Naphazoline Hydrochloride, Zinc Phenolsulfonate"
8714,"Neomycin, Prednisone"
8715,"Gramicidin, Neomycin Sulfate, Polymyxin B Sulfate"
8716,"Adenosine, Nicotinamide, Cytochrome C"
8717,Tetryzoline
8718,Nirogacestat
8719,Nirogacestat Hydrobromide
8720,"Paraffin, Light Liquid, Paraffin White Soft"
8721,"Triclosan, Benzalkonium Chloride Solution, Paraffin, Light Liquid"
8722,"Benzalkonium Chloride, Triclosan, Paraffin, Light Liquid"
8723,"Arachis Oil Bp, Calamine Bp"
8724,"Paraffin, Yellow Soft, Liquid Paraffin"
8725,"Naphazoline Hydrochloride, Hamemelis Water"
8726,"Glycine, Acetylsalicylic Acid, Caffeine"
8727,"Hawthorn, Dry Extract, Quinine Benzoate"
8728,Okoubaka Aubrevillei Trit. D2
8729,"Okoubaka Aubrevillei D3, Croton Tiglium D6, Veratrum Album D12, Carbo Vegetabilis D6, Arsenicum Album D12"
8730,"Myrrha D6, Olibanum D12, Aurum Metallicum D30"
8731,Olanzapine Micronized
8732,"Levomenthol, Mint Oil, Partly Dementholised, Eucalyptus Oil"
8733,"Mint Oil, Partly Dementholised, Menthol, Cajuput Oil, Clove Oil, Eucalyptus Oil, Juniper Oil, Methyl Salicylate"
8734,"Levomenthol, Cajuput Oil, Clove Oil, Eucalyptus Oil, Methyl Salicylate, Juniper Berry Oil, Mint Oil, Dementholised"
8735,"Levomenthol, Peppermint Oil, Cajuput Oil, Eucalyptus Oil"
8736,"Levomenthol, Cajuput Oil, Eucalyptus Oil, Juniper Oil, Methyl Salicylate, Mint Oil, Caryophylli Floris Aetheroleum"
8737,"Levomenthol, Mint Oil, Partly Dementholised, Cajuput Oil, Clove Oil, Eucalyptus Oil, Methyl Salicylate, Juniper Berry Oil"
8738,Acipimox
8739,Cinnamomum Camphora Bark Oil
8740,Colecalciferol Concentrate (Powder Form) (Sds)
8741,Citronellae Aetheroleum 10 %
8742,Rosmarini Aetheroleum 10 %
8743,"Terebinthinae Aetheroleum Rectificatum, D-Camphor, Eucalyptus Oil, Sylvestris Pine Oil"
8744,"Olive Oil, Refined"
8745,Oleum Strophanthi Kombe
8746,"Valine, Alanine, Arginine, Histidine, Isoleucine, Leucine, Methionine, Phenylalanine, Proline, Serine, Threonine, Tyrosine, Aspartic Acid, Glutamic Acid, Glycine, Tryptophan, Magnesium Chloride Hexahydrate, Potassium Chloride, Calcium Chloride Dihydrate,"
8747,"Valine, Threonine, Tyrosine, Glycine, Tryptophan, Magnesium Chloride Hexahydrate, Potassium Chloride, Calcium Chloride Dihydrate, L-Lysine Acetate, Glucose Monohydrate, Sodium Acetate Trihydrate, Sodium Glycerophosphate, L-Arginine, L-Histidine, L-Isoleuc"
8748,"Glycine, Magnesium Chloride Hexahydrate, Potassium Chloride, Calcium Chloride Dihydrate, Glucose Monohydrate, Sodium Acetate Trihydrate, L-Tryptophan, L-Arginine, L-Histidine, Lysine Acetate, L-Isoleucine, L-Leucine, L-Methionine, L-Proline, L-Serine, L-T"
8749,"Valine, Glycine, Magnesium Chloride Hexahydrate, Potassium Chloride, Calcium Chloride Dihydrate, L-Lysine Acetate, Glucose Monohydrate, Sodium Acetate Trihydrate, L-Tryptophan, L-Arginine, L-Histidine, L-Isoleucine, L-Leucine, L-Methionine, L-Proline, L-S"
8750,"Aspartic Acid, Glycine, Magnesium Chloride Hexahydrate, Potassium Chloride, Calcium Chloride Dihydrate, L-Lysine Acetate, Glucose Monohydrate, Sodium Acetate Trihydrate, L-Tryptophan, L-Arginine, L-Histidine, L-Isoleucine, L-Leucine, L-Methionine, L-Proli"
8751,"Aurum Metallicum Praeparatum Dil. D30, Myrrha Dil. D6, Olibanum Dil. D12"
8752,"Dry Extract Of Birch Leaf (4-8:1), Extraction Solvent: Water, Dry Extract From Hawthorn Leaf And Flower (4-8:1), Extraction Solvent: Methanol 70% (V/V), Dry Extract Of Hawthorn Berries (4-6:1), Extraction Solvent: Ethanol 60% (V/V), Dry Extract Of Mistlet"
8753,"Glycine, Olive Oil, Refined, Soya-Bean Oil Refined, Magnesium Chloride Hexahydrate, Potassium Chloride, Calcium Chloride Dihydrate, L-Lysine Hydrochloride, Glucose Monohydrate, Sodium Acetate Trihydrate, L-Tryptophan, L-Arginine, L-Histidine, L-Isoleucine"
8754,"Valine, Alanine, Arginine, Histidine, Isoleucine, Leucine, Lysine, Methionine, Phenylalanine, Proline, Serine, Threonine, Tyrosine, Glucose, Anhydrous, Glycine, Olive Oil, Refined, Soya-Bean Oil Refined, Tryptophan, Magnesium Chloride Hexahydrate, Potassi"
8755,"Copper Gluconate, Manganese Gluconate, Colloidal Gold"
8756,"Copper Gluconate, Sodium Fluoride, Sodium Iodide, Sodium Selenite, Ammonium Molybdate Tetrahydrate, Zinc Gluconate Trihydrate, Ferrous Gluconate Dihydrate, Manganese Gluconate Dihydrate, Chrome Chloryde Hexahydrate"
8757,Bismuth Gluconate
8758,Cobalt Gluconate
8759,"Cobalt Gluconate, Copper Gluconate, Manganese Gluconate"
8760,"Cobalt Gluconate, Manganese Gluconate"
8761,"Cobalt Gluconate, Zinc Gluconate, Nickel Gluconate"
8762,Copper Gluconate
8763,"Copper Gluconate, Colloidal Gold, Silver Gluconate"
8764,"Copper Gluconate, Manganese Gluconate"
8765,"Copper Gluconate, Zinc Gluconate"
8766,Manganese Gluconate
8767,Potassium Gluconate
8768,Sodium Phosphate Dodecahydrate
8769,"Copper Sulfate Pentahydrate, Manganese Sulphate Monohydrate, Zinc Chloride, Chromium Chloride Hexahydrate"
8770,Cobalt Gluconate 2h2o
8771,"Cobalt Gluconate 2h2o, Manganese Gluconate Dihydrate"
8772,"Copper Gluconate, Cobalt Gluconate 2h2o, Manganese Gluconate Dihydrate"
8773,"Copper Gluconate, Manganese Gluconate Dihydrate"
8774,"Copper Gluconate, Silver Colloidal, Gold Powder"
8775,"Disodium Phosphate, Anhydrous"
8776,Manganese Gluconate Dihydrate
8777,"Valine, Alanine, Arginine, Histidine, Isoleucine, Leucine, Methionine, Phenylalanine, Proline, Serine, Threonine, Tyrosine, Aspartic Acid, Glutamic Acid, Glycine, Olive Oil, Refined, Soya-Bean Oil Refined, Tryptophan, Glucose Monohydrate Ph. Eur., Lysine"
8778,"Valine, Alanine, Arginine, Histidine, Isoleucine, Leucine, Methionine, Phenylalanine, Proline, Serine, Threonine, Tyrosine, Aspartic Acid, Glutamic Acid, Glycine, Olive Oil, Refined, Soya-Bean Oil Refined, Tryptophan, Glucose Monohydrate, Lysine Acetate"
8779,"Valine, Alanine, Arginine, Histidine, Isoleucine, Leucine, Methionine, Phenylalanine, Proline, Serine, Threonine, Tyrosine, Aspartic Acid, Glutamic Acid, Glycine, Olive Oil, Refined, Soya-Bean Oil Refined, Tryptophan, Magnesium Chloride Hexahydrate, Potas"
8780,"Valine, Alanine, Arginine, Histidine, Isoleucine, Leucine, Methionine, Phenylalanine, Proline, Serine, Threonine, Tyrosine, Aspartic Acid, Glutamic Acid, Glycine, Tryptophan, Glucose Monohydrate, Lysine Acetate, Refined Olive Oil And Refined Soya Oil"
8781,"Valine, Alanine, Arginine, Histidine, Isoleucine, Leucine, Methionine, Phenylalanine, Proline, Serine, Threonine, Tyrosine, Aspartic Acid, Glutamic Acid, Glycine, Olive Oil, Refined, Soya-Bean Oil Refined, Tryptophan, Glucose Monohydrate, Lysine Hydrochlo"
8782,"Valine, Alanine, Arginine, Histidine, Isoleucine, Leucine, Lysine, Methionine, Phenylalanine, Proline, Serine, Threonine, Tyrosine, Aspartic Acid, Glutamic Acid, Glycine, Olive Oil, Refined, Soya-Bean Oil Refined, Tryptophan, Glucose Monohydrate"
8783,Aganirsen
8784,Olea Europaea Pollen Extract
8785,"Amlodipine, Olmesartan"
8786,Olmesartan
8787,Olopatadine Hydrochloride
8788,Carbidopa
8789,Baricitinib
8790,Iron Protein Acetyl Aspartate
8791,"Calcium Folinate, Iron Protein Acetyl Aspartate"
8792,Omega-3 Fatty Acids
8793,"Valine, Alanine, Arginine, Isoleucine, Leucine, Methionine, Phenylalanine, Proline, Serine, Threonine, Aspartic Acid, Glutamic Acid, Glycine, Histidine Hydrochloride Monohydrate, Omega-3-Acid Triglycerides, Sodium Dihydrogen Phosphate Dihydrate, Tryptopha"
8794,"Glycerol, Doconexent, Icosapent, Highly Refined Fish Oil, Dl-Alpha-Tocopherol, Purified Egg Phospholipids"
8795,"Glycerol, Highly Refined Fish Oil, Purified Egg Phosphatide"
8796,"Glycerol, Highly Refined Fish Oil, Purified Egg Phospholipids"
8797,"Glycerol, Ovolecithin, Highly Refined Fish Oil"
8798,"Pelargonium Roots Tincture (1: 8-10), Extraction Solvent: Ethanol 15% (V / V)"
8799,"Amoxicillin Trihydrate, Clarithromycin, Omeprazole"
8800,"Magnesium Lactate, Dry Extract Of Melissa Leaf (3-6:1), Extraction Solvent: Ethanol 50% V/V"
8801,"Ketorolac, Phenylephrine"
8802,Momelotinib
8803,Omalizumab
8804,"Testosterone Decanoate, Testosterone Isocaproate, Testosterone Phenylpropionate, Testosterone Propionate"
8805,"Bifidobacterium Longum, Culture Lyophilisate Of Lactobacillus Gasseri"
8806,Gadodiamide
8807,Mirikizumab
8808,"Eupatorium Perfoliatum D1, Schoenocaulon Officinale D1, Bryonia D1, Ferrum Phosphoricum D6, Aconitum Napellus D1, Eucalyptus Globulus D1"
8809,Pegaspargase
8810,Disodium Folinate
8811,"Bacillus Calmette-Guérin (Bcg), Tice"
8812,"Mefenidramium Metilsulfate, Lidocaine Hydrochloride"
8813,"Hydrocortisone Acetate, Mefenidramium Metilsulfate, Lidocaine Hydrochloride"
8814,Andexanet Alfa
8815,Opicapone
8816,Saxagliptin
8817,Acidum Nitricum D4
8818,Patisiran
8819,Procaterol Hydrochloride
8820,Cenobamate
8821,"Povidone, Poly(Vinyl Alcohol)"
8822,Nivolumab
8823,"Nivolumab, Relatlimab"
8824,"Naphazoline Hydrochloride, Zinc Sulphate Heptahydrate"
8825,"Benzododecinium Bromide, Boric Acid"
8826,"Phenylephrine Hydrochloride, Esculin Sesquihydrate"
8827,"Bacitracin Zinc, Hydrocortisone Acetate, Neomycin Sulfate"
8828,"Boric Acid, Carbaethopendecinium Bromide, Borax"
8829,Carbaethopendecinium Bromide
8830,"Opium Tincture, Squill Liquid Extract"
8831,"Lytta Vesicatoria Dil. D 4, Bellis Perennis Spag. Peka D1, Glechoma Hederacea Spag. Peka Ø, Acidum Nitricum Dil. D4, Gratiola Officinalis Dil. D4, Lachesis Mutus Dil. D7, Acidum Sulfuricum Dil. D4, Hydrastis Canadensis Dil. D4"
8832,"Sodium Dihydrogen Phosphate Monohydrate, Sodium Dihydrogen Phosphate Anhydrous"
8833,"Butalbital, Propyphenazone, Caffeine"
8834,"Propyphenazone, Anhydrous Caffeine"
8835,Epinastine Hydrochloride
8836,"Lauromacrogol 400, Urea"
8837,Ornithine L-Form Aspartate
8838,Ioversol
8839,L-Tryptophan
8840,"Naphazoline Hydrochloride, Distilled Hamamelis Water"
8841,Phenoxymethylpenicillin Benzathine Lecithinated
8842,"Potassium Chloride, Sodium Chloride, Glucose Monohydrate, Disodium Hydrogen Citrate"
8843,"Potassium Chloride, Sodium Chloride, Glucose Monohydrate, Disodium Citrate Sesquihydrate"
8844,"Potassium Chloride, Sodium Chloride, Glucose Monohydrate Ph. Eur., Disodium Hydrogen Citrate 1.5 H2o"
8845,Ambrosia Artemisiifolia Pollen Extract
8846,Artemisia Vulgaris Pollen Extract
8847,Betula Pendula Pollen Extract
8848,"Betula Pendula Pollen Extract, Alnus Glutinosa Pollen Extract, Corylus Avellana Pollen Extract"
8849,"Dermatophagoides Farinae Extract, Dermatophagoides Pteronyssinus Extract"
8850,Dermatophagoides Pteronyssinus Extract
8851,"Mixture Of Allergen Extacts From Holcus Lanatus, Dactylis Glomerata, Lolium Perenne, Phleum Pratense, Poa Pratensis And Festuca Pratensis"
8852,Mixture Of Allergen Extracts From Ambrosia Artemisiifolia And Artemisia Vulgaris
8853,"Mixture Of Allergen Extracts From Betula Pendula, Alnus Glutinosa And Corylus Avellana"
8854,Mixture Of Allergen Extracts From Dermatophagoides Pteronyssinus And Dermatophagoides Farinae
8855,Phleum Pratense Pollen Extract
8856,"Phleum Pratense Pollen Extract, Festuca Pratensis Pollen Extract, Holcus Lanatus Pollen Extract, Lolium Perenne Pollen Extract, Poa Pratensis Pollen Extract, Dactylis Glomerata Pollen Extract"
8857,"Phleum Pratense Pollen Extract, Festuca Pratensis Pollen Extract, Holcus Lanatus Pollen Extract, Lolium Perenne Pollen Extract, Poa Pratensis Pollen Extract, Secale Cereale Pollen Extract, Dactylis Glomerata Pollen Extract"
8858,Pimozide
8859,Zinc Chloride
8860,Phentolamine Mesilate
8861,"Cefuroxime Axetil, Cefuroxime"
8862,Odronextamab
8863,Abatacept
8864,Taka-Diastase
8865,"Panax Ginseng D4, Cimicifuga Racemosa D3, Sepia Officinalis D8, Crocus Sativus D3, Turnera Diffusa D3"
8866,"Cor Bovis Gl Dil. D4 (Hab, Vs. 41c), Hepar Bovis Gl Dil. D4 (Hab, Vs. 41a), Renes Bovis Gl Dil. D4 (Hab, Vs. 41a), Pulmo Bovis Gl Dil. D4 (Hab, Vs. 41a)"
8867,"Cor Bovis Gl Dil. D7 (Hab, Vs. 41c), Hepar Bovis Gl Dil. D7 (Hab, Vs. 41a), Renes Bovis Gl Dil. D7 (Hab, Vs. 41a), Pulmo Bovis Gl Dil. D7 (Hab, Vs. 41a)"
8868,Relugolix
8869,"Gentiana Lutea, Marrubium Vulgare, Acorus Calamus Rhizome, Artemisia Absinthium L. Herba, Taraxacum Officinale, Valerian Root Extract, Angelica Archangelica Root, Curcuma Zedoaria, Commiphora Myrrha, Juglans Regia, Cinnamomum Verum, Elettaria Cardamomum,"
8870,"Silica, Precipitated"
8871,"Soft Extract Of Thyme (3.5-4.5: 1), Extraction Solvent: Water, Soft Extract Of Tussilago Farfara Leaf (4.5-6.0: 1), Extraction Solvent: Water"
8872,"Echinacea Mother Tincture, Atropa Belladonna Dil. D4, Aconitum Napellus Dil. D4, Cephaelis Ipecacuanha D5, Bryonia Dil. D2"
8873,"Lumacaftor, Ivacaftor"
8874,Berotralstat
8875,Eflornithine Hydrochloride
8876,"Lidocaine Hydrochloride Monohydrate, Benzoxonium Chloride"
8877,Cholic Acid
8878,Elacestrant
8879,Safinamide
8880,Putamen Ovi
8881,"Os Suis D10, Os Suis D200, Os Suis D30"
8882,"Chamomile Oil, Clove Oil"
8883,Lapatinib Ditosilate
8884,"Calcium Carbonicum Hahnemanni C8, Calcium Phosphoricum D12, Matricaria Recutita D6, Magnesium Phosphoricum C6, Ferrum Phosphoricum C8"
8885,Matricaria Recutita D12
8886,Atropa Bella-Donna D12
8887,Drosera D6
8888,Matricaria Recutita D6
8889,Sambucus Nigra D3
8890,Chamomilla Recutita D12
8891,"Matricaria Recutita Dil. D6, Magnesium Phosphoricum Dil. C6, Calcium Carbonicum Hahnemanni Dil. C8, Ferrum Phosphoricum Dil. C8, Calcium Phosphoricum Dil. D6"
8892,Sambucus Nigra Dil. D3
8893,Drosera Dil. D6
8894,Anas Barbariae Hepatis Et Cordis Extractum K200
8895,Oseltamivir Phosphate
8896,"Mannitol, Sorbitol (E420)"
8897,"Magnesium Sulfate, Lidocaine Hydrochloride"
8898,Procyclidine
8899,Sultiame
8900,"Naloxone, Oxycodone"
8901,"Symphytum Officinale Dil. D8, Acidum Silicicum Dil. D12, Calcium Carbonicum Hahnemanni Dil. D12, Calcium Phosphoricum Dil. D12"
8902,Ossein Hydroxyapatite Compound
8903,"Guajacum Dil D 3, Galipea Officinalis Spag. Peka D4, Bryonia Spag. Peka Dil. D4, Equisetum Arvense Ø, Asa Foetida Dil. D3, Bellis Perennis Spag.Peka Dil. D3, Ruta Graveolens Spag.Peka Dil. D3, Acidum Phosphoricum Dil. D3"
8904,"Asa Foetida Trit. D 4, Stillingia Sylvatica (Hab 34) Trit. D4, Calcium Phosphoricum Trit. D6, Hekla Lava E Lava Trit. D6, Aranea Diadema Trit. D6, Hydrargyrum Oxydatum Rubrum D9, Kalium Iodatum Trit. D4, Natrium Sulfuricum Trit. D4"
8905,"Calcarea Carbonica Ostrearum, Calcarea Fluorica, Calcarea Phosphorica, Sulfur Iodatum"
8906,"Calcarea Phosphorica D3, Sulfur Iodatum C4, Calcarea Carbonica Ostrearum D3, Calcium Fluoratum D3"
8907,"Calcium Carbonicum Hahnemanni D3, Calcarea Phosphorica D3, Sulfur Iodatum C4, Calcium Fluoratum D3"
8908,Dimethyl Sulfoxide
8909,"Symphytum Officinale D8, Acidum Silicicum Dil. D12, Calcium Carbonicum Hahnemanni Dil. D12, Calcium Phosphoricum Dil. D12"
8910,Etidronate Disodium Tetrahydrate
8911,"Colecalciferol, Calcium Pidolate"
8912,"Bellis Perennis D2, Chamomilla D3, Echinacea D2, Hypericum Perforatum D2, Mercurius Solubilis Hahnemanni D6, Achillea Millefolium D3, Atropa Bella-Donna D2, Calendula Officinalis D2, Aconitum Napellus D2, Arnica Montana D2, Hepar Sulfuris D6, Symphytum Of"
8913,"Ethanol (96 Per Cent), Boric Acid"
8914,"Pulsatilla Pratensis Dil. D4, Calcium Iodatum Dil. D4"
8915,"Lidocaine Hydrochloride Monohydrate, Phenazone"
8916,"Chloramphenicol, Fluocinolone Acetonide, Lidocaine Hydrochloride"
8917,"Dexamethasone Sodium Phosphate, Polymyxin B Sulfate, Trimethoprim"
8918,"Cinchocaine Hydrochloride, Dexamethasone, 1,3-Butylene Glycol"
8919,"Cinchocaine Hydrochloride, Dexamethasone, Butylene Glycol"
8920,"Benzocaine, Chlorobutanol Hemihydrate, Paradichlorobenzene"
8921,"Benzocaine, Chlorobutanol, Phenol, Castor Oil, Turpentine Flavour"
8922,"Neomycin Sulfate, Dexamethasone, Acetic Acid"
8923,"Capsicum Annuum Dil. D4, Pulsatilla Pratensis Dil. D4, Acidum Silicicum Dil. D12, Acidum Boricum Dil. D4, Matricaria Recutita Dil. D4"
8924,"Capsicum Annuum Dil. D4, Chamomilla Recutita Dil. D4, Pulsatilla Pratensis Dil. D4, Acidum Silicicum Dil. D12, Acidum Boricum Dil. D2"
8925,"Aconitum Napellus Trit. D 4, Aurum Metallicum Trit. D 4, Graphites Trit. D 4, Phytolacca Americana Trit D 3, Thuja Occidentale Trit. D 3, Viola Odorata (Hab 34) Trit. D 3, Arsenum Iodatum Trit. D6, Hepar Sulfuris Trit. D3"
8926,"Benzalkonium Chloride, Tetracaine Hydrochloride, Menthol, Phenol, Clove Oil"
8927,"Aconitum Napellus Dil. D12, Hydrargyrum Bicyanatum Dil. D6, Capsicum Annuum Dil. D4, Matricaria Recutita Mother Tincture, Echinacea Purpurea Mother Tincture, Hydrastis Canadensis Dil. D4, Iodum Dil. D4, Natrium Tetraboracicum Dil. D4, Sambucus Nigra Ø, Sa"
8928,"Neomycin Sulfate, Polymyxin B Sulfate, Hydrocortisone"
8929,"Neomycin, Fluocinolone Acetonide, Polymyxin"
8930,"Hydrargyrum Bicyanatum Dil. D6, Capsicum Annuum Dil. D4, Aconitum Napellus Dil. D6, Matricaria Recutita Mother Tincture, Echinacea Purpurea Mother Tincture, Hydrastis Canadensis Dil. D4, Iodum Dil. D4, Natrium Tetraboracicum Dil. D4, Sambucus Nigra Ø, San"
8931,"Dimetindene Maleate, Phenylephrine"
8932,Follitropin Alfa (Genetical Recombination)
8933,"Argentum Metallicum Dil. D5, Apis Regina Tota Gl Dil. D4 (Hab, Vs. 41c), Ovaria Bovis Gl Dil. D4 (Hab, Vs. 41a)"
8934,"Argentum Metallicum Dil. D5, Apis Regina Tota Gl Dil. D5 (Hab, Vs. 41c), Ovaria Bovis Gl Dil. D7 (Hab, Vs. 41a)"
8935,"Argentum Metallicum Dil. D5, Ovaria Bovis Gl Dil. D4 (Hab, Vs. 41a)"
8936,"Hydrastis Canadensis D4, Acidum Cis-Aconiticum D10, Calvatia Gigantea D6, Cypripedium Parviflorum Var. Pubescens D6, Apisinum D8, Aquilegia Vulgaris D4, Hypophysis Suis D13, Kreosotum D8, Lachesis D10, Lilium Lancifolium D4, Magnesium Phosphoricum D10, Pl"
8937,"Lachesis Dil. D10, Ovarium Suis Dil. D8, Aquilegia Vulgaris Dil. D4, Lilium Lancifolium Dil. D4, Apisinum Dil. D8, Mercurius Solubilis Hahnemanni Dil. D10, Acidum Cis-Aconiticum D10, Calvatia Gigantea D6, Cypripedium Parviflorum Var. Pubescens D6, Hypophy"
8938,"Ovarium Suis D10, Ovarium Suis D200, Ovarium Suis D30"
8939,Treosulfan
8940,Choriogonadotropin Alfa
8941,Fennel Seed
8942,"Liquid Extract From Hawthorn Leaf And Flower (1:2), Extraction Solvent: Ethanol 45% (V/V)"
8943,"Melissa Leaf, Crataegus, Leonurus Cardiaca Extract, Valerian Root Te With Ethanol/Ethanol Water"
8944,"Dry Extract Of Motherwort Herb (5.6-13.2:1), Extraction Solvent: Ethanol 40% V/V, Dry Extract Of Valerian Root (3.7-7.7:1), Extraction Solvent: Ethanol 60% V/V, Dry Extract Of Mixture (3:2) Of Hawthorn Leaf With Flower And Hawthorn Berries (4.6-13.3:1), E"
8945,"Melissa Leaf, Crataegus, Leonurus Cardiaca Extract, Valeriana Officinalis"
8946,Oxacillin Sodium Monohydrate
8947,"Oxalis Acetosella E Planta Tota La 20% (Hab, Vs. 12c)"
8948,"Belladonna Rh Dil. D3, Chamomilla Recutita, Radix, Decoctum Dil. D3, Gelsemium, Ethanol. Decoctum Dil. D3, Oxalis, Folium Rh Dil. D3, Sanguinaria, Ethanol. Decoctum Dil. D3"
8949,"Chamomilla Recutita, Radix, Ethanol. Decoctum Dil. D3, Gelsemium, Ethanol. Decoctum Dil. D3, Sanguinaria, Ethanol. Decoctum Dil. D3, Oxalis, Folium Dil. D3, Atropa Belladonna Dil. D3"
8950,"Oxalis Acetosella E Planta Tota W 10% (Hab, Vs. 12f Mit Nativem Olivenöl)"
8951,"Oxalis, Folium Ø"
8952,"Oxalis, Folium (Hab, V. 12a Mit 10 % Glycerol)"
8953,Oxycodone Hydrochloride Trihydrate
8954,"Etofylline, Theophylline Monohydrate"
8955,Oxazepam Ph. Eur.
8956,Voxelotor
8957,Cenegermin
8958,"Naloxone Hydrochloride Dihydrate, Oxycodone Hydrochloride Ph. Eur."
8959,"Hydrocortisone, Oxytetracycline Hydrochloride"
8960,Lumasiran
8961,"Chlorite Ion, Chlorate Ion, Sulfate, Sodium Ion, Chloride Ion"
8962,Tetrachlorodecaoxide
8963,Oxolamine Citrate
8964,"Potassium Chlorate, Sodium Hypochlorite, Sodium Percarbonate, Sodium Peroxide, Sulfuric Acid"
8965,"Sodium Dihydrogen Phosphate, Boldine, Sodium Sulfate Anhydrous"
8966,Oxycodone Hydrochloride Ph. Eur.
8967,Oxycodone
8968,"Hydrocortisone Acetate, Oxytetracycline"
8969,Oxytetracycline Dihydrate Bp
8970,Etofylline
8971,Oxytetracycline Hydrochloride
8972,Oxytetracycline Dihydrate Ph. Eur.
8973,Oxytetracycline
8974,Oxytetracycline Dihydrate
8975,"Prednisolone, Oxytetracycline Hydrochloride"
8976,Oxytocin Synthetic
8977,Pitolisant
8978,Semaglutide
8979,"Orphenadrine Citrate, Paracetamol, Acetylsalicylic Acid, Caffeine"
8980,"Codeine Phosphate Sesquihydrate, Paracetamol"
8981,"Acetylcysteine, Taurine, Glycine, N-Acetyltyrosine, Ornithine L-Form Aspartate, L-Tryptophan, L-Arginine, L-Histidine, L-Isoleucine, L-Leucine, L-Methionine, L-Proline, L-Serine, L-Threonine, L-Tyrosine, L-Valine, Glutamic Acid Lysine Salt Dihydrate, L-As"
8982,Enfortumab Vedotin
8983,"Dextromethorphan Hydrobromide, Paracetamol"
8984,"Hydrochloric Acid, Magnesium Chloride Hexahydrate, Potassium Chloride, Sodium Chloride, Calcium Chloride Dihydrate, Glucose Monohydrate, Sodium Acetate Trihydrate, Sodium Glycerophosphate Pentahydrate, L-Malic Acid"
8985,"Magnesium Chloride Hexahydrate, Potassium Chloride, Sodium Chloride, Calcium Chloride Dihydrate, Glucose Monohydrate, Sodium Acetate Trihydrate, Hydrochloric Acid 25%, Sodium Glycerophosphate Pentahydrate, L-Malic Acid"
8986,"Calendulae Flos, Clove, Iceland Moss, Plantago Lanceolata L., Valeriana Officinalis L. Radix, Polygonum Aviculare L. Herba, Saussurea Costus Root, Liquorice Root, Terminalia Chebula Fruit, Aegle Marmelos Fruit, Aquilegia Vulgaris, Pterocarpus Santalinus W"
8987,"D-Camphor, Glycyrrhiza Glabra L. Radix, Iceland Moss, Calcium Sulfate Hemihydrate, Azadirachta Indica Fruit, Valeriana Officinalis Radix, Plantago Lanceolata L., Polygonum Aviculare L. Herba, Saussurea Costus Root, Terminalia Chebula Fruit, Aegle Marmelos"
8988,"Hamamelis Virginiana Trit. D 3, Graphites D6, Paeonia Officinalis D3, Acidum Nitricum D8, Strychnos Nux-Vomica D4, Sulfur D4"
8989,Bisbutylcarboethylene
8990,"Chlorphenamine Maleate, Diphenhydramine Hydrochloride, Phenylephrine Hydrochloride"
8991,Palonosetron Hydrochloride
8992,"Defatted Powder Of Arachis Hypogaea L., Semen (Peanuts)"
8993,"Paliperidone, Paliperidone Palmitate"
8994,Pegvaliase
8995,Pamidronate Sodium
8996,Pamidronic Acid
8997,P-Aminobenzoic Acid
8998,Arginine Aspartate
8999,"Acidum Sulfuricum D8, Viscum Album D8"
9000,"Magnesium Aspartate, Potassium Aspartate"
9001,"Pancreas Suis Gl Dil. D4 (Hab, Vs. 41a), Pancreas Suis Gl Dil. D6, Pancreas Suis D10, Pancreas Suis D30"
9002,"Argentum Metallicum Dil. D19 Aquos., Pancreas Suis Gl Dil. D16 (Hab, Vs. 41a)"
9003,"Equisetum Arvense Ex Herba Ferm 35b Dil. D5 (Hab, Vs. 35b), Pancreas Suis Gl Dil. D4 (Hab, Vs. 41a)"
9004,"Ferrum Sidereum Dil. D19 Aquos., Pancreas Suis Gl Dil. D5 (Hab, Vs. 41a)"
9005,"Pancreatin, Amylase, Lipase, Protease"
9006,"A/Vietnam/1203/2004 (H5n1) Strain (A/Vietnam/1203/2004, Medi 0141000136)"
9007,A/California/7/2009 (H1n1) V Reass. X - 179 A
9008,A/California/7/2009(H1n1)-Like Strain (Nymc X-179a)
9009,"Hydrochlorothiazide, Ramipril, Amlodipine Besilate"
9010,Pankreas Bovis Dil. D6
9011,"Phosphorus D6, Lycopodium Clavatum D6, Momordica Balsamina D4"
9012,"Pancreas Suis D10, Pancreas Suis D200, Pancreas Suis D30"
9013,"Pancreas Suis D12, Pancreas Suis D8, Pancreas Suis D200, Pancreas Suis D30"
9014,"Phosphorus Dil. D6, Colocynthis Dil. D6, Lycopodium Dil. D6, Momordica Balsamina Dil. D3"
9015,"Dimeticone, Amylase, Lipase, Protease"
9016,"Dimeticone, Pancreatin"
9017,"Pancreas Powder From Porcine, Dimeticone 1000"
9018,"Fludrocortisone Acetate, Neomycin Sulfate, Polymyxin B Sulfate, Lidocaine Hydrochloride"
9019,Pantethine
9020,"Calcium Pantothenate, Thiamine Nitrate, Keratin, Saccharomyces Cerevisiae, L-Cystine, 4-Aminobenzencarboxi Acid"
9021,"Cystine, Calcium Pantothenate Ph. Eur."
9022,"Cystine, Thiamine Nitrate, Keratin, Calcium Pantothenate Ph. Eur., P-Aminobenzoic Acid, Saccharomyces Cerevisiae"
9023,"Thiamine Nitrate, Calcium D-Pantothenate, Keratin, Saccharomyces Boulardii, P-Aminobenzoic Acid, L-Cystine"
9024,Panthenol
9025,"Cystine, Calcium Pantothenate, Thiamine Nitrate, Keratin, Saccharomyces Cerevisiae"
9026,"Dexpanthenol, Hydrocortisone"
9027,"Pancreatin, Fel Tauri, Hemicellulase"
9028,Papaverine Hydrochloride
9029,"Butyl Parahydroxybenzoate, Ethyl Parahydroxybenzoate E214, Methyl Parahydroxybenzoate, Propyl Parahydroxybenzoate"
9030,"P-Benzochinonum D12, P-Benzochinonum D200, P-Benzochinonum D30, P-Benzochinonum D8"
9031,"Caffeine, Paracetamol Dc 90 %"
9032,"Paracetamol, Sodium Hydrogen Carbonate, Caffeine"
9033,"Phenylephrine Hydrochloride Ph. Eur., Caffeine Ph. Eur., Paracetamol Ph. Eur."
9034,"Paracetamol, Sodium Hydrogen Carbonate"
9035,Paracetamol Dc
9036,"Paracetamol, Codeine"
9037,"Pheniramine Maleate, Paracetamol"
9038,Dihydrocodeine Thiocyanate
9039,"Dihydrocodeine Tartrate, Benzoic Acid"
9040,Paraffin
9041,"Ascorbic Acid, Codeine Phosphate Hemihydrate, Paracetamol Dc 90 %"
9042,"Atropa Bella-Donna C4, Arnica Montana C4, Eupatorium Perfoliatum C4, Gelsemium Sempervirens C4, Sulfur C5"
9043,"Sulfur, Atropa Bella-Donna C4, Arnica Montana C4, Eupatorium Perfoliatum C4, Gelsemium Sempervirens C4"
9044,"Phenylephrine Hydrochloride, Paracetamol, Dextromethorphan Hydrobromide Monohydrate"
9045,"Pseudoephedrine Hydrochloride, Paracetamol, Dextromethorphan Hydrobromide Monohydrate"
9046,"Antimonit Dil. D7, Echinacea Pallida E Planta Tota Ferm 33c Dil. D2 (Hab, Vs. 33c), Tuba Uterina Bovis Gl Dil. D5 (Hab, Vs. 41b), Tuba Uterina Bovis Gl Dil. D11 (Hab, Vs. 41b), Ovaria Bovis Gl Dil. D5 (Hab, Vs. 41a), Ovaria Bovis Gl Dil. D11 (Hab, Vs. 41a"
9047,"Psyllium Husk, Liquid Paraffin"
9048,"Glandulae Parathyreoideae Bovis Gl Dil. D7 (Hab, Vs. 41a), Saccharum Sacchari Dil. D9 Aquos. (Hab, Vs. 5b), Skorodit Dil. D5"
9049,"Aurum Metallicum Dil. D9, Glandulae Parathyreoideae Bovis Gl Dil. D7 (Hab, Vs. 41a)"
9050,Tranylcypromine Sulfate
9051,"Paroxetine Hydrochloride, Anhydrous"
9052,"Eugenol, Phenyl Salicylate, Salvia Officinalis, Syzygium Aromaticum, Thymol, Mentha Canadensis Oil"
9053,"Clove Oil, Eugenol, Phenyl Salicylate, Thymol, Mint Oil, Salviae Oleum"
9054,"Fludrocortisone Acetate, Polymyxin B Sulfate, Lidocaine Hydrochloride"
9055,Oxerutins
9056,Etelcalcetide
9057,Parthenolide
9058,"Acidum Formicicum D2, Alumen Chromicum D1, Gelsemium Sempervirens D2"
9059,"Alumen Chromicum Trit. D1, Acidum Formicicum Trit. D2, Gelsemium Trit. D2"
9060,"Ononis Spinosa Mother Tincture, Apis Mellifica Dil. D3, Kalium Carbonicum Dil. D3"
9061,"Arnica Dil. D4, Harpagophytum Procumbens Dil. D3, Bryonia Dil. D2, Calcium Phosphoricum Dil. D6, Acidum Silicicum Dil. D6"
9062,"Aletris Farinosa D3, Vitex Agnus-Castus D2, Caulophyllum Thalictroides D2, Packera Aurea D5, Fraxinus Americana D3, Cimicifuga Racemosa D3, Chamaelirium Luteum D3, Lilium Lancifolium D3, Pulsatilla Pratensis D4, Strychnos Ignatii D4"
9063,"Caulophyllum Thalictroides Dil. D3, Viburnum Prunifolium Dil. D3, Citrullus Colocynthis Dil. D3, Pulsatilla Dil. D3"
9064,"Packera Aurea Trit. D5, Cimicifuga Trit. D6, Vitex Agnus-Castus Trit. D2, Aletris Farinosa Trit. D3, Pulsatilla Trit. D4, Chamaelirium Luteum Trit. D3, Lilium Lancifolium Trit. D3, Ignatia Trit. D4, Caulophyllum Thalictroides Trit. D2"
9065,"Ignatia Dil. D4, Vitex Agnus-Castus Dil. D2, Cimicifuga Dil. D6, Aletris Farinosa Dil. D3, Pulsatilla Dil. D4, Chamaelirium Luteum Dil. D3, Lilium Lancifolium Dil. D3, Packera Aurea Dil. D5, Caulophyllum Thalictroides Dil. D2"
9066,"Dry Extract Of The Passionflower Herb, Corresponding To 1488-2083 Mg Of Passionflower, Extraction Solvent: Ethanol 50% (V/V)"
9067,"Lachesis Mutus Trit. D8, Baptisia Trit. D4, Bryonia Trit. D1, Eupatorium Perfoliatum Trit. D2, Thuja Trit. D4"
9068,"Echinacea Mother Tincture, Thuja Dil D1, Baptisia Tinctoria Mother Tincture, Lachesis Dil. D8, Eupatorium Perfoliatum Dil. D3"
9069,"Echinacea Mother Tincture, Bryonia Dil. D4, Aconitum Dil. D4, Lachesis Dil. D13, Sulfur Jodatum Dil. D4"
9070,"Cocculus Dil.D4, Ambra Dil. D6, Ignatia Dil. D4, Cimicifuga Racemosa Dil. D4, Passiflora Incarnata Dil. D2"
9071,"Lycosa D5, Strychnos Ignatii D4, Valeriana Officinalis Ø, Avena Sativa Mother Tincture"
9072,"Valeriana Ø, Avena Sativa Mother Tincture, Ignatia Dil. D4, Tarantula Dil. D5"
9073,"Apis Mellifica Dil. D4, Apocynum Dil. D1, Equisetum Hiemale Mother Tincture, Helleborus Dil. D2, Petroselinum Mother Tincture, Sarsaparilla Mother Tincture, Balsamum Copaivae Dil. D3"
9074,"Apis Mellifica Mother Tincture, Atropa Bella-Donna Dil. D2, Cantharis Dil. D4, Mercurius Sublimatus Corrosivus Dil. D6"
9075,"Serenoa Repens Dil. D 1, Atropa Belladonna Dil. D3, Citrullus Colocynthis Dil. D3, Hydrangea Arborescens Dil. D2"
9076,"Hamamelis Dil. D1, Ruta Dil. D2, Achillea Millefolium Dil D 2, Aesculus Dil. D2"
9077,"Liquid Extract Of Peppermint Leaf (1:2), Extraction Solvent: Ethanol 37% (M/M), Liquid Extract Of Chamomile Flower (1:1-2), Extraction Solvent: Ammonia Solution 10% (M/M), Water, Ethanol 94% (M/M) (5:95:200), Liquid Extract Of Caraway Fruit (1:2), Extract"
9078,"Passiflora Incarnata Flowering Top, Cryoground"
9079,Passiflora Incarnata
9080,Aminosalicylate Sodium Dihydrate
9081,"Valerian Root Dry Extract (3-6:1), Ethanol 70 %(V/V), Passionflower Dry Extract (Der: 5 - 7 : 1)"
9082,"Sulfogaiacol, Sodium Benzoate"
9083,"Avena Sativa Ferm 33c Ø, Humulus Lupulus Ex Herba Et Fructibus Ferm 34d Ø (Hab, Vs. 34d), Valeriana Officinalis E Radice Ferm 33c Ø (Hab, Vs. 33c), Passiflora Caerulea Ex Herba Ferm 33c Ø (Hab, Vs. 33c)"
9084,"Salix Alba Ssp. Vitellina E Cortice Et Foliis Ferm 33d Dil. D2 (Hab, Vs. 33d), Passiflora Caerulea Ex Herba Ferm 33c Dil. D2 (Hab, Vs. 33c), Crataegus Laevigata/Monogyna E Foliis Et Fructibus Ferm 33d Dil. D2 (Hab, Vs. 33d)"
9085,"Hyoscyamus Dil. D3, Anamirta Cocculus Dil. D2, Matricaria Recutita Dil. D3, Valeriana Officinalis Dil. D2, Passiflora Incarnata Mother Tincture, Avena Sativa Dil. D1, Lupulus Dil. D1"
9086,"Secale Cornutum D4, Avena Sativa D1, Atropa Bella-Donna D5, Passiflora Incarnata D1, Valeriana Officinalis D1"
9087,"Belladonna D3, Secale Cornutum D4, Avena Sativa D1, Passiflora Incarnata D1, Valeriana Officinalis D1"
9088,Passiflora Incarnata Mother Tincture
9089,"Zincum Metallicum Dil. D6, Eschscholtzia Californica Ex Herba Flor. Rec. Ø (Hab, Vorschrift 3a), Passiflora Incarnata Mother Tincture, Humulus Lupulus Ø"
9090,Dry Extract Of Passion Flower (5-7:1)
9091,Dry Extract From Passionflower Herb (Equivalent To 2125-2975 Mg Of Passion Flower). Extraction Solvent: Ethanol 50% V/V
9092,"Liquid Extract From Passiflora Incarnata Herb (2:1), Extraction Solvent: Ethanol 60% (V/V)"
9093,Peloid Mass
9094,"Heparin Sodium, Melissa Oil, Pumilio Pine Oil, Rosemary Oil, Salicylic Acid"
9095,"Potato Starch, Zinc Oxide"
9096,"Potato Starch, Zinc Oxide, Salicylic Acid"
9097,"Dactylopius Coccus C5, Aconitum Napellus C5, Atropa Bella-Donna C5, Bryonia C5, Drosera C5, Psychotria Ipecacuanha C5"
9098,Sambucus Nigra Ø
9099,"Aconitum Napellus C5, Bryonia C5, Drosera C5, Psychotria Ipecacuanha C5"
9100,"Thiocolchicoside, Paracetamol Ph. Eur."
9101,"Extract Of Fresh Opium Poppy (1:2.2-2.7), Extraction Solvent: Ethanol 31.2 % (M/M)"
9102,Oxeladin Citrate
9103,Nirmatrelvir
9104,"Strychnos Nux-Vomica Dil. D4, Artemisia Absinthium Ø, Apomorphinum Hydrochloricum Dil. D8, Semecarpus Anacardium Dil. D2"
9105,"Doconexent, Eicosapentanoic Acid/Docosahexaenoic Acid"
9106,Pazopanib
9107,Pazopanib Hydrochloride
9108,"Lactose Monohydrate, Macrogol Glycerol Hydroxystearate, Sucrose, Glucose, Sodium Patent Blue V"
9109,"Cuprum Metallicum Dil. D6, Spigelia Dil. D4, Crataegus Dil. D2, Cactus Dil. D6"
9110,"Valeriana Ø, Spigelia Dil. D4, Crataegus Mother Tincture, Cactus Dil. D2"
9111,"Crataegus Trit. D3, Cactus Trit. D7, Spigelia Trit. D5, Nitroglycerinum Trit. D5, Magnesium Phosphoricum Trit. D7"
9112,"Dry Extract From Ivy Leaf (4.0-7.5:1), Extraction Solvent: Ethanol: 30% (M/M), Ethanol 30% (M/M)"
9113,"Extractum Liquidum (1:3) Ex: Thymi Herba, Lichene Islandico, Hyssopi Herba, Saponariae Radice, (18p.+7p.+3p.+2p.)"
9114,"Pinus Sylvestris Ø, Kalium Iodatum Dil. D4, Drosera Dil. D1, Lobelia Inflata Dil. D4, Echinacea Purpurea Mother Tincture"
9115,Zinc Undecylenate
9116,"Valine, Alanine, Arginine, Cysteine, Histidine, Isoleucine, Leucine, Lysine, Methionine, Phenylalanine, Proline, Serine, Taurine, Threonine, Tyrosine, Aspartic Acid, Copper Sulfate Pentahydrate, Dipotassium Phosphate, Glucose, Anhydrous, Glutamic Acid, Gl"
9117,"Valine, Alanine, Arginine, Cysteine, Histidine, Isoleucine, Leucine, Methionine, Phenylalanine, Proline, Serine, Taurine, Threonine, Tyrosine, Aspartic Acid, Copper Sulfate Pentahydrate, Dipotassium Phosphate, Glucose, Anhydrous, Glutamic Acid, Glycine, T"
9118,"Erythromycin Ethylsuccinate, Acetyl Sulfafurazole"
9119,Permethrin Bpc Cis:trans/ 25:75
9120,"Taurine, Glycine, Olive Oil, Refined, Soya-Bean Oil Refined, Triglycerides, Medium Chain, Potassium Chloride, Sodium Acetate, Calcium Gluconate, Glucose, Magnesium Sulfate, Sodium Glycerophosphate, L-Tryptophan, L-Arginine, L-Histidine, L-Isoleucine, L-Le"
9121,"Taurine, Glycine, Olive Oil, Refined, Soya-Bean Oil Refined, Triglycerides, Medium Chain, Potassium Chloride, Calcium Gluconate, Glucose Monohydrate, Magnesium Sulfate, Sodium Glycerophosphate, L-Tryptophan, L-Arginine, L-Histidine, L-Isoleucine, L-Leucin"
9122,"Taurine, Glycine, Olive Oil, Refined, Soya-Bean Oil Refined, Triglycerides, Medium Chain, Potassium Chloride, Calcium Gluconate, Glucose, Magnesium Sulfate, Sodium Glycerophosphate, L-Tryptophan, L-Arginine, L-Histidine, L-Isoleucine, L-Leucine, L-Methion"
9123,"Taurine, Glycine, Olive Oil, Refined, Soya-Bean Oil Refined, Triglycerides, Medium Chain, Potassium Chloride, Glucose Monohydrate, Magnesium Sulfate, Sodium Glycerophosphate, L-Tryptophan, L-Arginine, L-Histidine, L-Isoleucine, L-Leucine, L-Methionine, L-"
9124,"Valine, Alanine, Arginine, Cysteine, Histidine, Isoleucine, Leucine, Lysine, Methionine, Phenylalanine, Proline, Serine, Taurine, Threonine, Tyrosine, Aspartic Acid, Glutamic Acid, Glycine, Olive Oil, Refined, Soya-Bean Oil Refined, Triglycerides, Medium"
9125,"Taurine, Glycine, Olive Oil, Refined, Soya-Bean Oil Refined, Triglycerides, Medium Chain, Potassium Chloride, Calcium Gluconate, Glucose Monohydrate, Magnesium Sulfate Heptahydrate, Sodium Glycerophosphate, L-Tryptophan, L-Arginine, L-Histidine, L-Isoleuc"
9126,"Taurine, Glycine, Olive Oil, Refined, Soya-Bean Oil Refined, Triglycerides, Medium Chain, Glucose, L-Tryptophan, L-Arginine, L-Histidine, L-Isoleucine, L-Leucine, L-Methionine, L-Proline, L-Serine, L-Threonine, L-Tyrosine, L-Valine, L-Cysteine, L-Aspartic"
9127,"Taurine, Glycine, Olive Oil, Refined, Soya-Bean Oil Refined, Triglycerides, Medium Chain, Glucose Monohydrate, L-Tryptophan, L-Arginine, L-Histidine, L-Isoleucine, L-Leucine, L-Methionine, L-Proline, L-Serine, L-Threonine, L-Tyrosine, L-Valine, L-Cysteine"
9128,"Zinc Chloride, Potassium Iodide, Sodium Fluoride, Copper Chloride Dihydrate, Manganese Chloride Tetrahydrate, Sodium Selenite Anhydrous"
9129,"Zinc Chloride, Potassium Iodide, Sodium Fluoride, Sodium Selenite, Copper Chloride Dihydrate, Manganese Chloride Tetrahydrate"
9130,"Candida Parapsilosis E Volumine Cellulae (Lyophil., Steril.) D3"
9131,"Candida Parapsilosis E Volumine Cellulae (Lyophil., Steril.) D5"
9132,"Candida Parapsilosis E Volumine Cellulae (Lyophil., Steril.) D6"
9133,"Candida Parapsilosis E Volumine Cellulae (Lyophil., Steril.) D4"
9134,Peginterferon Alfa-2a
9135,"Phytolacca Americana Dil. D4, Atropa Bella-Donna Spag. Peka Dil. D4, Echinacea Spag. Peka Dil. D5, Plantago Major Spag. Peka Dil.D6, Pulsatilla Pratensis Spag. Peka Dil. D4, Chamomilla Recutita Dil. D4"
9136,"Conium Maculatum Dil. D 4, Piper Methysticum Dil. D8, Cinchona Pubescens Spag. Peka Dil. D4, Strychnos Nux-Vomica Spag. Peka Dil. D4, Delphinium Staphisagria Spag. Peka Dil. D6, Avena Sativa Mother Tincture, Argentum Nitricum Dil. D6, Panax Ginseng Tm"
9137,"Pelargonium Root Liquid Extract, Dried"
9138,Pelargonium Sidoides
9139,Pemigatinib
9140,Pemetrexed Disodium
9141,Pemetrexed Disodium Hemipentahydrate
9142,Pemetrexed Disodium Heptahydrate
9143,"Perindopril Tert-Butylamine, Indapamide, Rosuvastatin"
9144,Thyme Oil
9145,"Benzathine Benzylpenicillin, Benzylpenicillin Procaine Monohydrate"
9146,Benzylpenicillin Calcium
9147,"Phenoxymethylpenicillin Calcium, Benzathine Benzylpenicillin, Benzylpenicillin Sodium"
9148,Pivmecillinam Hydrochloride
9149,"Tetracycline, Sulfamethylthiazole"
9150,Pentamidine Isetionate
9151,"Pentaerithrityl Tetranitrate, Glyceryl Trinitrate"
9152,"Immunoglobulin A, Immunoglobulin G, Immunoglobulin M"
9153,Salbutamol Sulfate Ph. Eur.
9154,"Haemophilus Influenzae Type B Polysaccharide (Polyribosylribitol Phosphate), Diphtheria Toxoid, Tetanus Toxoid, Pertussis Toxoid, Pertussis Filamentous Haemagglutinin, Poliovirus (Inactivated) Type 3 (Saukett Strain), Poliovirus (Inactivated) Type 2 (Mef-"
9155,Pentazocine Hydrochloride Bp
9156,Pentazocine Hydrochloride
9157,Methoxyflurane
9158,Thiopental Sodium
9159,Pentoxyverine
9160,Melphalan Flufenamide
9161,Pumpkin Seed Oil
9162,"Dimeticone, Guaiazulene"
9163,Pepsin
9164,Pepsin Powder
9165,"Perindopril Tert-Butylamine, Rosuvastatin"
9166,Perphenazine Decanoate
9167,Perazine Dimaleate
9168,Perazine Dimalonate
9169,"Passiflora Incarnata L. Herba, Crataegi Folium Cum Flore Extractum Siccum (4 - 7 : 1), Ethanol 45% (V/V)"
9170,Enoximone
9171,"Magnesium Chloride Hexahydrate, Potassium Chloride, Sodium Chloride, Calcium Chloride Dihydrate, Sodium Acetate Trihydrate, Glucose 1-Phosphate Disodium Tetrahydrate"
9172,"Follitropin Alfa, Lutropin Alfa"
9173,Cyproheptadine Hydrochloride
9174,"Lidocaine Hydrochloride Monohydrate, Hydrocortisone"
9175,"Amlodipine Besilate, Perindopril Tosilate"
9176,"Amlodipine, Indapamide, Perindopril"
9177,Perindopril
9178,"Amlodipine, Perindopril"
9179,"Indapamide, Perindopril"
9180,Melissa Cupro Culta D3
9181,"Atropa Bella-Donna D6, Potentilla Anserina D6, Viburnum Opulus D6"
9182,"Argentum Nitricum Dil. D20 Aquos. (Hab, Vs. 5b), Atropa Belladonna Ex Herba Ferm 33a Dil. D14 (Hab, Vs. 33a), Gingiva Bovis Gl Dil. D16 (Hab, Vs. 41b), Mandibula Feti Bovis Gl Dil. D16 (Hab, Vs. 41b), Maxilla Feti Bovis Gl Dil. D16 (Hab, Vs. 41b), Quarz D"
9183,"Gingiva Bovis Gl Dil. D5 (Hab, Vs. 41b), Hypophysis Bovis Gl Dil. D7 (Hab, Vs. 41a), Mandibula Feti Bovis Gl Dil. D5 (Hab, Vs. 41b), Maxilla Feti Bovis Gl Dil. D5 (Hab, Vs. 41b), Stannum Metallicum Dil. D14 Aquos., Periodontium Bovis Gl Dil. D5 (Hab, Vs."
9184,"Valine, Alanine, Arginine, Histidine, Isoleucine, Leucine, Methionine, Phenylalanine, Proline, Serine, Taurine, Threonine, Tyrosine, Calcium Chloride, Glycine, Olive Oil, Refined, Soya-Bean Oil Refined, Triglycerides, Medium Chain, Tryptophan, Potassium C"
9185,Lysine Amidotrizoate
9186,"Sodium Amidotrizoate, Lysine Amidotrizoate"
9187,Pertuzumab
9188,Serenoa Repens (Bartram) Small.
9189,Benzyl Nicotinate
9190,"Agrostis Alba, Apera Spica Venti, Cynosurus Cristatus, Poa Sp., Phleum Pratense, Holcus Lanatus, Alopecurus Pratensis, Dactylis Glomerata, Anthoxanthum Odoratum, Festuca Pratensis, Lolium Perenne, Secale Cereale, Arrhenatherum Elatius"
9191,"Dry Extract Of Melissa Leaf (3-6:1), Extraction Solvent: Ethanol 50% V/V, Dry Extract Of Peppermint Leaf (3-6:1), Extraction Solvent: Ethanol 40% V/V, Dry Hydroalcoholic Extract Of Valerian Root (4-7:1), Extraction Solvent: Ethanol 70% V/V"
9192,"Sodium Molybdate (99mo), Pertechnetate (99mtc) Sodium"
9193,"Psychotria Ipecacuanha D3, Belladonna D3, China Rubra D3, Drosera D1, Dactylopius Coccus D8, Mephitis Putorius D8, Veratrum Album D3"
9194,"China, Ethanol. Decoctum Dil. D3, Coccus Cacti Dil. D3, Ipecacuanha, Ethanol. Decoctum Dil. D3, Mephitis Putorius Dil. D5, Veratrum Album, Ethanol. Decoctum Dil. D3, Drosera Dil. D1, Atropa Belladonna Dil. D3"
9195,Cuprum Aceticum Dil. D3
9196,Liquid Extract Of Thyme Herb (1:1). Extraction Solvent: Ethanol 30% V/V
9197,"Lavender Oil, Rosemary Oil, Thymol, Thymus Essential Oil"
9198,"Sodium (Lactate) Anhydrous, Magnesium Chloride Hexahydrate, Potassium Chloride, Sodium Chloride, Glucose, Dipotassium Hydrogen Phosphate Trihydrate"
9199,Petasites Hybridus Dil. D3
9200,"Petasites Hybridus E Radice Ferm 33c Dil. D2 (Hab, Vs. 33c), Plantago Lanceolata E Foliis Ferm 34c Dil. D2 (Hab, Vs. 34c), Abies Alba E Summitatibus Ferm 33d Dil. D2 (Hab, Vs. 33d)"
9201,Protionamide
9202,Pethidine Hydrochloride Bp
9203,Mesuximide
9204,"Almond Oil, Virgin, Beeswax, Yellow, D-Camphor, Phosphorus, Petroleum"
9205,Horse Epithelium Extract
9206,Horse Hair
9207,"Acidum Hydrofluoricum Dil. D 15, Aesculus Hippocastanum Dil. D 2, Lycopodium Clavatum Dil D 6, Sepia Officinalis Dil. D 8, Phosphorus Dil. D8, Vipera Berus Dil. D12"
9208,"Ammonium Carbonicum Dil. D 3, Causticum Hahnemanni Dil. D 15, Dactylopius Coccus Urt., Eucalyptus Globulus Dil. D2, Kalium Stibyltartaricum Dil D 12, Aconitum Napellus Dil. D4, Eupatorium Perfoliatum Dil. D1, Bryonia Dil. D4"
9209,"Adonis Vernalis Trit D 3, Apocynum Cannabium Trit D 3, Convallaria Majalis Trit. D 3, Digitalis Purpurea Trit. D 4, Kalmia Latifolia Trit. D 3, Naja Naja Trit. D 10, Urginea Maritima Trit D 3"
9210,"Acidum Hydrochloricum Dil. D 12, Aesculus Hippocastanum Dil. D 2, Carbo Animalis Dil. D 10, Collinsonia Canadensis Dil D 3, Krameria Triandra Dil. D 2, Paeonia Officinalis Dil. D 2, Scrophularia Nodosa Dil. D 1"
9211,"Aluminium Oxydatum Trit. D 3, Collinsonia Canadensis Trit. D 2"
9212,"Anamirta Cocculus Dil D 15, Semecarpus Anacardium Dil. D4, Kalium Phosphoricum Dil. D6, Valeriana Officinalis Dil. D3, Rauwolfia Serpentina D4, Avena Sativa Dil. D1, Passiflora Incarnata Dil. D2"
9213,"Apisinum Trit. D 10, Apocynum Cannabium Trit D 2, Crataegus Trit. D 2, Liatris Spicata (Hab 34) Trit. D 2, Prunus Spinosa Trit. D 2, Strophantus Gratus Trit. D 4"
9214,"Achillea Millefolium Dil D 2, Arnica Montana Dil. D 2"
9215,"Cuprum Metallicum Dil. D10, Arisaema Triphyllum Dil. D 4, Causticum Hahnemanni Dil. D 15, Sambucus Nigra Dil. D3, Bryonia Dil. D4, Carbo Vegetabilis Dil. D8"
9216,"Calcium Phosphoricum Dil. D 10, Acidum Hydrofluoricum Dil. D 10, Aurum Metallicum Dil. D12, Phosphorus Dil. D 15, Symphytum Officinale Dil. D 6, Asa Foetida Dil. D4"
9217,"Acidum Silicicum Dil. D 10, Acidum Nitricum Dil. D 10, Aluminium Oxydatum Dil. D 10, Delphinium Staphisagria Dil. D6, Atropa Bella-Donna D12"
9218,"Asa Foetida Trit. D 4, Bellis Perennis Trit: D 2, Calcium Sulfuricum Trit. D 3, Hepar Sulfuris Trit. D 3, Myristica Sebifera D3"
9219,"Bismutum Subnitricum Dil. 10, Carbo Vegetabilis Dil. D 10, Cinchona Pubescens Dil. D6, Gentiana Lutea Dil. D 3, Solanum Dulcamara Dil. D 4, Stibium Sulfuratum Nigrum Dil. D 10, Veratrum Album Dil. D 4, Phosphorus Dil. D10"
9220,"Aconitum Napellus Trit. D 4, Bryonia Trit. D 5, Chamomilla Recutita Trit. D 3, Euphrasia Trit. D 3, Ferrum Phosphoricum Trit. D 4, Hydrargyrum Bichloratum Trit. D8, Lytta Vesicatoria Trit. D 4, Phytolacca Americana Trit D 4, Atropa Bella-Donna D4"
9221,"Bryonia Trit. D 3, Lycopodium Clavatum Trit. D 3, Ptelea Trifoliata Trit. D 3, Silybum Marianum Trit. D 3, Veronica Virginica Trit. D 3, Yucca Filamentosa Trit. D3, Sulfur Trit. D4"
9222,"Allium Cepa Dil. D 3, Euphrasia Dil. D 3, Natrium Carbonicum Dil. D 3, Aconitum Napellus Dil. D4, Justicia Adhatoda Dil. D2, Pulsatilla Pratensis Dil. D4"
9223,"Chimaphila Umbellata Dil. D 2, Acidum Arsenicosum Dil. D6, Conium Maculatum Dil. D 4, Natrium Tetrachloroauratum Dil. D 10, Scrophularia Nodosa Dil. D 1, Barium Iodatum Dil. D12"
9224,"Acidum Benzoicum Trit. D 3,, Actaea Spicata Trit. D 3, Alsine Media (Hab 34) Trit. D 3, Ammonium Benzoicum (Hab 34) Trit. D 3, Bellis Perennis Trit. D 3, Colchicum Autumnale Trit. D 4, Guajacum Trit. D 3, Ledum Palustre Trit. D 3, Manganum Aceticum Trit."
9225,"Aesculus Hippocastanum Trit. D 2, Collinsonia Canadensis Trit. D 2, Hamamelis Virginiana Trit. D 3, Lycopodium Clavatum Trit. D 4, Paeonia Officinalis Trit. D 2, Sulfur Trit. D 6"
9226,"Cimicifuga Racemosa Dil. D 3, Citrullus Colocynthis Dil. D 4, Bryonia Dil. D4, Rhus Toxicodendron Dil. D6"
9227,"Cimicifuga Racemosa Dil. D 6, Cytisus Scoparius Dil. D 2, Convallaria Majalis Dil. D3, Iberis Amara Dil. D3"
9228,"Apis Mellifica Dil. D4, Citrullus Colocynthis Dil. D 8, Chimaphila Umbellata Dil. D 2, Balsamum Copaivae (Hab 34) Dil. D 3, Balsamum Peruvianum (Hab 34) Dil. D 4, Chondrodendron Dil. D3, Urginea Maritima Dil. D 3, Lycopodium Clavatum Dil. D4"
9229,"Ambra Grisea Trit. D 4, Crocus Sativus Trit. D 3, Rauwolfia Serpentina Trit. D 4, Semecarpus Anacardium Trit. D 4, Zincum Metallicum Trit. D 4"
9230,"Gelsemium Sempervirens Dil. D 6, Cuprum Metallicum Dil. D10, Veratrum Album Dil. D 6, Pseudognaphalium Obtusifolium D6, Secale Cornutum Dil. D4"
9231,"Cyclamen Purpurascens Dil. D 3, Daphne Mezereum Dil. D 3, Panax Ginseng Dil. D 4, Ruta Graveolens Dil. D 3, Sepia Officinalis Dil. D 8, Stillingia Sylvatica (Hab 34) Dil. D4"
9232,"Dioscorea Villosa Dil. D 3, Gentiana Lutea Dil. D 3, Raphanus Sativus Var. Niger Dil. D 4, Anisum Stellatum (Hab 34) Dil. D 4, Lycopodium Clavatum Dil. D4, Asa Foetida Dil. D4, Carbo Vegetabilis Dil. D8, Momordica Balsamina Dil. D3"
9233,"Acidum Silicicum Trit. D4, Ammonium Bromatum Trit. D 3, Ammonium Jodatum Trit D 4, Bryonia Trit. D 3, Drosera Trit. D 3, Eucalyptus Globulus Trit. D 3, Euspongia Officinalis Trit. D 4, Phytolacca Americana Trit D 3, Rumex Crispus Trit. D 3, Stibium Sulfur"
9234,"Euphrasia Dil. D 1, Hydrargyrum Bichloratum Dil. D10, Aconitum Napellus Dil. D4, Phosphorus Dil. D6"
9235,"Ferrum Metallicum Trit. D 2, Natrium Chloratum Trit. D3"
9236,"Apisinum Trit. D 10, Fraxinus Americana (Hab 34) Trit D 2, Natrium Chloratum Trit. D3, Sepia Officinalis Trit. D4, Atropa Bella-Donna Trit. D4"
9237,"Calcium Fluoratum Trit. D 3, Euspongia Officinalis Trit. D 3, Lapis Albus Trit. D 4, Spongilla Lacustris Trit. D 3, Thyreoidinum E Gland. Thyreoid. Suis Trit. D4, Fucus Vesiculosus D3"
9238,"Graphites Trit. D 3, Mahonia Aquifolium Trit. D 6, Sepia Officinalis Trit. D4, Sulfur Trit. D4"
9239,"Cuprum Aceticum Trit D 3, Datura Stramonium Trit. D 6, Gratiola Officinalis Trit. D 3, Hyoscyamus Niger Trit. D 4, Magnesium Chloratum Trit. D 3, Veratrum Album Trit. D 4"
9240,"Grindelia Robusta Dil. D3, Aralia Racemosa Dil. D 3, Blatta Orientalis Dil. D3, Sambucus Nigra Dil. D 2, Justicia Adhatoda Dil. D3, Populus Balsamifera, Aconitum Napellus Dil. D4, Psychotria Ipecacuanha Dil. D4"
9241,"Calcium Fluoratum Trit. D 4, Hekla Lava E Lava Trit. D4, Stillingia Sylvatica (Hab 34) Trit. D4"
9242,"Centella Asiatica Dil. D 4, Kreosotum Dil. D 8, Magnesium Chloratum Dil. D 4, Tilia Europaea (Hab 34) Dil. D 3, Aurum Metallicum Dil. D6, Chamaelirium Luteum Dil. D3, Hydrastis Canadensis Dil. D4"
9243,"Conium Maculatum Dil. D 12, Hyoscyamus Niger Dil. D 4, Phosphorus Dil. D 12, Zincum Metallicum Dil. D8, Strychnos Ignatii Dil. D4"
9244,"Carbo Vegetabilis Trit. D 4, Kalium Sulfuricum Trit. D 3, Quebracho (Hab 34) Trit. D 3, Zingiber Officinalis Trit. D 3, Anisum Stellatum (Hab 34) Trit. D 2, Cephaelis Ipecacuanha Trit. D4"
9245,"Acidum Nitricum Trit. D 6, Acidum Silicicum Trit. D4, Aluminium Oxydatum Trit. D 8, Graphites Trit. D 5, Kalium Bichromicum Trit. D 4, Pulsatilla Pratensis Trit. D 4"
9246,"Gelsemium Sempervirens Trit D 6, Lathyrus Sativus (Hab 34) Trit. D 3, Secale Cornutum Trit. D 4, Strychnos Nux-Vomica Trit D4, Toxicodendron Quercifolium Trit. D 4"
9247,"Acidum Silicicum Trit. D3, Calcium Carbonicum Hahnemanni Trit. D 4, Kalium Nitricum Trit. D 4, Lemna Minor Trit. D 2, Sanguinaria Canadensis Trit. D 6, Teucrium Marum Trit. D5, Thuja Occidentale Trit. D 3"
9248,"Acidum Benzoicum E Resina Dil. D4, Apocynum Cannabium Trit D 3, Berberis Vulgaris Trit. D 3, Dactylopius Coccus Trit. D 2, Lycopodium Clavatum Trit. D 4, Lytta Vesicatoria Trit. D 4, Natrium Chloratum Trit. D3, Solidago Virgaurea Trit. D 2"
9249,"Arnica Montana Dil. D3, Achillea Millefolium Dil D 2, Capsella Bursa-Pastoris Dil. D 2, Erechthites Hieracifolia (Hab 34) Dil. D 6, Hamamelis Virginiana Dil. D 2, Krameria Triandra Dil. D 4, Kreosotum Dil. D 8, Vipera Berus Dil. D12, Secale Cornutum Dil."
9250,"Calcium Carbonicum Hahnemanni Dil. D 10, Natrium Carbonicum Dil. D 3, Natrium Chloratum Dil. D3, Picrasma Excelsa, Quassia Amara Dil. 2, Resina Piceae Dil. D 4, Robinia Pseudoacacia Dil. D 2, Lycopodium Clavatum Dil. D4, Carbo Vegetabilis Dil. D8"
9251,"Cinchona Pubescens Dil. D 4, Citrullus Colocynthis Dil. D6, Daphne Mezereum Dil. D 6, Simarouba Cedron Dil. D 4, Spigelia Anthelmia Dil. D4"
9252,"Aluminium Oxydatum Dil. D 15, Daphne Mezereum Dil. D 6, Graphites Dil. D12, Natrium Chloratum Dil. D3, Petroleum Rectifictum Dil D 12, Sepia Officinalis Dil. D 6, Sulfur Dil. D 12, Nerium Oleander D3"
9253,"Serenoa Repens Trit. D 2, Chondrodendron Trit. D3"
9254,"Carbo Vegetabilis Trit. D 4, Cuprum Metallicum Trit. D 4, Dactylopius Coccus Trit. D 1, Drosera Trit. D 3, Hyoscyamus Niger Trit. D 4, Spongilla Lacustris Trit. D 3, Narcissus Pseudonarcissus (Hab 34) Trit. D 3, Cephaelis Ipecacuanha Trit. D4"
9255,"Acidum Silicicum Trit. D4, Bryonia Trit. D 3, Chelidonium Majus Trit. D6, Filipendula Ulmaria Trit. D 2, Guajacum Trit. D 2, Thuja Occidentale Trit. D 3, Rhododendron Trit. D 3"
9256,"Acidum Salicylicum Trit. D 4, Gaultheria Procumbens (Hab 34) Trit D 4, Gelsemium Sempervirens Trit. D 4, Iris Vesicolor Trit D 3, Magnesium Chloratum Trit. D 3, Strychnos Ignatii Trit. D 4, Toxicodendron Quercifolium Trit. D 8, Verbascum Densiflorum Trit."
9257,"Pilocarpus Dil. D 4, Salvia Officinalis Dil. D 2"
9258,"Acidum Picrinicum Dil. D 10, Kalium Phosphoricum Dil. D 3, Panax Ginseng Dil. D 4, Selenium Dil. D 10, Zincum Picrinicum Dil. D 10, Chamaelirium Luteum Dil. D3, Avena Sativa Dil. D1"
9259,"Phosphorus Dil. D8, Senecio Bicolor Dil. D 6"
9260,"Arnica Montana Trit. D 4, Hamamelis Virginiana Trit. D 3, Sepia Officinalis Trit. D4, Vipera Berus D10"
9261,"Aralia Racemosa Dil. D 4, Linum Usitatissimum (Hab 34) Dil D 2, Sinapis Nigra (Hab 34) Dil. D 3, Solanumlycopersicum (Hab 34) Dil. D 4, Lobelia Inflata Dil. D4"
9262,"Hepar Sulfuris Trit. D 6, Lycopodium Clavatum Trit. D 4, Natrium Chloratum Trit. D3, Pulsatilla Pratensis Trit. D 4, Selenium Trit. D 6, Sulfur Jodatum Trit. D 6, Toxicodendron Quercifolium Trit. D 6"
9263,"Acidum L(+)-Lacticum Dil. D12, Chionanthus Virginicus D4, Syzygium Cumini D2"
9264,"Terebinthinae Aetheroleum Rectificatum, Apis Mellifica Dil. D4, Dactylopius Coccus Dil.D2, Sulfur Dil. D 8, Urginea Maritima Dil. D 3, Petroselinum Crispum Convar. Crispum Dil. D2"
9265,"Aconitum Napellus Trit. D 4, Arctostaphylos Uva-Ursi Trit. D 2, Citrullus Colocynthis Trit. D 4, Hydrargyrum Bichloratum Trit. D8, Lytta Vesicatoria Trit. D 4, Solanum Dulcamara Trit. D 3, Thuja Occidentale Trit. D 3"
9266,"Causticum Hahnemanni Dil. D20, Cuprum Metallicum Dil. D 8, Zincum Metallicum Dil. D10"
9267,"Ruta Graveolens D8, Melilotus Officinalis D2, Digitalis Purpurea D3, Gelsemium Sempervirens D4, Iris Versicolor D3, Chelidonium Majus D3, Cimicifuga Racemosa D4, Argentum Nitricum D6, Sanguinaria Canadensis D4, Cyclamen Purpurascens D6"
9268,"Dextromethorphan Hydrobromide, Paracetamol, Pseudoephedrine Sulphate"
9269,Benzalkonium Chloride Solution 50%
9270,"Myristalkonium, Chloride"
9271,Ethyl Parahydroxybenzoate E214
9272,Methyl Parahydroxybenzoate
9273,Methylphenobarbital
9274,Antazoline Mesilate
9275,Phenobarbital Bp
9276,Phenobarbital Ph. Eur.
9277,Phenolphthalein
9278,Phenoxyethanol
9279,Phenylephrine Hydrochloride Ph. Eur.
9280,Phenyl Salicylate
9281,"Trastuzumab, Pertuzumab"
9282,"Cinnarizine, Piracetam"
9283,Magnesium Hydroxide Bp
9284,"Trypsin, Bromelains, Rutoside Trihydrate"
9285,"Dexpanthenol, Lidocaine, Sodium Sulfosalicylate Samarate"
9286,Sodium Sulfosalicylate Samarate
9287,"Hexachlorophene, Sodium Sulfosalicylate Samarate"
9288,"Trimethylphloroglucinol, Phloroglucinol Dihydrate"
9289,Phloroglucinol
9290,"Guaifenesin, Cineole, Bismuth Sub-Succinate"
9291,"Camphora D3, Cuprum Sulfuricum Dil. D4, Acidum Arsenicosum Spag. Glückselig Dil. D4, Arnica Montana E Floribus Sicc. Glückselig Dil. D2, Aurum Chloratum Dil. D5, Bolus Alba Spag. Glückselig Ø, Digitalis Purpurea Glückselig Dil. D4, Dryopteris Filix-Mas Ex"
9292,"Zincum Metallicum Dil. D8, Argentum Nitricum Dil. D5, Cuprum Sulfuricum Et Sulfur Et Tartarus Depuratus Spag. Glückselig Ø"
9293,"Cuprum Sulfuricum Dil. D4, Acidum Arsenicosum Spag. Glückselig Dil. D4, Arnica Montana E Floribus Sicc. Glückselig Dil. D2, Aurum Chloratum Dil. D5, Bolus Alba Spag. Glückselig Ø, Digitalis Purpurea Glückselig Dil. D4, Dryopteris Filix-Mas Ex Herba Rec. G"
9294,"Cuprum Sulfuricum Dil. D4, Arnica Montana E Floribus Sicc. Glückselig Dil. D2, Bolus Alba Spag. Glückselig Ø, Hydrargyrum Bichloratum Spag. Glückselig Dil. D6, Stibium Sulfuratum Nigrum Dil. D8"
9295,"Cuprum Sulfuricum Dil. D4, Arnica Montana E Floribus Sicc. Glückselig Dil. D2, Bolus Alba Spag. Glückselig Ø, Dryopteris Filix-Mas Ex Herba Rec. Glückselig Dil. D4, Hydrargyrum Bichloratum Spag. Glückselig Dil. D6, Stibium Sulfuratum Nigrum Dil. D8, Zincu"
9296,"Aconitum Napellus Dil. D5, Echinacea Dil. D5, Eupatorium Perfoliatum Dil. D1, Ferrum Phosphoricum Dil. D8"
9297,"Terebinthinae Aetheroleum Rectificatum Dil. D5, Petroselinum Crispum Convar. Crispum Dil. D2, Lytta Vesicatoria Dil. D3, Arctostaphylos Uva-Ursi Dil. D3, Asparagus Officinalis Dil. D3"
9298,"Aesculus Hippocastanum Dil. D1, Hamamelis Virginiana Dil. D3, Silybum Marianum Dil. D2"
9299,"Camphora D3, Cuprum Sulfuricum Dil. D4, Silybum Marianum Dil. D2, Acidum Arsenicosum Spag. Glückselig Dil. D4, Arnica Montana E Floribus Sicc. Glückselig Dil. D2, Aurum Chloratum Dil. D5, Bolus Alba Spag. Glückselig Ø, Digitalis Purpurea Glückselig Dil. D"
9300,"Disodium Phosphate, Magnesium Glycerophosphate, Phosphoric Acid, Concentrated, Calcium Bis(Dihydrogenphosphate) Monohydrate"
9301,Aluminium Chlorhydroxide-Complex
9302,"Argentum Nitricum D10, Argentum Nitricum D200, Argentum Nitricum D30, Phosphorus D10, Phosphorus D200, Paris Quadrifolia D10, Paris Quadrifolia D200, Paris Quadrifolia D30, Paris Quadrifolia D6, Phosphorus D30"
9303,"Phosphorus Dil. D10, Phosphorus Dil. D200, Phosphorus Dil. D30, Argentum Nitricum Dil. D30, Argentum Nitricum Dil. D200, Argentum Nitricum Dil. D10, Paris Quadrifolia D10, Paris Quadrifolia D200, Paris Quadrifolia D30, Paris Quadrifolia D6"
9304,"Phosphorus Dil. D25, Sulfur Dil. D25"
9305,Phosphorus Dil. D5
9306,Phosphorus
9307,"Phosphorus Dil. D 12, Phosphorus Dil. D1000, Phosphorus Dil. D200, Phosphorus Dil. D30"
9308,"Cupressus Sempervirens, Juniperus Communis L."
9309,Nicotiana Tabacum
9310,Porfimer Sodium
9311,"Calcium, Magnesium, Potassium, Sodium, Chloride Ion, Hydrogen Phosphate, Hydrogen Carbonate"
9312,Metacycline Hydrochloride
9313,"Sodium Hydrogen Carbonate, Magnesium Chloride Hexahydrate, Sodium Chloride, Calcium Chloride Dihydrate, Glucose Monohydrate, Sodium (S)-Lactate Solution"
9314,"Sodium Hydrogen Carbonate, Magnesium Chloride Hexahydrate, Sodium Chloride, Calcium Chloride Dihydrate, Glucose Monohydrate, Sodium Lactate"
9315,"Sodium Hydrogen Carbonate, Sodium Lactate Solution, Magnesium Chloride Hexahydrate, Sodium Chloride, Calcium Chloride Dihydrate, Glucose Monohydrate"
9316,"Primulae Radix, Extractum Spissum, Thymus Herb Liquid Extract"
9317,"Extract (1: 1.5 - 2.1) From Goldenrod, Potentilla Anserina Herb And Equisetum Stem (4.2:1.4:1): Extraction Solvent: Ethanol 50% (V/V)"
9318,"Fraxini Cortex, Extractum, Populi Cortex Et Folium, Extractum, European Goldenrod Extract"
9319,"Althaeae Radix, Extractum"
9320,"Extract From Marshmallow Root (Der 1:19.5-23.5), Extraction Solvent: Purified Water"
9321,"Phytolacca Americana Dil. D4, Phytolacca Americana Dil. D200, Phytolacca Americana Dil. D30, Phytolacca Americana Dil. D12"
9322,"Passiflora Dry Extract, Valerian Root Dry Extract (3-6:1), Ethanol 70 %(V/V), Melissa Leaf Dry Extract (Der: 3 - 7 : 1)"
9323,"Tolu Balm (1:10), Extraction Solvent: Ethanol 65% (V/V), Tincture From Ipecacuanha Root (1:10), Extraction Solvent: Ethanol 65% (V/V)"
9324,"Hedera Helix D1, Senega D2, Ipeca D 4, Hyoscyamus Niger D3, Atropa Bella-Donna D4"
9325,"Sage Leaf (Salvia Officinalis), Rhubarb Root"
9326,"Pitofenone Hydrochloride, Metamizole Sodium, Fenpipramide Bromomethylate"
9327,"Avocado Oil Unsaponifiables, Soybean Oil Unsaponifiables"
9328,"Soya Oil, Avocado Oil"
9329,Crovalimab
9330,"Poliovirus (Inactivated) Type 3 (Saukett Strain), Poliovirus (Inactivated) Type 2 (Mef-1 Strain), Algeldrate, Poliovirus Type 1, Inactivated, Strain Brunhilde"
9331,Doravirine
9332,Pygeum Africanum Bark
9333,"Hydrocortisone, Tretinoin, Hydroquinone"
9334,"Boric Acid, Phenol, Resorcinol"
9335,"Ascorbic Acid, Calcium Pantothenate, Colecalciferol, Cyanocobalamin, Folic Acid, Nicotinamide, Riboflavin, Thiamine Nitrate, Pyridoxine Hydrochloride, Retinol, Phosphate"
9336,"Riboflavin Sodium Phosphate, Thiamine Hydrochloride, Ascorbic Acid, Colecalciferol, Cyanocobalamin, Dexpanthenol, Nicotinamide, Pyridoxine Hydrochloride, Retinol"
9337,"Ascorbic Acid, Calcium Pantothenate, Colecalciferol, Cyanocobalamin, Folic Acid, Nicotinamide, Riboflavin, Thiamine Nitrate, Pyridoxine Hydrochloride, Retinol, Alphatocopherol Acetate"
9338,Thymus Extract
9339,Mushroom
9340,Natamycin
9341,"Neomycin Sulfate, Hydrocortisone, Natamycin"
9342,"Neomycin, Hydrocortisone, Natamycin"
9343,Pindolol
9344,"Fluid Extract From Ivy Leaves (1:1), Extracting Agent: Ethanol 70% (V/V)"
9345,"Levomenthol, Camphor, Eucalyptus Oil"
9346,"Levomenthol, Pine Needle Oil, Eucalyptus Oil"
9347,"Pine Needle Oil, Eucalyptus Oil"
9348,"Pioglitazone Hydrochloride, Metformin Hydrochloride Ph. Eur."
9349,Pipemidic Acid Trihydrate
9350,Piperacillin Sodium
9351,"Piperacillin Sodium, Tazobactam Sodium, Piperacillin, Tazobactam, Piperacillin Monohydrate"
9352,"Piperacillin Sodium, Tazobactam Sodium, Tazobactam, Piperacillin Monohydrate"
9353,Piperacillin
9354,Piperazine
9355,Pipotiazine
9356,Pipotiazine Palmitate
9357,Alpelisib
9358,Pyrazinamide
9359,Piroxicam Ph. Eur.
9360,Pitavastatin Calcium
9361,Tixocortol Pivalate
9362,Pizotifen Malate
9363,"Aesculus Hippocastanum Dil. D4, Acidum L(+)-Lacticum Dil. D4, Funiculus Umbilicalis Suis Dil. D10, Melilotus Officinalis Dil. D6, Nicotiana Tabacum Dil. D10, Solanum Nigrum Dil. D6, Barium Carbonicum Trit. D13, Cuprum Sulfuricum Dil. D6, Vipera Berus E Ve"
9364,"Secale Cornutum D4, Sarcolacticum Acidum D4, Barium Carbonicum D13, Cuprum Sulfuricum D6, Embryo Totalis Suis D8, Arteria Suis D10, Funiculus Umbilicalis Suis D10, Hypophysis Suis D10, Natrium Pyruvicum D8, Placenta Totalis Suis D6, Plumbum Jodatum D18, S"
9365,"Placenta Totalis Suis D200, Placenta Totalis Suis D30, Placenta Totalis Suis D10"
9366,"Placenta Totalis Suis D12, Placenta Totalis Suis D200, Placenta Totalis Suis D30, Placenta Totalis Suis D8"
9367,Polydeoxyribonucleotide Sodium
9368,Lorazepam Pivalate
9369,Picotamide Monohydrate
9370,Teicoplanin
9371,"Liquid Extract From Ribwort Plantain (1:2,0), Extraction Solvent: Ethanol 60%"
9372,"Drosera E Planta Tota Ferm 33c Dil. D3 (Hab, Vs. 33c), Beeswax, Yellow, Terebinthina Laricina, Petasites Hybridus E Radice Ferm 33c Dil. D1 (Hab, Vs. 33c), Plantago Lanceolata E Foliis Ferm 34c Dil. D1 (Hab, Vs. 34c), D-Camphor, Eucalyptus Oil, Thymus Ess"
9373,"Liquid Extract With Sugar (1:1) From 0,3 G Picea Abies Herb (4:1), Liquid Extract With Sugar (1:1) From 0,7 G Ribwort Plantain (4:1), Petasites Hybridus E Radice Ferm 33c Dil. D3 (Hab, Vs. 33c)"
9374,"Atropa Bella-Donna Dil. D10, Plantago Major Dil. D15, Plantago Major Dil. D2, Plantago Major Dil. D200, Plantago Major Dil. D30, Plantago Major Dil. D10, Strychnos Ignatii Dil. D10, Strychnos Ignatii Dil. D200, Strychnos Ignatii Dil. D30, Atropa Bella-Don"
9375,"Primula Veris, Flos Rec., Aqu. Digestio 1:3,1 Cum 1 % Hyoscyamus Ø, Plantago Lanceolata, Folium Rec., Aqu. Digestio 1:3,1 Cum 1 % Hyoscyamus Ø"
9376,Plantaginis Extractum Fluidum
9377,"Dry Extract Of Melissa Leaf (4-6 : 1), Extraction Solvent: Ethanol 30 % (W/W), Valerianae Extractum Siccum (3 - 6 : 1), Ethanol 70% (V/V)"
9378,Melilot
9379,"Gelatin, Succinated"
9380,Plane Pollen
9381,Platanus Spp. Pollen Extract
9382,"Carbo Vegetabilis Dil. D5, Cichorium Intybus E Planta Tota Ferm 33c Dil. D2 (Hab, Vs. 33c), Oxalis Acetosella E Planta Tota Ferm 34b Dil. D2 (Hab, Vs. 34b), Pancreas Suis Gl Dil. D7 (Hab, Vs. 41a), Platinum Chloratum Dil. D5 Aquos. (Hab, Vs. 5b)"
9383,"Calcium Chloride, Potassium Chloride, Sodium Chloride, Magnesium Chloride"
9384,Peginterferon Beta-1a
9385,"Ascorbic Acid, Sodium Ascorbate, Potassium Chloride, Sodium Chloride, Macrogol 3350"
9386,"Potassium Chloride, Sodium Chloride, Sodium Sulfate Anhydrous, Macrogol 3350"
9387,"Meglumine Amidotrizoate, Sodium Amidotrizoate, Calcium Amidotrizoate"
9388,"Aconite Tincture, Codeine Phosphate Hemihydrate, Thymi Extractum Fluidum, Sweet Orange Tincture"
9389,"Aconite Tincture, Codeine Phosphate Hemihydrate, Saponin, Thymi Extractum Fluidum, Sweet Orange Tincture"
9390,"Agaricus Dil. D 6, Platinum Metallicum Dil. D 10, Stannum Metallicum D10, Ignatia Dil. D4, Chamomilla Dil. D2, Lycopodium Dil. D6"
9391,"Thiamine Hydrochloride, Calcium Pantothenate, Cyanocobalamin, Nicotinamide, Pyridoxine, Riboflavin"
9392,"Dry Extract Of Horse Chestnut Seeds (5-8:1) Adjusted To 50 Mg Of Triterpene Glycosides Calculated As Anhydrous Aescin, Extraction Agent: Methanol 80 % (V/V)"
9393,"Paracetamol, Propyphenazone, Caffeine, Codeine Phosphate"
9394,"Camphora D3, Cuprum Sulfuricum Dil. D4, Arnica Montana E Floribus Sicc. Glückselig Dil. D2, Bolus Alba Spag. Glückselig Ø, Kalium Nitricum Dil. D3, Stibium Sulfuratum Nigrum Dil. D8, Zincum Metallicum Dil. D8, Chelidonium Majus Ex Herba Rec. Spag. Glückse"
9395,Plumbum Mellitum Dil. D20
9396,Plumbum Metallicum Praeparatum Trit. D6
9397,Plumbum Metallicum Praeparatum Dil. D6 Aquos.
9398,Lutetium (177lu) Vipivotide Tetraxetan
9399,"Aconitum Napellus Dil. D2, Bryonia Dil. D2"
9400,"Kalium Stibyltartaricum Dil. D2, Phosphorus Dil. D4"
9401,"Pneumococcal Polysaccharide Serotype 4, Pneumococcal Polysaccharide Serotype 6b, Pneumococcal Polysaccharide Serotype 9v, Pneumococcal Polysaccharide Serotype 14, Pneumococcal Polysaccharide Serotype 18c, Pneumococcal Polysaccharide Serotype 19f, Pneumoco"
9402,"Hamamelis Virginiana Dil. D1, Silybum Marianum Dil. D1, Arnica Montana Mother Tincture, Aesculus Hippocastanum Dil. D1, Lachesis Mutus Dil D6, Lycopodium Clavatum Dil. D4, Melilotus Officinalis Dil. D3"
9403,"Dexchlorpheniramine Maleate, Allantoin"
9404,European Goldenrod Dry Extract (5-7:1)
9405,Triamcinolone
9406,"Tetracycline Hydrochloride, Triamcinolone Acetonide"
9407,"Soft Extract From Pygeum Africanum Bark (200: 1), Extraction Solvent: Methylene Chloride"
9408,"Codeine, Erysimum (Hydroalcoolic Dried Extract )"
9409,"Chlormidazole Hydrochloride, Salicylic Acid"
9410,Insulin Human Isophane
9411,"Sodium Chloride, Zinc Chloride, Magnesium Acetate Tetrahydrate, Potassium Acetate, Calcium Gluconate Monohydrate"
9412,"Poliovirus Type 1, Strain Lsc, 2ab"
9413,"Poliovirus Type 3, Strain Leon 12a, 1b"
9414,"Poliovirus Type 2, Strain P 712, Ch, 2ab"
9415,"Poliovirus Type 1, Strain Lsc, 2ab, Poliovirus Type 3, Strain Leon 12a, 1b"
9416,"Poliovirus (Inactivated) Type 1 (Mahoney Strain) Produced On Vero Cells, Poliovirus (Inactivated) Type 2 (Mef-1 Strain) Produced On Vero Cells, Poliovirus (Inactivated) Type 3 (Saukett Strain) Produced On Vero Cells"
9417,"Poliovirus (Inactivated) Type 3 (Saukett Strain), Poliovirus (Inactivated) Type 2 (Mef-1 Strain), Poliovirus Type 1, Inactivated, Strain Brunhilde"
9418,"Amlodipine, Atorvastatin, Ramipril"
9419,"Bacitracin Zinc, Polymyxin B Sulfate"
9420,Polatuzumab Vedotin
9421,Anthoxanthum Odoratum Pollen
9422,Arrhenatherum Elatius Pollen
9423,Bent Pollen
9424,Brome Pollen
9425,Dactylis Glomerata Pollen
9426,Festuca Pratensis Pollen
9427,Holcus Lanatus Pollen
9428,Meadow Foxtail Pollen
9429,Meadow Grass Pollen
9430,Rye Grass Pollen
9431,Secale Cereale Pollen
9432,"Tree Pollen Alergoids Mixture: Alnus Sp., Betula Sp., Corylus Avellana"
9433,"Grass Pollen Allergen Extract From Agrostis Tenuis, Alopecurus Pratensis, Anthoxanthum Odoratum, Arrhenatherum Elatius, Bromus Inermis, Cynosurus Cristatus, Dactylis Glomerata, Festuca Pratensis, Holcus Lanatus, Lolium Perenne, Phleum Pratense, Poa Praten"
9434,13 Grass Pollen Mixture
9435,"Mixture Of Allergen Extracts From Betula Spp., Alnus Spp. And Corylus Spp., Glutaraldehyde Modified"
9436,"Ammi Visnaga, Aralia Racemosa, Larrea Mexicana Trit. D2, Cardiospermum Halicacabum, Galphimia Glauca, Luffa Operculata, Okoubaka Aubrevillei"
9437,"Soft Extract Of Crude Pollen Of Secale Cereale, Phleum Pratense And Zea Mays (30:1.5:1), First Extraction Solvent: Water:acetone:sodium Laurilsulfate (27:1:0.01 W/W), Second Extraction Solvent: Acetone (100%), Dry Extract Of Crude Pollen Of Secale Cereale"
9438,"Grass Pollen Thick Extract (Rye : Timothy Grass : Maize, 30:1.5:1), Pollen Extract Residue Dry Extract"
9439,Stannous Chloride Dihydrate
9440,Sodium Diethylenetriaminepentaacetate Monohydrate
9441,Mebrofenin Sodium
9442,"Amlodipine, Amlodipine Besilate, Perindopril Arginine"
9443,"Colchicum Autumnale Trit D6, Ferrum Phosphoricum Trit D12"
9444,"Guajacum Dil D 3, Colchicum D4, Kalium Iodatum Dil. D4, Ferrum Phosphoricum Dil. D8, Filipendula Ulmaria Mother Tincture, Dulcamara Dil. D4, Rhus Toxicodendron Dil. D4"
9445,"Dexamethasone Sodium Metasulphobenzoate, Neomycin Sulfate, Polymyxin B Sulfate"
9446,"Neomycin Sulfate, Polymyxin B, Dexamethasone"
9447,"Pumilio Pine Oil, Rosemary Oil"
9448,Macrogol 400
9449,Macrogol
9450,"Neomycin Sulfate, Nystatin, Polymyxin B Sulfate"
9451,"Potassium Chloride, Sodium Chloride, Calcium Gluconate, Glucose Monohydrate"
9452,"Crospovidone, Karaya Gum"
9453,Polymyxin B Sulfate
9454,Azoximer Bromide
9455,"Polymyxin B Sulfate, Trimethoprim"
9456,"Escherichia Coli (Inactivated), Klebsiella Pneumoniae (Inactivated), Staphylococcus Aureus Inactivated Bacteria, Staphylococcus Epidermidis Inactivated Bacteria, Streptococcus Salivarius Inactivated Bacteria, Streptococcus Pneumoniae Inactivated Bacteria,"
9457,Cipaglucosidase Alfa
9458,Pivampicillin
9459,"Acetylsalicylic Acid, Aluminium Hydroxide Gel, Dried, Magnesium Hydroxide"
9460,Ponesimod
9461,"Neomycin, Nystatin, Triamcinolone"
9462,Standardised Bacterial Culture Suspension
9463,"Hydrocortisone, Escherichia Coli (Inactivated)"
9464,"Hydrocortisone, Standardised Bacterial Culture Suspension"
9465,Topotecan Hydrochloride
9466,"Acidum Phosphoricum Dil. D 1, Selenium Dil. D 8, Acidum Silicicum Dil. D8"
9467,Potassium Aspartate
9468,"Aspartic Acid, Potassium"
9469,"Potassium Hydroxide, Lactic Acid"
9470,"Potassium Hydrogen Carbonate, Potassium Citrate, Potassium Tartrate, Potassium Malate, Potassium Succinate"
9471,"Potassium Hydrogen Carbonate, Potassium Hydrogen Tartrate"
9472,"Glucose, Anhydrous, Potassium Chloride"
9473,Potassium Chloride Bp
9474,Potassium Chloride Ph. Eur.
9475,Potassium
9476,"Potassium Chloride, Potassium Glycerophosphate"
9477,Mogamulizumab
9478,"Menthol, Zinc Oxide, Methyl Salicylate, Phenol, Liquefied"
9479,"Dry Extract Of Ginseng (3-7:1), Extraction Solvent: Ethanol 40% V/V"
9480,"Dry Extract Of Melissa Leaf (4-6 : 1), Extraction Solvent: Ethanol 30 % (W/W), Dry Extract Of Valerian Root (3-4:1), Extraction Solvent: Ethanol 70% V/V"
9481,Alirocumab
9482,Pramiracetam
9483,Pramiracetam Sulfate
9484,"Carnitine Hydrochloride, Cyproheptadine Hydrochloride, Lysine Hydrochloride"
9485,Prasugrel Hydrobromide
9486,Prasugrel Hydrochloride
9487,Pranoprofen
9488,"Pravastatin Sodium, Fenofibrate"
9489,Pravastatin
9490,Idarucizumab
9491,Promazine Hydrochloride
9492,Prednisolone Metasulfobenzoate Sodium
9493,Prednisone Micronised
9494,"Chloramphenicol, Prednisolone"
9495,Prednisolone Acetate Ph. Eur.
9496,Prednisolone Sesquihydrate
9497,Prednisolone Sodium Phosphate Ph. Eur.
9498,Prednisone Acetate
9499,Prednisolone Pivalate
9500,5-Methyltetrahydrofolate Di Calcium Pentahydrate
9501,"Ferrous Fumarate Ph. Eur., Folic Acid Ph. Eur."
9502,"Menthae Piperitae Folium, Sennae Folium, Liquorice Root, Fennel Seed, Millefolii Herba"
9503,Echinaceae Angustifoliae Tinctura
9504,"Apis Mellifica C15, Cavia Cobaya Lung Histamine C15, Pollen C15"
9505,"Metoprolol Tartrate, Chlortalidone"
9506,"Ascorbic Acid, Colecalciferol, Cyanocobalamin, Folic Acid, Nicotinamide, Riboflavin, Thiamine Nitrate, Calcium Carbonate, Ferrous Fumarate, Magnesium Oxide, Potassium Iodide, Pyridoxine Hydrochloride, Retinol, Dl-Alpha Tocopherol Acetate"
9507,Ritodrine Hydrochloride
9508,"Shark-Liver Oil, Yeast Extract"
9509,Saccharomyces Cerevisiae Extract
9510,"Fucus Vesiculosus, Calcium Carbonicum Hahnemanni D8, Kalium Carbonicum D3, Graphites D30, Sulfur D5"
9511,"Strophantus Gratus Dil. D4, Convallaria Majalis D2, Urginea Maritima D4, Passiflora Incarnata Mother Tincture, Crataegus Mother Tincture"
9512,"Carum Carvi, Gentiana Lutea Ø, Chelidonium Majus Dil. D7, Citrullus Colocynthis Dil. D7, Atropa Bella-Donna D4, Fel Tauri D4, Matricaria Recutita Mother Tincture"
9513,"Ceanothus Americanus, China Officinalis D4, Ferrum Arsenicosum Dil. D6"
9514,"Ambra Grisea D2, Acidum Phosphoricum Trit. D 3, Acidum Picrinicum Dil. D4, Zincum Phosphoricum Trit. D4, Zincum Aceticum Trit. D4, Zincum Isovalerianicum Trit. D4"
9515,"Silicea D12, Symphytum Officinale D12, Cobaltum Metallicum Dil. D8, Symphytum Officinale Dil. D20, Calcium Carbonicum Hahnemanni D8, Aesculus Hippocastanum Dil. D1, Calcium Phosphoricum Dil. D8, Calcium Carbonicum Hahnemanni Dil. D12, Calcium Phosphoricum"
9516,"Euspongia Officinalis, Spongilla Lacustris Ø, Lycopus Virginicus, Arsenum Iodatum D6"
9517,"Euspongia Officinalis D6, Fucus Vesiculosus (Hab 34) D6, Vitex Agnus-Castus D2, Iodum D8"
9518,"Conium Maculatum D12, Magnesium Chloratum D10, Manganum Sulfuricum D10, Hydrastis Canadensis Dil. D12, Chelidonium Majus D6, Berberis Vulgaris Dil. D4"
9519,"Echinacea Dil. D2, Kalium Carbonicum D5, Petroleum Rectificatum D6"
9520,"Gelsemium Sempervirens Dil. D 6, Echinacea Dil. D3, Bryonia Dil. D4, Eupatorium Perfoliatum D8, Phosphorus Dil. D6"
9521,"Semecarpus Anacardium D8, Strychnos Nux-Vomica Dil. D4, Colchicum Autumnale Dil. D6, Argentum Nitricum Dil. D6, Carbo Vegetabilis Dil. D8"
9522,"Manganum Aceticum D6, Luffa Operculata Dil. D6, Sulfur Iodatum D6, Kalium Bichromicum D6, Echinacea Dil. D3, Hydrargyrum Sulfuratum Rubrum D10"
9523,Undecylenic Acid Monoethanolamide
9524,"Anas Barbariae Hepatis Et Cordis Extractum K200, Aconitum Napellus C5, Cuprum Metallicum C3, Atropa Bella-Donna C5, Echinacea C3, Vincetoxicum Hirundinaria C5, Haemophilus Influenzae C9"
9525,"Pneumococcal Polysaccharide Serotype 1 Conjugated To Crm197 Adsorbed On Aluminium Phosphate, Pneumococcal Polysaccharide Serotype 5 Conjugated To Crm197 Adsorbed On Aluminium Phosphate, Pneumococcal Polysaccharide Serotype 3 Conjugated To Crm197 Adsorbed"
9526,"Pneumococcal Polysaccharide Serotype 1 Conjugated To Crm197 Adsorbed On Aluminium Phosphate, Pneumococcal Polysaccharide Serotype 22f Conjugated To Crm197 Adsorbed On Aluminium Phosphate, Pneumococcal Polysaccharide Serotype 15b Conjugated To Crm197 Adsor"
9527,Fluindione
9528,Letermovir
9529,Ziconotide
9530,Perampanel Hydrate (4:3)
9531,Acarus Siro Extract
9532,"Betula Alba Pollen Extract, Alnus Glutinosa Pollen Extract, Corylus Avellana Pollen Extract"
9533,Betula Alba Pollen Extract
9534,Blomia Tropicalis Extract
9535,Chortoglyphus Arcuatus Extract
9536,Dermatophagoides Farinae Extract
9537,Egg White Extract
9538,Alnus Glutinosa Pollen Extract
9539,Chenopodium Album Pollen Extract
9540,Hordeum Vulgare Pollen Extract
9541,"Hordeum Vulgare Pollen Extract, Avena Sativa Pollen Extract, Secale Cereale Pollen Extract, Triticum Aestivum Pollen Extract"
9542,Parietaria Pollen Extract
9543,Glycyphagus Domesticus Extract
9544,"Timothy Grass Pollen Extract, Lolium Perenne Pollen Extract, Poa Pratensis Pollen Extract, Festuca Elatior Pollen Extract, Dactylis Glomerata Pollen Extract"
9545,Corylus Avellana Pollen Extract
9546,Holcus Lanatus Pollen Extract
9547,Rabbit Epithelium Extract
9548,Cat Epithelium Extract
9549,Dactylis Glomerata Pollen Extract
9550,Lepidoglyphus Destructor Extract
9551,Timothy Grass Pollen Extract
9552,Lolium Perenne Pollen Extract
9553,Agrostis Stolonifera Pollen
9554,"Alnus Glutinosa Pollen, Betula Verrucosa Pollen, Corylus Avellana Pollen"
9555,Corylus Avellana Pollen
9556,Festuca Rubra Pollen
9557,Lolium Perenne Pollen
9558,Parietaria Sp. Pollen
9559,"Phleum Pratense Pollen, Poa Pratensis Pollen, Lolium Perenne Pollen, Secale Cereale Pollen, Arrhenatherum Elatius Pollen, Holcus Lanatus Pollen, Anthoxanthum Odoratum Pollen, Agrostis Stolonifera Pollen, Dactylis Glomerata Pollen, Festuca Rubra Pollen"
9560,Poa Pratensis Pollen
9561,Poa Pratensis Pollen Extract
9562,Secale Cereale Pollen Extract
9563,Anthoxanthum Odoratum Pollen Extract
9564,Plantago Lanceolata Pollen Extract
9565,Plantain Pollen Extract
9566,Tyrophagus Putrescentiae Extract
9567,Triticum Aestivum Pollen Extract
9568,Festuca Elatior Pollen Extract
9569,Anguilla Anguilla
9570,Acer
9571,Robinia
9572,Alternaria Tenuis
9573,Ananas Comosus
9574,Citrus Aurantium
9575,"Ulmus, Corylus Avellana, Alnus, Populus Alba, Willow Pollen"
9576,"Betula, Beech, Oak, Plane Pollen"
9577,Brassica Oleracea Var. Botrytrisso
9578,Cladosporium Herbarum
9579,Citrus Nobilis
9580,Oak
9581,Duck Meat
9582,Alnus
9583,Ash
9584,"Pork, Beef, Mutton Meat"
9585,"Chicken, Duck Meat, Goose Meat, Turkey Meat"
9586,Trout
9587,Fusarium Spp.
9588,Goose Meat
9589,Chenopodium Album
9590,Hordeum Vulgare
9591,Hordei Farina
9592,Wall Pellitory
9593,Grapefruit
9594,"Phleum Pratense, Holcus Lanatus, Dactylis Glomerata, Festuca Pratensis, Lolium Perenne, Poa Pratensis"
9595,"Triticum Aestivum, Phleum Pratense, Holcus Lanatus, Dactylis Glomerata, Festuca Pratensis, Lolium Perenne, Poa Pratensis, Secale Cereale, Oat, Hordeum Vulgare"
9596,Hornbeam
9597,Mutton Meat
9598,Corylus Avellana
9599,Halibut
9600,Cynodon Dactylon
9601,Chamomile
9602,Dactylis Glomerata
9603,"Plantago Lanceolata, Urtica Dioica, Artemisia Vulgaris, Taraxacum Officinale"
9604,Cow Milk
9605,Salmon
9606,Tilia Cordata
9607,Corn Flour
9608,Mucor Mucedo
9609,Capsicum
9610,Bertholletia Excelsa
9611,"Cladosporium Herbarum, Botrytis Cinerea, Helminthosporium Halodes, Alternaria Tenuis, Cochliobolus Lunatus, Fusarium Spp."
9612,"Mucor Mucedo, Pullularia Pullulans, Serpula Lacrimans, Rhizopus Nigricans, Aspergillus Fumigatus, Penicillium Notatum"
9613,Pullularia Pullulans
9614,Turkey Meat
9615,Lolium Perenne
9616,Cow Epithelia
9617,Beef
9618,Secale Cereale
9619,Sus Scrofa Thymus
9620,Sole
9621,Apium Graveolens Var. Dulce Root
9622,Asparagus Officinalis
9623,Spinacia Oleracea
9624,Ulmus
9625,Willow Pollen
9626,Grape
9627,Phleum Pratense
9628,Poa Pratensis
9629,Festuca Pratensis
9630,Pridinol Hydrochloride
9631,"Tiliae Flos, Marshmallow Root, Rose Fruit, Wild Thyme, Plantaginis Lanceolatae Folium, Liquorice Root"
9632,"Piretanide, Ramipril"
9633,"Articaine, Epinephrine"
9634,Mequitazine
9635,Primaquine
9636,Primaquine Phosphate
9637,"Orthophenylphenol, 2-Propanol (Ph. Eur.), 1-Propanol"
9638,"Chlorcyclizine Hydrochloride, Cinnarizine"
9639,"Ornithine Hydrochloride, Taurine, Glutamic Acid, Glycine, L-Tryptophan, L-Arginine, L-Histidine, L-Isoleucine, L-Leucine, L-Methionine, L-Proline, L-Serine, L-Threonine, L-Tyrosine, L-Valine, L-Cysteine, L-Aspartic Acid, L-Phenylalanine, L-Lysine, L-Alani"
9640,"Taurine, Glutamic Acid, Glycine, L-Tryptophan, L-Arginine, L-Histidine, L-Isoleucine, L-Leucine, L-Methionine, L-Proline, L-Serine, L-Threonine, L-Tyrosine, L-Valine, L-Cysteine, L-Aspartic Acid, L-Ornithine Hydrochloride, L-Phenylalanine, L-Lysine, L-Ala"
9641,"Taurine, Glycine, L-Tryptophan, L-Arginine, L-Histidine, L-Isoleucine, L-Leucine, L-Methionine, L-Proline, L-Serine, L-Threonine, L-Tyrosine, L-Valine, L-Cysteine, L-Aspartic Acid, L-Ornithine Hydrochloride, L-Phenylalanine, L-Glutamic Acid, L-Lysine, L-A"
9642,"Taurine, Glycine, L-Tryptophan, L-Arginine, L-Histidine, L-Isoleucine, L-Leucine, L-Methionine, L-Proline, L-Serine, L-Threonine, L-Tyrosine, L-Valine, L-Cysteine, L-Aspartic Acid, L-Ornithine Hydrochloride, L-Phenylalanine, Lysine Monohydrate, L-Glutamic"
9643,"Valine, Ornithine Hydrochloride, Alanine, Arginine, Cysteine, Histidine, Isoleucine, Leucine, Lysine, Methionine, Phenylalanine, Proline, Serine, Taurine, Threonine, Tyrosine, Aspartic Acid, Glutamic Acid, Glycine, Tryptophan"
9644,Metenolone Enantate
9645,Norethisterone Bp
9646,"Gadoxetic Acid, Disodium"
9647,"Hyoscyamus Niger Ex Herba Ferm 33d Ø (Hab, Vs. 33d), Myocardium Bovis Gl Dil. D7 (Hab, Vs. 41c), Quarz, Ölauszug Aus Hypericum Perforatum, Herba Rec. (4:1) Auszugsmittel: Raffiniertes Erdnussöl, Primula Veris E Floribus W 5% (Hab, Vs. 12g Mit Raffiniertem"
9648,"Conchae Dil. D9, Hyoscyamus Niger Ex Herba Ferm 33d Dil. D3 (Hab, Vs. 33d), Onopordum Acanthium E Floribus Ferm 33c Dil. D2 (Hab, Vs. 33c), Primula Veris E Floribus Ferm 33c Dil. D2 (Hab, Vs. 33c)"
9649,"Cor Bovis Gl Dil. D7 (Hab, Vs. 41c), Conchae Dil. D9, Convallaria Majalis E Planta Tota Ferm 33c Dil. D2 (Hab, Vs. 33c), Hyoscyamus Niger Ex Herba Ferm 33d Dil. D3 (Hab, Vs. 33d), Urginea Maritima Var. Rubra E Bulbo Ferm 33b Dil. D2 (Hab, Vs. 33b), Onopor"
9650,"Measles Virus Edmonston-Schwarz Strain (Live, Attenuated) Produced In Chick Embryo Cells, Mumps Virus Rit 4385 Strain (Live, Attenuated) Derived From From The Jeryl Lynn Produced In Chick Embryo Cells, Rubella Virus Wistar Ra 27/3 Strain (Live, Attenuated"
9651,"Measles Virus Schwarz Strain (Live, Attenuated), Mumps Virus Rit 4385 Strain (Live, Attenuated) Derived From From The Jeryl Lynn Produced In Chick Embryo Cells, Rubella Virus Wistar Ra 27/3 Strain (Live, Attenuated) Produced In Human Diploid (Mrc-5) Cells"
9652,"Rubella Virus Wistar Ra 27/3 Strain (Live, Attenuated), Measles Virus Schwarz Strain (Live, Attenuated), Mumps Virus Rit 4385 Strain, Derived From Jeryl Lynn Strain (Live, Attenuated)"
9653,"Varicella Virus Oka Strain, (Live, Attenuated) Produced In Human Diploid (Mrc-5) Cells, Measles Virus Schwarz Strain (Live, Attenuated), Mumps Virus Rit 4385 Strain (Live, Attenuated) Derived From From The Jeryl Lynn Produced In Chick Embryo Cells, Rubell"
9654,"Varicella Virus Oka Strain, (Live, Attenuated) Produced In Human Diploid (Mrc-5) Cells, Rubella Virus Wistar Ra 27/3 Strain (Live, Attenuated), Measles Virus Schwarz Strain (Live, Attenuated), Mumps Virus Rit 4385 Strain, Derived From Jeryl Lynn Strain (L"
9655,Mesoglycan
9656,Mesoglycan Sodium
9657,"Calcium, Glucose, Lactic Acid, Magnesium, Potassium, Sodium, Chloride Ion, Hydrogen Carbonate"
9658,"Calcium, Glucose, Lactic Acid, Magnesium, Potassium, Sodium, Hydrogen Carbonate"
9659,"Sodium Hydrogen Carbonate, Magnesium Chloride Hexahydrate, Potassium Chloride, Sodium Chloride, Calcium Chloride Dihydrate, Glucose, Lactic Acid"
9660,"Calcium Chloride Dihydrate, Glucose, Lactic Acid, Magnesium, Potassium, Sodium, Chloride Ion, Hydrogen Carbonate"
9661,"Juglans Regia Spag. Peka Dil. D6, Ailanthus Altissima Dil. D4, Euphrasia Spag. Peka Dil. D3, Gratiola Officinalis Dil. D4, Okoubaka Aubrevillei Dil. D3, Smilax Dil. D8, Taraxacum Officinale Spag. Peka Dil. D12"
9662,Propantheline Bromide
9663,Probenecid
9664,Prochlorperazine Maleate Ph. Eur.
9665,Prochlorperazine Maleate Bp
9666,Prochlorperazine Mesilate
9667,"Crataegus Mother Tincture, Camphora Dil. D1"
9668,"Anamirta Cocculus Dil D6, Petroleum Rectificatum Dil D6, Nicotiana Tabacum Dil D6, Psychotria Ipecacuanha Dil. D6"
9669,"Lidocaine, Tribenoside"
9670,"Tribenoside, Lidocaine Hydrochloride"
9671,"Hydrocortisone Acetate, Pramocaine Hydrochloride"
9672,"Lidocaine Hydrochloride Monohydrate, Tribenoside"
9673,"Tribenoside, Anhydrous Lidocaine Hydrochloride"
9674,"Hydrocortisone Acetate, Lidocaine, Zinc Oxide"
9675,"Trimebutine, Ruscogenin"
9676,"Fluocinolone Acetonide, Ketocaine Hydrochloride"
9677,"Zinc Oxide, Bismuth Subgallate, Tannin"
9678,"Benzalkonium Chloride, Hydrocortisone Acetate, Benzocaine, Esculin"
9679,"Benzalkonium Chloride, Hydrocortisone Acetate, Benzocaine, Esculin, Amlintide"
9680,"Cinchocaine Hydrochloride, Framycetin Sulfate, Hydrocortisone, Esculin"
9681,"Hydrocortisone Ph. Eur., Cinchocaine Hydrochloride Bp"
9682,"Heparin Sodium, Hydrocortisone Acetate, Benzocaine"
9683,Triamcinolone Diacetate
9684,Proflavine Hemisulfate
9685,Gadoteridol
9686,"Menthae Piperitae Folium, Fennel Fruit Sweet, Sennae Folium, Liquorice Root, Millefolii Herba"
9687,Procaine
9688,Benzylpenicillin Procaine Monohydrate
9689,"Aloe D3, Paeonia Officinalis D3, Hamamelis Virginiana Mother Tincture"
9690,"Cinchocaine Hydrochloride, Neomycin Sulfate, Hydrocortisone, Esculin"
9691,Aldesleukin
9692,"Isopropyl Alcohol, Ethanol 100%"
9693,Trimeperidine Hydrochloride
9694,Promethazine Hydrochloride Bp
9695,"Paracetamol Bp, Diphenhydramine Hydrochloride Bp, Anhydrous Caffeine, Codeine Phosphate Bp"
9696,"Doxylamine Hydrogen Succinate, Paracetamol Bp, Anhydrous Caffeine, Codeine Phosphate Bp"
9697,"Chlorphenamine Maleate, Phenylephrine Hydrochloride, Ascorbic Acid, Paracetamol, Dextromethorphan Hydrobromide Monohydrate"
9698,Propantheline Bromide Bp
9699,Propiomazine
9700,Propylthiouracil
9701,"Human Coagulation Factor Ix, Human Coagulation Factor Vii, Human Coagulation Factor Ii, Human Coagulation Factor X"
9702,Propolis
9703,Propolis D6
9704,"Propranolol Hydrochloride, Hydrochlorothiazide, Triamterene"
9705,Propranolol Hydrochloride (Ph. Eur.)
9706,Propranolol Hydrochloride Bp
9707,Propyl Parahydroxybenzoate
9708,"Benzododecinium Bromide, Polysorbate 80"
9709,Serenoa Repens
9710,"Conium Maculatum Dil. D 4, Lytta Vesicatoria Dil. D 4, Selenium Amorphum Dil D8, Nasturtium Officinale, Herba (Ø 33 %) D4, Delphinium Staphisagria Spag. Peka Dil. D4, Ononis Spinosa Mother Tincture, Acidum Sulfuricum Dil. D4"
9711,"Dry Extract Of Dry Raw Pollen From Secale Cereale, Phleum Pratense And Zea Mays (30:1.5:1), Der Genuine 2.7-7.5:1, Extraction Solvents: Water, Acetone, Sodium Laurilsulfate (27:1:0.01 W/W/W), Soft Extract Of Dry Raw Pollen From Secale Cereale, Phleum Prat"
9712,"Dry Extract From Ivy Leaf (5-7.5:1), Extraction Solvent: Ethanol: 30% (M/M)"
9713,"Populus Tremuloides Ø, Serenoa Repens Ø, Chondrodendron Dil. D2"
9714,"Extract From Saw Palmetto Fruit Der (8,0-9,52:1), Extraction Solvent: Ethanol 90% (V/V)"
9715,"Chondrodendron Ø, Populus Tremuloides Dil. D2, Serenoa Repens Ø"
9716,"Soft Extract From Saw Palmetto Fruit (9-12:1), Extraction Solvent: Ethanol 96% V/V"
9717,"Serenoa Serrulata Fruit Extract, Urtica Root Dry Extract"
9718,"Saw Palmetto Extract (10-14.3:1) , Extraction Solvent: Ethanol 90% W/W, Nettle Root Dry Extract (7.6-12.5:1), Extraction Solvent: Ethanol 60% W/W"
9719,"Sabal Serrulata Extract, Urtica Root Dry Extract"
9720,"Serenoa Repens Fructus, Extractum Spissum, Urtica Root Dry Extract"
9721,"(3s,10s,14s)-1-[4-[[(2s)-4-Carboxy-2-[(2s)-4-Carboxy-2-(6-[18f] Fluoropyridin-3-Amido)butanamido]butanamido]methyl]phenyl]-3-[(Naphthalen-2-Yl)methyl]-1,4,12-Trioxo-2,5,11,13-Tetraazahexadecane-10,14,16-Tricarboxylic Acid"
9722,"Pumpkin Seed, Powdered, Dry Extract From Goldenrod (5-8:1), Extraction Solvent: Ethanol 60% V/V, Dry Extract From Aspen Leaves (5-8:1), Extraction Solvent: Ethanol 60% V/V"
9723,"Pumpkin Seed, Powdered, Dry Extract From Goldenrod (5-8:1), Extraction Solvent: Ethanol 60% V/V, Dry Extract From Aspen Leaves (5-8:1), Extraction Solvent: Ethanol 60% V/V, Dry Extract From Cucurbita Pepo Seeds Deffatted (Der 5-10:1), Extraction Solvents:"
9724,"Dry Extract Of Nettle Root (5.4 - 6.6: 1), Extraction Solvent: Ethanol 20% V/V"
9725,"Soft Extract Of Saw Palmetto (Der 9-11:1), Extraction Solvent: Ethanol 96% V/V"
9726,"Serenoa Repens Fruits Hydroalcoholic Extract, Urtica Root Dry Extract"
9727,"Tincture (1:5) From Valerian Root, Nettle Root, St. John's Wort, Goldenrod Herb, Agrimony Herb, Arnica Flower, Extraction Solvent: Ethanol 70% (V/V)"
9728,"Extract From Saw Palmetto Fruit (6,5 – 9 : 1) Extraction Solvent: Supercritical Carbon Dioxide"
9729,"Prostata Suis D10, Prostata Suis D200, Prostata Suis D30"
9730,"Prostata Suis D12, Prostata Suis D200, Prostata Suis D30, Prostata Suis D8"
9731,"Kreosotum Dil. D1, Populus Tremuloides Ø, Serenoa Repens Ø"
9732,"Pulsatilla Dil. D3, Chimaphila Umbellata Dil. D3, Conium Dil. D5, Ferrum Picrinicum Dil. D4, Chondrodendron Dil. D2, Populus Tremuloides Dil. D3, Serenoa Repens Dil. D2"
9733,"Chimaphila Umbellata Dil. D 2, Serenoa Repens Dil. D 1, Magnesium Carbonicum Dil. D10, Staphisagria D4, Ferrum Picrinicum D6"
9734,"Dry Extract From Saw Palmetto Fruit (8-11:1), Extraction Solvent: Ethanol 90% M/M, Dry Extract From Nettle Root (12-16:-1), Extraction Solvent: Ethanol 70% V/V, Dry Extract From European Goldenrod (5-7:-1), Extraction Solvent: Ethanol 60% V/V"
9735,Sabal Fructus Oleoresinum Ethanolicum
9736,Protamine Sulfate
9737,Protamine Hydrochloride
9738,"Magnesium, Potassium, Dry Extract Of Hawthorn Leaf And Flower (4-7:1), Extraction Solvent: Methanol 70%v/V"
9739,"Extract (1:12.4) Of Hawthorn Leaf And Flower, Valerian Root, Melissa Leaf, Mistletoe, Hop Strobile, Rosemary Leaf, Bitter-Orange Epicarp And Mesocarp, Lavender Flower (7:4:4:3:2:2:2:1), Extraction Solvent: Water, Valerian Root Tincture (1:3.5-4.5), Extrac"
9740,Trimetazidine
9741,Protein C
9742,Dosulepin Hydrochloride Bp
9743,"Liothyronine Hydrochloride, Levothyroxine Sodium"
9744,"Chondrodendron Dil. D3, Conium Maculatum Dil. D 4, Delphinum Staphisagria Dil. D 3, Lytta Vesicatoria Dil. D 4, Piper Cubeba E Fruct. Immat. Rec. Dil. D 3, Serenoa Repens Dil. D 1"
9745,"Human Coagulation Factor Ix, Prothrombin, Factor X"
9746,"Varicella Virus Oka/Merck Strain, (Live, Attenuated) Produced In Human Diploid (Mrc-5) Cells"
9747,Mesterolone
9748,"Phleum Pratense Pollen, Anthoxanthum Odoratum, Lolium Perenne, Poa Pratensis, Arrhenatherum Elatius, Secale Cereale Pollen, Holcus Lanatus Pollen, Agrostis Stolonifera Pollen, Dactylis Glomerata Pollen, Festuca Rubra Pollen"
9749,Plantago Lanceolata L.
9750,Cochliobolus Lunatus
9751,Cetyl Trimethylammonium Naproxenate
9752,Prucalopride Succinate
9753,"Tiliae Flos, Marshmallow Root, Rose Fruit, Thyme, Plantaginis Lanceolatae Folium, Liquorice Root"
9754,"Prunus Spinosa E Floribus W 5% (Hab, Vs. 12g Mit Nativem Olivenöl)"
9755,"Prunus Spinosa E Floribus Et Summitatibus Ferm Cum Ferro Dil. D3 (Hab, Vs. 37a)"
9756,"Prunus Spinosa E Floribus Et Summitatibus Ferm Cum Ferro Dil. D6 (Hab, Vs. 37a)"
9757,"Prunus Spinosa E Fructibus La 25% (Hab, Vs. 12o)"
9758,"Pseudomonas Aeruginosa Immunotype 1 Antigens, Pseudomonas Aeruginosa Immunotype 2 Antigens, Pseudomonas Aeruginosa Immunotype 3 Antigens, Pseudomonas Aeruginosa Immunotype 4 Antigens, Pseudomonas Aeruginosa Immunotype 5 Antigens, Pseudomonas Aeruginosa Im"
9759,Magnesium Glutamate Hydrobromide
9760,"Promethazine Hydrochloride, Magnesium Glutamate Hydrobromide"
9761,Distilled Coal Tar
9762,"Schoenocaulon Officinale Dil. D4, Avena Sativa Spag. Peka Dil. D1, Piper Methysticum Spag. Peka Dil. D8, Semecarpus Anacardium Dil. D10, Cinchona Pubescens Spag. Peka Dil. D3, Strychnos Ignatii Spag. Peka Dil. D4, Acidum Phosphoricum Dil. D3, Amanita Musc"
9763,"Schoenocaulon Officinale Dil. D4, Piper Methysticum Spag. Peka Dil. D8, Semecarpus Anacardium Dil. D10, Cinchona Pubescens Spag. Peka Dil. D3, Strychnos Ignatii Spag. Peka Dil. D4, Acidum Phosphoricum Dil. D3, Avena Sativa Dil. D1, Amanita Muscaria Dil. D"
9764,P-Tert-Butylphenol Formaldehyde Resin
9765,"2,5-Diaminotoluene"
9766,"Benzocaine, Mint Oil, Partly Dementholised, Zinc Oxide"
9767,"Menthol, Zinc Oxide"
9768,"Benzocaine, Levomenthol, Zinc Oxide"
9769,"Benzocaine, Menthol, Zinc Oxide"
9770,"Cuprum Metallicum Dil. D 8, Lobelia Inflata Dil. D3, Ammi Visnaga Mother Tincture, Corallium Rubrum Dil. D8, Atropa Belladonna Dil. D4, Sticta Dil. D4, Grindelia Robusta Dil. D4"
9771,"Drosera, Verbascum Thapsiforme Trit. D1, Eriodictyon Californicum Trit. D1, Grindelia, Teucrium Scorodonia, Spongia, Sticta Pulmonaria, Kalium Iodatum D3, Naphthalinum D6"
9772,"Drosera Trit. D 3, Grindelia Robusta Trit. D 4, Verbascum Thapsiforme Trit. D1, Eriodictyon Californicum Trit. D1, Kalium Iodatum Trit. D3, Teucrium Scorodonia Trit. D3, Euspongia Officinalis Trit. D4, Lobaria Pulmonaria Trit. D3, Naphthalinum Trit. D6"
9773,"Corallium Rubrum Dil. D12, Dactylopius Coccus Dil.D2, Drosera Dil. D 2, Atropa Bella-Donna D6, Psychotria Ipecacuanha Dil. D4, Bryonia Dil. D4, Kalium Bichromicum Dil. D4"
9774,"Pulmo Suis D10, Pulmo Suis D200, Pulmo Suis D30"
9775,"Ferrum Metallicum Dil. D7, Pulmo Bovis Gl Dil. D16 (Hab, Vs. 41a)"
9776,"Mercurius Vivus Dil. D14 Aquos., Pulmo Bovis Gl Dil. D5 (Hab, Vs. 41a)"
9777,"Tartarus Stibiatus Dil. D7 Aquos. (Hab, Vs. 5b), Pulmo Bovis Gl Dil. D5 (Hab, Vs. 41a)"
9778,"Tartarus Stibiatus Dil. D7 Aquos. (Hab, Vs. 5b), Pulmo Bovis Gl Dil. D16 (Hab, Vs. 41a)"
9779,"Bryonia Cretica Ferm 33b Dil. D5, Tartarus Stibiatus Dil. D7 Aquos. (Hab, Vs. 5b), Vivianit Dil. D7, Pulmo Bovis Gl Dil. D16 (Hab, Vs. 41a)"
9780,"Cuprum Metallicum Dil. D 8, Drosera Dil. D 2, Kalium Iodatum Dil. D4, Lobelia Inflata Dil. D4, Laurocerasus Dil. D3, Bryonia Dil. D3, Stannum Jodatum D8"
9781,"Guaifenesin, Sodium Benzoate, Terpin, Cineole"
9782,"Sambuci Flos, Marshmallow Root, Sage Leaf (Salvia Officinalis), Plantaginis Lanceolatae Folium, Thymi Herba, Polygoni Avicularis Herba, Urticae Herba, Liquorice Root, Fennel Seed"
9783,"Cuprum Aceticum D4, Atropa Belladonna Dil. D4, Psychotria Ipecacuanha Dil. D4, Drosera Dil. D4"
9784,"Apis Mellifica Dil. D4, Echinacea Dil. D 1, Ferrum Phosphoricum Dil. D8"
9785,"Codeine, Guaiacol"
9786,"Camphor, Racemic, Eucalyptus Oil, Thyme Oil, Thymol, Star Anise Oil, Conifers Oil"
9787,Dornase Alfa
9788,"Pulpa Dentis Suis D10, Pulpa Dentis Suis D200, Pulpa Dentis Suis D30"
9789,"Sulfur Dil. D 8, Pulsatilla Pratensis Dil. D6, Cortisonum Aceticum D18"
9790,"Kalium Bichromicum Dil. D8, Pulsatilla Pratensis Dil. D6, Hydrargyrum Sulfuratum Rubrum Dil. D6, Calcium Carbonicum Hahnemanni Dil. D12"
9791,"Pulsatilla Pratensis Dil. D1000, Pulsatilla Pratensis Dil. D12, Pulsatilla Pratensis Dil. D200, Pulsatilla Pratensis Dil. D30"
9792,"Belladonna Trit. D3, Bismutum Subnitricum Trit. D5, Chamomilla Trit. D3, Antimonit Trit. D3"
9793,"Neomycin Sulfate, Catalase"
9794,"Arnica Montana D6, Crataegus D1, Digitalis Purpurea D12, Kalium Carbonicum D6, Convallaria Majalis D12"
9795,Follitropin Beta
9796,"Algeldrate, Betula Verrucosa Pollen"
9797,"Phleum Pratense Pollen, Poa Pratensis Pollen, Lolium Perenne Pollen, Secale Cereale Pollen, Alnus Glutinosa Pollen, Arrhenatherum Elatius Pollen, Holcus Lanatus Pollen, Anthoxanthum Odoratum Pollen, Agrostis Stolonifera Pollen, Dactylis Glomerata Pollen,"
9798,"Phleum Pratense Pollen, Poa Pratensis Pollen, Lolium Perenne Pollen, Secale Cereale Pollen, Arrhenatherum Elatius Pollen, Holcus Lanatus Pollen, Anthoxanthum Odoratum Pollen, Agrostis Stolonifera Pollen, Dactylis Glomerata Pollen, Festuca Rubra Pollen, Be"
9799,"Betula Pendula Pollen Extract, Algeldrate, Alnus Glutinosa Pollen Extract, Corylus Avellana Pollen Extract"
9800,"Phleum Pratense Pollen Extract, Arrhenatherum Elatius Pollen, Agrostis Stolonifera Pollen, Festuca Rubra Pollen, Holcus Lanatus Pollen Extract, Lolium Perenne Pollen Extract, Poa Pratensis Pollen Extract, Secale Cereale Pollen Extract, Anthoxanthum Odorat"
9801,"Phleum Pratense Pollen Extract, Algeldrate, Arrhenatherum Elatius Pollen, Agrostis Stolonifera Pollen, Festuca Rubra Pollen, Holcus Lanatus Pollen Extract, Lolium Perenne Pollen Extract, Poa Pratensis Pollen Extract, Secale Cereale Pollen Extract, Anthoxa"
9802,"Phleum Pratense Pollen Extract, Betula Pendula Pollen Extract, Algeldrate, Arrhenatherum Elatius Pollen, Agrostis Stolonifera Pollen, Festuca Rubra Pollen, Alnus Glutinosa Pollen Extract, Corylus Avellana Pollen Extract, Holcus Lanatus Pollen Extract, Lol"
9803,"Phleum Pratense Pollen Extract, Algeldrate, Arrhenatherum Elatius Pollen, Agrostis Stolonifera Pollen, Festuca Rubra Pollen, Betula Verrucosa Pollen, Holcus Lanatus Pollen Extract, Lolium Perenne Pollen Extract, Poa Pratensis Pollen Extract, Secale Cereal"
9804,"Phleum Pratense Pollen Extract, Betula Pendula Pollen Extract, Algeldrate, Arrhenatherum Elatius Pollen, Agrostis Stolonifera Pollen, Festuca Rubra Pollen, Holcus Lanatus Pollen Extract, Lolium Perenne Pollen Extract, Poa Pratensis Pollen Extract, Secale"
9805,"Povidone, Iodinated, Isopropyl Alcohol Ph. Eur."
9806,Sennosides
9807,Piflufolastat (18f)
9808,"Tetracycline Hydrochloride, Metronidazole Benzoate, Tripotassium Dicitratobismuthate"
9809,"Tetracycline Hydrochloride, Metronidazole, Bismuth Subcitrate Potassium"
9810,"Zinc Oxide, Pyolysin-Culture Filtrate, Salicylic Acid"
9811,Pristinamycin
9812,"Rhubarb Extract, Salicylic Acid"
9813,"Rhubarb, Salicylic Acid"
9814,"Dry Extract From Rhubarb Root (30-70 Parts) And Rheum Australe Root (30-70 Parts), Corresponding To 4.3-5.3 Mg Of Hydroxyanthracene Derivatives, Calculated As Rhine, Extraction Solvent: Ethanol 90% V/V"
9815,"Artesunate, Pyronaridine Phosphate"
9816,Pyrazinamide Ph. Eur.
9817,"Pyrit Trit. D2, Zinnober Trit. D20"
9818,Pyrogallol
9819,Pyromorphit Dil. D8 Aquos.
9820,Sodium Pyrophosphate
9821,"Liquid Extract (1:1) Of Tussilago Farfara Leaf, Elder Flower, Lime Flower, Willow Bark (25:30:30:15), Extraction Solvent: Ethanol 60% (V/V)"
9822,Mitapivat
9823,Tofersen
9824,Dinutuximab Beta
9825,Ripretinib
9826,"Phentermine, Topiramate"
9827,"Saxagliptin, Dapagliflozin"
9828,Samarium Sm-153 Lexidronam Pentasodium
9829,"Vinblastine Sulfate, Famotidine"
9830,Quarz Dil. D8 Aquos.
9831,"Nicotiana Tabacum E Foliis Ferm 33b Dil. D29 (Hab, Vs. 33b), Quarz Dil. D29 Aquos., Oxalis Acetosella E Planta Tota Ferm 34b Dil. D29 (Hab, Vs. 34b)"
9832,"Valine, Alanine, Arginine, Histidine, Isoleucine, Leucine, Lysine, Methionine, Phenylalanine, Proline, Serine, Taurine, Threonine, Tyrosine, Glycine, Olive Oil, Refined, Soya-Bean Oil Refined, Triglycerides, Medium Chain, Tryptophan, Potassium Chloride, C"
9833,"Mercuric Chloride, Ammoniated"
9834,"Penicillium Glabrum E Volumine Cellulae (Lyophil., Steril.) D3"
9835,"Penicillium Glabrum E Volumine Cellulae (Lyophil., Steril.) D4"
9836,"Penicillium Glabrum E Volumine Cellulae (Lyophil., Steril.) D5"
9837,"Borago Officinalis E Foliis Ferm 34b Ø (Hab, Vs. 34b), Hamamelis Virginiana E Foliis Ferm 33d Ø (Hab, Vs. 33d), Quercus Robur/Petraea E Cortice, Decoctum Ø (Hab, Vs. 23a)"
9838,"Borago Officinalis E Foliis Ferm 34b Ø (Hab, Vs. 34b), Hamamelis Virginiana E Foliis Ferm 33d Ø (Hab, Vs. 33d), Quercus Robur/Petraea E Cortice, Decoctum Ø (Hab, Vs. 23a) (Eingeengt Auf 20 Mg), Silybum Marianum E Fructibus Ferm 36 Ø (Hab, Vs. 36), Aesculu"
9839,"Quercus Robur/Petraea E Cortice, Decoctum La 10% (Hab, Vs. 12k)"
9840,Colestyramine Anhydrous
9841,2-Propanol (Ph.Eur.) 70% (V/V)
9842,"Chamomilla Vulgaris 9ch, Hyoscyamus Niger C9, Passiflora Incarnata D3, Stramonium C9, Gelsemium Sempervirens C9, Kalium Bromatum C9"
9843,"Ammonium Chloride, Quillaia Tincture"
9844,"Quinidine Gluconate, Cinchonidine Hydrochloride, Cinchonine Hydrochloride, Quinine Gluconate"
9845,"Quinidine Hydrochloride, Quinine Hydrochloride, Cinchonidine Hydrochloride, Cinchonine Hydrochloride"
9846,Quinine Bisulfate
9847,Quinine Bisulphate - Bp
9848,Quinine Sulphate Bp
9849,"Benzoyl Peroxide, Hydrous, Potassium Hydroxyquinoline Sulfate"
9850,"Clioquinol, Salicylic Acid"
9851,Delafloxacin
9852,Daridorexant
9853,Rabeprazole
9854,Rabies Virus (Inactivated) Strain Flury Lep
9855,"Ceforanide, L-Lysine"
9856,Meglumine Amidotrizoate
9857,"Levomenthol, Ammonium Salicylate, Camphor, Salicylic Acid"
9858,"Menthol, Camphor, Cinnamomum Camphora Bark Oil, Capsaicin, Methyl Salicylate"
9859,"Levomenthol, Acetylsalicylic Acid, Camphor, Salicylic Acid"
9860,"Levomenthol, Camphor, Racemic, Acetylsalicylic Acid, Methyl Salicylate"
9861,"Camphor, Methyl Nicotinate, Methyl Salicylate, Salicylic Acid, Menthol Liquid Flavour"
9862,"Camphor, Diethylamine Salicylate, Menthol Liquid Flavour"
9863,Rhei Radix Pulveratum
9864,Rhubarb Root Dry Extract
9865,"Liquid Extract (1:1) From Rhubarb, Frangula Bark, Fennel, Caraway Fruit, Extraction Solvent: Ethanol 50% (V/V)"
9866,Ragweed Pollen
9867,"Menthol, Methyl Salicylate, Cineole"
9868,"Gelsemium Sempervirens D6, Pulsatilla Pratensis D8, Verbascum Densiflorum Dil. D3, Aconitum Napellus Dil. D4, Citrullus Colocynthis D8"
9869,Raloxifene
9870,Raltegravir Potassium
9871,Tincture From Valerian Root/Motherwort Herb/Hop Strobile/Peppermint Leaf (3/3/2/2) 1:5
9872,"Ramipril, Bisoprolol Fumarate Ph. Eur."
9873,"Acidum Silicicum Trit. D 2, Calcium Fluoratum Trit. D 4, Calcium Phosphoricum Trit. D 1, Calcium Carbonicum Hahnemanni Trit D 1, Ferrum Phosphoricum Trit D 2, Zincum Metallicum Trit. D10"
9874,Ranolazine Hydrochloride
9875,"Glycerol, Syrup Simple, Honey, Lemon Oil Terpeneless, Citric Acid Monohydrate"
9876,"Ipecacuanha Liquid Extract, Standardised, Honey, Syrup Bp, Lemon Oil Bp, Glycerin Bp, Citric Acid Monohydrate Bp"
9877,"Atropa Bella-Donna Dil D5, Ranunculus Bulbosus Dil D3, Acidum Arsenicosum Dil D11, Daphne Mezereum Dil D2, Rhus Toxicodendron Dil. D5"
9878,"Asclepias Tuberosa Dil. D30, Asclepias Tuberosa Dil. D200, Asclepias Tuberosa Dil. D10, Ranunculus Bulbosus Dil. D10, Ranunculus Bulbosus Dil. D15, Ranunculus Bulbosus Dil. D30, Ranunculus Bulbosus Dil. D200, Asclepias Tuberosa Dil. D20, Asclepias Tuberos"
9879,"Dehydrocholic Acid, Peppermint Oil, Dry Extract Of Raphanus Sativus Root (Der 30-42:1) With Activated Carbon (1:1), Extraction Solvent: Ethanol 85% (V/V), Soft Extract Of Artichoke Herb (2-4:1), Extraction Solvent: Ethanol 50% (V/V)"
9880,"Extractum Compositum (1:2) Ex: Helichrysi Inflorescentia, Matricariae Flore, Coriandri Fructu, Sambuci Fructu (24 : 15,5 : 7,5 : 3), Taraxaci Intractum (1:1)"
9881,Caryophylli Floris Aetheroleum
9882,"Sodium Hydrogen Carbonate, Tartaric Acid"
9883,Regadenoson
9884,Brassica Rapa Var. Rapa Pollen
9885,Rasagiline Besilate
9886,Rasagiline Mesilate
9887,Aliskiren
9888,"Dry Extract Of Raspberry Leaf, Extraction Solvent: Ethanol 70% V/V"
9889,"Argentum Nitricum Dil. D14, Peppermint Oil, Ratanhiae Radix Extr. Fluid. 1:1, Fluorit Dil. D9, Kieserit Dil. D19, Salvia Officinalis Aetheroleum, Aesculus, Cortex, Ethanol. Decoctum Dil. D19, Eucalyptus Oil, Lavender Oil, Myrrh Tincture, Caryophylli Flori"
9890,Rat Hair
9891,"Lycopodium Clavatum Dil D 6, Arnica Montana Dil. D4, Atropa Bella-Donna Dil. D6, Kalmia Latifolia Dil. D4, Cynara Scolymus Dil. D8, Conium Maculatum Dil. D3, Aurum Iodatum Dil. D10, Viscum Album Dil. D3, Rauwolfia Serpentina Dil. D3, Melilotus Officinalis"
9892,"Rauwolfia Serpentina, Ethanol. Decoctum Ø"
9893,"Ambra Grisea Dil. D 4, Barium Chloratum Dil. D 10, Barium Iodatum Dil. D 10, Kalium Iodatum Dil. D 3, Phosphorus Dil. D 12, Selenicereus Grandiflorus Dil. D 3, Viscum Album Dil. D 2, Rauwolfia Serpentina D4, Crataegus Dil. D2"
9894,"Valsartan, Rosuvastatin"
9895,Glycerol Phenylbutyrate
9896,Lasmiditan
9897,Rhenium Sulfide Colloid (186re)
9898,Cariprazine
9899,"Diphenoxylate Hydrochloride, Atropine Sulfate Monohydrate"
9900,Luspatercept
9901,"Manganum Aceticum D12, Hyoscyamus Niger D12, Psychotria Ipecacuanha Dil. D12, Lobaria Pulmonaria Dil. D12, Bryonia Dil. D12"
9902,"Cilastatin Sodium, Imipenem, Relebactam"
9903,"Bacillus Firmus E Volumine Ex Muris Cellulae (Lyophil., Steril.) D4"
9904,"Bacillus Firmus E Volumine Cellulae (Lyophil., Steril.) D6"
9905,"Bacillus Firmus E Volumine Ex Muris Cellulae (Lyophil., Steril.) D6"
9906,"Guaifenesin, Codeine Phosphate Hemihydrate"
9907,"Magnesium Phosphoricum D15, Rhus Toxicodendron D8, Arnica Montana D6, Acidum Silicicum D6, Cuprum Metallicum D8"
9908,"Prunus Spinosa D5, Aqua Maris D3"
9909,"Smilax Dil. D12, Mahonia Aquifolium Dil. D12"
9910,"Ascorbic Acid, Zinc"
9911,"Disodium Phosphate Dihydrate, Potassium Dihydrogen Phosphate"
9912,"Betulae Folium, Sambuci Flos, Petroselinum Crispum Root, Fennel Fruit Bitter, Cortex Frangulae, Fucus Vesiculosus, Sennae Folium, Sambucus Nigra Fruit, Liquorice Root"
9913,"Betulae Folium, Sambuci Flos, Petroselinum Crispum Root, Fennel Fruit Bitter, Cortex Frangulae, Fucus, Sennae Folium, Sambucus Nigra Fruit, Liquorice Root"
9914,Moroctocog Alfa
9915,"Echinacea Dil. D12, Eupatorium Perfoliatum Dil. D12, Cinchona Pubescens Dil. D12, Gelsemium Sempervirens Dil. D12"
9916,Remifentanil Hydrochloride
9917,Nonacog Beta Pegol
9918,"Menthol, Camphor, Methyl Salicylate, Turpentine Flavour"
9919,"Racementhol, Camphor, Racemic, Methyl Salicylate, Turpentine Oil"
9920,"Tazobactam Sodium, Piperacillin"
9921,"Glycyrrhiza Glabra L. Radix, Menthae Piperitae Folium, Pimpinella Anisum"
9922,"Carbo Vegetabilis Dil. D 12, Strychnos Nux-Vomica Dil. D12, Argentum Nitricum Dil. D12, Colchicum Autumnale Dil. D12"
9923,"Sodium Chloride, Sodium Citrate"
9924,Amezinium Metilsulfate
9925,"Potassium Chloride, Sodium Chloride, Citric Acid Anhydrous, Glucose Monohydrate, Sodium Citrate Dihydrate"
9926,"Anisi Fructus, Marshmallow Leaf, Marshmallow Root, Liquorice Root"
9927,"Drosera Rotundifolia D12, Drosera Rotundifolia D3, Drosera Rotundifolia D6"
9928,"Drosera D12, Drosera D3, Drosera D6"
9929,"Colchicum Autumnale D3, Artemisia Abrotanum D3, Bryonia Dil. D3"
9930,"Colchicum Autumnale Dil. D3, Artemisia Abrotanum Dil. D3, Bryonia Dil. D3"
9931,"Cyclobarbital Calcium, Diazepam"
9932,"Ambra Grisea Dil. D 6, Aurum Metallicum Dil. D12, Strychnos Ignatii Dil. D 6, Myristica Fragrans Dil. D4, Scutellaria Lateriflora Extract"
9933,"Aurum Metallicum Trit. D7, Strychnos Ignatii Trit. D 4, Ambra Grisea Trit. D6, Myristica Fragrans D12, Scutellaria Lateriflora D6, Cypripedium Parviflorum Var. Pubescens Trit.D12"
9934,"Aurum Metallicum Trit. D7, Strychnos Ignatii Trit. D 4, Scutellaria Lateriflora Extract, Ambra Grisea Trit. D6, Cypripedium Parviflorum Var. Pubescens Trit.D12, Myristica Fragrans D6"
9935,"Myristica Fragrans D12, Scutellaria Lateriflora D6, Ambra Grisea D6, Strychnos Ignatii D6, Aurum Metallicum D12"
9936,Dry Hydroalcoholic Extract (36.3 % V/V) Of Valerian (Valeriana Officinalis L. Radix) (2.25 – 3.6 : 1)
9937,Methylnaltrexone Bromide
9938,Rabeprazole Sodium Monohydrate
9939,"Fluticasone Furoate, Vilanterol"
9940,Rimantadine Hydrochloride
9941,"Arnica Montana C12, Arnica Montana C30, Arnica Montana C200"
9942,"Glyceryl Monooleate, Retinol Palmitate, Dexpanthenol, Sorbitan Sesquioleate, Decyl Oleate, Glycerol Monostearate 40-55, Paraffin Hard, Paraffin, Light Liquid, Sorbitol, Liquid (Non-Crystallising), Paraffin White Soft, Propylene Glycol, Isopropyl Myristate"
9943,"Manganum Aceticum D6, Lobaria Pulmonaria D2, Bryonia Dil. D6, Stannum Iodatum D6, Hyoscyamus Niger Dil. D4, Psychotria Ipecacuanha Dil. D4"
9944,"Cistus Canadensis Dil. D6, Smilax Dil. D8, Mahonia Aquifolium Dil. D6, Euphorbia Cyparissias D12"
9945,"Gelsemium Sempervirens Dil. D 6, Cinchona Pubescens Dil. D6, Echinacea Dil. D6, Eupatorium Perfoliatum D8, Phosphorus Dil. D6"
9946,"Echinacea Dil D4, Petroleum Rectificatum Dil. D4, Kalium Carbonicum D5"
9947,"Ambra Grisea Dil. D5, Scutellaria Lateriflora, Strychnos Ignatii Dil. D4"
9948,Panax Ginseng D2
9949,"Lachesis D 12, Sanguinaria Canadensis D6, Sepia Officinalis D12, Cimicifuga Racemosa D1, Pilocarpus D6"
9950,"Liquid Extract From Cimicifugae Rhizoma (0.78-1.14:1), Extraction Solvent: Isopropyl Alcohol 40 % (V/V)"
9951,"Hypericum Perforatum, Dry Extract, Cimicifuga Racemosa Root Dry Extract"
9952,"Dry Extract From Cimicifugae Rhizoma (6-11 : 1), Extraction Solvent: Isopropyl Alcohol 40 % (V/V), Dry Extract From St. John's Wort (3,5-6,0:1), Extraction Solvent: Ethanol 60% (V/V)"
9953,"Dry Extract From Cimicifugae Rhizoma (6-11 : 1), Extraction Solvent: Isopropyl Alcohol 40 % (V/V), Hypericum Perforatum Dry Extract (3,5 - 6,0:1), Extract Ethanol 60% (M/M)"
9954,Treprostinil
9955,"Dry Extract Of St. John's Wort (4-7:1), Extraction Solvent: Ethanol 57.9% V/V"
9956,"Ren Suis D10, Ren Suis D200, Ren Suis D30"
9957,"Ren Suis D12, Ren Suis D8, Ren Suis D200, Ren Suis D30"
9958,"Berberis Vulgaris D2, Acidum Nitricum D4, Aluminium Oxydatum D12, Causticum Hahnemanni D4, Chondrodendron D3, Lytta Vesicatoria D5, Serenoa Repens D2, Plumbum Aceticum D6"
9959,"Berberis Vulgaris D2, Aluminium Oxydatum D12, Causticum Hahnemanni D4, Lytta Vesicatoria D5, Serenoa Repens D2, Plumbum Aceticum D6"
9960,"Serenoa Repens Trit. D 2, Berberis Vulgaris Trit. D2, Causticum Hahnemanni Trit. D4, Lytta Vesicatoria Trit. D5, Aluminium Oxydatum Trit. D12, Plumbum Aceticum Trit. D6"
9961,"Apis Mellifica Dil. D4, Acidum Benzoicum E Resina Dil. D4, Capsella Bursa-Pastoris Spag. Peka Ø, Solidago Virgaurea Mother Tincture, Acidum Nitricum Dil. D4, Berberis Vulgaris Spag. Peka Dil. D3, Dactylopius Coccus Spag. Peka Ø, Colchicum Autumnale Dil. D"
9962,"Scutellaria Lateriflora D12, Strychnos Ignatii Dil. D12, Ambra Grisea Dil. D12"
9963,"Renes Bovis Gl Dil. D4 (Hab, Vs. 41a)"
9964,"Argentum Nitricum Dil. D19 Aquos. (Hab, Vs. 5b), Renes Bovis Gl Dil. D16 (Hab, Vs. 41a)"
9965,"Borago Officinalis E Foliis Ferm 34b Dil. D5 (Hab, Vs. 34b), Cuprum Aceticum Dil. D5 Aquos. (Hab, Vs. 5b), Ductus Thoracicus Bovis Gl Dil. D5 (Hab, Vs. 41c), Mesenchym Bovis Gl Dil. D5 (Hab, Vs. 41b), Renes Bovis Gl Dil. D5 (Hab, Vs. 41a), Textus Connecti"
9966,"Cuprum Metallicum Dil. D7, Renes Bovis Gl Dil. D5 (Hab, Vs. 41a)"
9967,"Apis Mellifica Ex Animale Toto Gl Dil. D31 (Hab, Vs. 41c), Equisetum Arvense Ex Herba Ferm 35b Dil. D14 (Hab, Vs. 35b), Renes Bovis Gl Dil. D6 (Hab, Vs. 41a), Veratrum Album E Radice Ferm 33c Dil. D5 (Hab, Vs. 33c), Viscum Album (Mali) E Planta Tota Ferm"
9968,"Calcium Carbonate, Magnesium Carbonate"
9969,"Magnesium Carbonate Heavy, Alginic Acid, Calcium Carbonate"
9970,"Simeticone, Magnesium Carbonate Heavy, Calcium Carbonate"
9971,Lapis Cancri - Flintstein Trit. D15
9972,"Smilax Dil. D3, Lycopodium Dil. D5, Acidum Nitricum Dil. D6, Berberis Vulgaris Dil D3"
9973,"Echinacea Dil. D12, Kalium Bichromicum Dil. D12, Hydrargyrum Sulfuratum Rubrum Dil. D12, Sulfur Iodatum Dil. D12, Manganum Aceticum Dil. D12, Luffa Operculata D12"
9974,Etacrynate Sodium
9975,Etacrynic Acid
9976,Aescin
9977,Beta-Aescin
9978,"Diethylamine Salicylate, Beta-Aescin"
9979,Evolocumab
9980,"Sanguinaria Trit. D6, Iris Versicolor Trit. D4, Spigelia Trit. D4, Gelsemium Trit. D4"
9981,Agalsidase Alfa
9982,"Hamamelis Ø, Calcium Fluoratum Dil D8, Secale Cornutum Mother Tincture, Aesculus Hippocastanum Ø"
9983,"Dextran 70, Sodium Chloride"
9984,Chloroseptyl
9985,Terebinthina Laricina
9986,Chloroquine Diphosphate
9987,"Ascorbic Acid, Paracetamol, Potassium Hydrogen Carbonate, Sodium Hydrogen Carbonate, Sodium Carbonate Anhydrous, Citric Acid"
9988,"Passiflora Incarnata Dil. D12, Coffea Arabica Dil. D12, Matricaria Recutita Dil. D12"
9989,"Benzalkonium Chloride, Tetracaine Hydrochloride, Dexamethasone, Resorcinol"
9990,Resorcinol
9991,Ferucarbotran
9992,"Chlorphenamine Maleate, Oxymetazoline Hydrochloride"
9993,"Cimicifuga Racemosa D2, Gelsemium Sempervirens D2, Spigelia Anthelmia D2, Iris Versicolor D2, Cyclamen Purpurascens D3"
9994,"Spigelia Anthelmia Dil. D2, Iris Versicolor Dil. D2"
9995,"Cimicifuga Racemosa Dil. D 2, Cyclamen Purpurascens Dil. D 3, Spigelia Anthelmia Dil. D2, Gelsemium Sempervirens Dil. D2, Iris Versicolor Dil. D2"
9996,"Colchicum Autumnale Trit. D 4, Ferrum Phosphoricum Trit. D 4, Solidago Virgaurea Trit. D 2, Acidum Silicicum Trit. D6, Berberis Vulgaris D2, Bryonia D4, Cinchona Pubescens D4, Formica Rufa D10, Formica Rufa D4, Formica Rufa D6, Smilax D2, Rhus Toxicodendr"
9997,Sorbitol (E420)
9998,Epoetin Zeta
9999,"Galenit Dil. D19 Aquos., Retina Et Chorioidea Bovis Gl Dil. D11 (Hab, Vs. 41c), Terebinthina Laricina Dil. D9 (Hab, Vs. 6)"
10000,Retina Et Chorioidea Bovis Dil. D10
10001,"Retina Suis D10, Retina Suis D200, Retina Suis D30"
10002,"Retinol Palmitate, Colecalciferol"
10003,"Erythromycin, Isotretinoin"
10004,Zidovudine
10005,Selpercatinib
10006,"Extractum Spissum Compositum Ex: Harpagophyti Radice (4 Parts), Echinaceae Purpureae Herba (3 Parts), Ulmariae Flore (3 Parts) Der 2-4:1, Extracting Agent: Ethanol, Water"
10007,"Levomenthol, Methyl Salicylate"
10008,"Diphtheria Toxoid, Tetanus Toxoid, Poliovirus Type 1 (Inactivated), Poliovirus Type 2 (Inactivated), Poliovirus Type 3 (Inactivated), Aluminium Hydroxide"
10009,"Sodium Ascorbate, Magnesium Aspartate Dihydrate, L-Lysine Hydrochloride, L-Leucine, L-Valine, L-Phenylalanine"
10010,"Valine, Leucine, Phenylalanine, Sodium Ascorbate, Magnesium Aspartate Dihydrate, Lysine Hydrochloride"
10011,"Acidum Hydrofluoricum Dil. D12, Talpa Europaea Dil. D8, Selenium Dil. D12, Graphites Dil. D8, Thallium Metallicum Dil. D12"
10012,"Acidum Silicicum Trit. D4, Calcium Carbonicum Hahnemanni Trit. D 4"
10013,Doxycycline Hydrochloride
10014,"Calcium Carbonicum D8, Calcarea Phosphorica D4, Natrium Phosphoricum D4, Magnesium Phosphoricum D4, Calcium Iodatum D8, Juglans Pulvis D6, Rubia Tinctorum D6, Silicea D6, Ferrum Phosphoricum D4, Natrium Sulfuricum D6"
10015,"Natrium Sulfuricum D3, Juglans Regia D4, Natrum Phosphoricum D2, Ferrum Phosphoricum D2, Rubia Tinctorum D3, Calcarea Carbonica Ostrearum D2, Calcarea Iodata D4, Calcarea Phosphorica D2, Magnesium Phosphoricum D2, Silicea D3"
10016,"Natrium Sulfuricum D3, Natrum Phosphoricum D2, Ferrum Phosphoricum D2, Calcarea Carbonica Ostrearum D2, Calcarea Iodata D4, Calcarea Phosphorica D2, Magnesium Phosphoricum D2, Silicea D3, Rubia Tinctorum D10"
10017,Resmetirom
10018,"Darunavir, Cobicistat"
10019,Belumosudil
10020,Rezafungin Acetate
10021,Rhenium [186re] Sulphide
10022,"Phenylbutazone, Prednisolone"
10023,"Colchicum Autumnale Dil. 4, Gaultheria Procumbens (Hab 34) Dil. D 3, Pseudognaphalium Obtusifolium D4, Berberis Vulgaris Dil. D4"
10024,"Berberis Vulgaris Urt., Acidum Benzoicum E Resina Dil D1, Alsine Media Mother Tincture, Colchicum Autumnale Mother Tincture, Ruta Graveolens Mother Tincture, Ledum Palustre Mother Tincture, Bryonia Mother Tincture"
10025,"Arnica Montana E Floribus W 5% (Hab, Vs. 12g Mit Nativem Olivenöl), Arctium Lappa E Radice W 5% (Hab, Vs. 12g Mit Raffiniertem Erdnussöl), Betula Pendula/Pubescens E Foliis W 5% (Hab, Vs. 12g Mit Nativem Olivenöl), Urtica Dioica Ex Herba W 5% (Hab, Vs. 12"
10026,"Arnica Montana Trit. D 4, Ferrum Phosphoricum Trit. D6, Rhus Toxicodendron Trit. D6, Bryonia Trit. D4, Causticum Hahnemanni Trit. D4"
10027,"Kalium Stibyltartaricum Dil. D6, Strychnos Nux-Vomica Dil. D4, Filipendula Ulmaria Dil. D 6, Harpagophytum Procumbens Dil. D4, Solanum Dulcamara Dil. D6, Bryonia Dil. D4, Gnaphalium Polycephalum Dil. D2, Ledum D4 Dil."
10028,"Ledum Palustre Dil. D 3, Viscum Album Dil. D4, Acidum Silicicum Dil. D8 Aquos, Gnaphalium Polycephalum Dil. D2, Rhus Toxicodendron Dil. D4, Bryonia Dil. D3"
10029,"D-Camphor, Eucalyptus Oil, Turpentine Purified"
10030,"Pulsatilla Pratensis D8, Rhus Toxicodendron D6, Arnica Montana D8, Ledum Palustre D6, Filipendula Ulmaria D6"
10031,"Ferrum Phosphoricum Trit. D6, Causticum Hahnemanni Trit. D6, Ledum Palustre Trit. D2, Rhododendron Trit. D2"
10032,"Ledum Palustre Dil. D 2, Sulfur Dil D4, Colchicum Autumnale D4, Bryonia Dil. D2, Gnaphalium Polycephalum Dil. D2, Rhus Toxicodendron Dil. D3"
10033,"Guajacum Dil D 3, Colchicum D5, Bryonia Dil. D6, Ledum D3, Kalium Iodatum Dil. D4, Artemisia Abrotanum D3, Filipendula Ulmaria D1, Berberis Dil. D3, Rhus Toxicodendron Dil. D4"
10034,"Cayenne Pepper Extract (1,5-2,5 : 1), Extraction Solvent: Ethanol 96% (V/V)"
10035,"Liquid Extract From Arnica Flower (Der 1:1), Extraction Solvent: 68% (V/V), Soft Extract Of Capsicum (Der 4-7: 1) Corresponding To 2.8 Mg Of Capsaicinoids, Calculated As Capsaicin, Extraction Solvent: Ethanol 80% (V/V)"
10036,"Dulcamara Trit. D3, Ledum Trit. D3, Rhus Toxicodendron Trit. D4"
10037,"Bryonia Dil. D2, Gnaphalium Polycephalum Dil. D2, Berberis Vulgaris Mother Tincture, Rhus Toxicodendron Dil. D8, Phytolacca Dil. D3, Rhododendron Dil. D6"
10038,"China Dil. D3, Bryonia Mother Tincture, Ledum Dil D2, Thuja Dil D1, Colchicum Dil. D1, Berberis Vulgaris Mother Tincture, Rhus Toxicodendron Dil. D3, Solanum Dulcamara Dil. D3, Ulmus Campestris Dil. D3, Natrium Nitricum Dil. D3"
10039,"Cimicifuga Dil D1, Ledum Dil D2, Bryonia Dil. D2, Colchicum Dil. D6, Rhododendron Dil. D2, Rhus Toxicodendron Dil. D4, Dulcamara Dil. D1, Causticum Hahnemanni Dil. D2, Ruta Dil. D1"
10040,"Urtica Urens D3, Viscum Album D3, Thuja Occidentalis D4, Bryonia Dil. D4"
10041,"Strychnos Nux-Vomica, Ethanol, Bryonia Dil. D4, Berberis Vulgaris Dil. D4, Rhus Toxicodendron Dil. D4, Ledum D4 Dil."
10042,"Calcium Phosphoricum Dil. D8, Acidum Silicicum Dil. D8"
10043,"Cyanocobalamin, Dexamethasone, Kebuzone, Lidocaine, Salamidacetic Acid"
10044,"Arnica Montana Ex Planta Tota Ø, Betula, Folium, Ethanol. Decoctum Ø, Mandragora, Ethanol. Decoctum Ø, Aconitum Napellus Dil. D3"
10045,"Histaminum Muriaticum 9ch, Allium Cepa C5, Ambrosia Artemisiaefolia C5, Euphrasia C5, Schoenocaulon Officinale C5, Solidago Virgaurea C5"
10046,"Chlorphenamine Maleate, Phenylephrine Hydrochloride"
10047,"Solanum Dulcamara D8, Sambucus Nigra D4, Atropa Bella-Donna D8"
10048,Benzododecinium Bromide
10049,"Benzalkonium Chloride, Tuaminoheptane Sulfate, Acetylcysteine"
10050,"Retinol Palmitate, Peppermint Oil, Anise Oil, Camphor, Eucalyptus Oil"
10051,"Dry Extract From Rhodiola Rosea Root With Rhizome (1.5-5: 1), Extraction Solvent: Ethanol 70% (V/V)"
10052,"Ferrum Phosphoricum Dil. D12, Natrium Sulfuricum Dil. D8, Spiraea Ulmaria Dil. D12, Lithium Carbonicum Dil. D12, Rhododendron Dil. D6"
10053,"Filipendula Ulmaria D12, Rhododendron Aureum D6, Ferrum Phosphoricum D6, Lithium Carbonicum D12, Strychnos Nux-Vomica D6, Natrium Sulfuricum D6"
10054,"Ferrum Phosphoricum Dil. D12, Strychnos Nux-Vomica Dil. D30, Natrium Sulfuricum Dil. D30, Spiraea Ulmaria Dil. D12, Lithium Carbonicum Dil. D12, Rhododendron Dil. D6"
10055,Netarsudil
10056,"Dry Extract Of Rhubarb (Der: 3-5 :1), Corresponding To 12.5 Mg Of Hydroxyanthracene Glycosides, Expressed As Rhein-8-Glucoside, Extraction Solvent: Ethanol 70% V/V"
10057,"Ledum, Toxicodendron Pubescens, Symphytum Ad Usum Externum"
10058,"Toxicodendron Quercifolium E Foliis Ferm 33d Ø (Hab, Vs. 33d)"
10059,"Granit Dil. D9 (Hab, Vs. 6), Gelsemium Sempervirens E Rhizoma Ferm 35b Dil. D2 (Hab, Vs. 35b), Leontopodium Alpinum E Planta Tota Ferm 36 Dil. D3 (Hab, Vs. 36), Mandragora Officinarum E Radice Ferm 34d Dil. D3 (Hab, Vs. 34d), Toxicodendron Quercifolium E"
10060,"Granit Dil. D9 (Hab, Vs. 6), Gelsemium Sempervirens E Rhizoma Ferm 35b Dil. D3 (Hab, Vs. 35b), Leontopodium Alpinum E Planta Tota Ferm 36 Dil. D3 (Hab, Vs. 36), Mandragora Officinarum E Radice Ferm 34d Dil. D5 (Hab, Vs. 34d), Toxicodendron Quercifolium E"
10061,"Cimicifuga Racemosa Dil. D 2, Urtica Dil D1 (Hab 34), Filipendula Ulmaria Mother Tincture, Bryonia Dil. D1, Rhus Toxicodendron Dil. D3"
10062,"Rhus Toxicodendron Dil. D12, Rhus Toxicodendron Dil. D200, Rhus Toxicodendron Dil. D30"
10063,"Leonurus Cardiaca D4, Cytisus Scoparius D4, Iberis Amara Dil. D3, Nerium Oleander D3"
10064,"Lidocaine Hydrochloride Monohydrate, Ceftriaxone Disodium Salt Hemiheptahydrate"
10065,Ribavirin
10066,Ribes Nigrum Bud Glycerol Macerate D1
10067,Equine Polyclonal Immunoglobulin F(Ab')2 Fragments Against Ricin
10068,"Luffa Operculata Dil. D6, Sanicula Europea Dil. D6, Kreosotum Dil. D6, Echinacea Spag. Peka Dil. D12, Plantago Major Spag. Peka Dil.D6, Hydrargyrum Sulfuratum Rubrum Dil. D12, Thuja Occidentalis Dil. D6, Capsicum Annuum Dil. D4"
10069,Glutathione (Reduced)
10070,"Isoniazid, Rifampicin"
10071,"Isoniazid, Pyrazinamide, Rifampicin"
10072,Rifamycin
10073,"Enterovirus B, Echovirus 7, Live"
10074,Rociverine
10075,Rilmenidine
10076,"Budesonide, Glycopyrronium Bromide, Formoterol Fumarate Dihydrate"
10077,"Troxerutin, Heparinoid"
10078,"Isoniazid, Pyrazinamide, Rifampicin, Ethambutol Hydrochloride"
10079,Phenylpropanolamine Hydrochloride
10080,"Potassium Chloride, Sodium Chloride, Calcium Chloride Dihydrate, Sodium Acetate Trihydrate"
10081,"Potassium Chloride, Sodium Acetate, Sodium Chloride, Calcium Chloride Dihydrate"
10082,"Calcium Chloride, Potassium Chloride, Sodium Chloride, Sodium Lactate"
10083,"Calcium Chloride, Potassium Chloride, Sodium Chloride, Sodium Lactate (As 50% Solution)"
10084,"Potassium Chloride, Sodium Chloride, Calcium Chloride Dihydrate, Sodium (S)-Lactate 60%"
10085,"Calcium Chloride, Potassium Chloride, Sodium Chloride, Sodium Hydroxide, Lactic Acid"
10086,"Potassium Chloride, Sodium Chloride, Sodium Hydroxide, Calcium Chloride Dihydrate, Lactic Acid"
10087,"Calcium Chloride, Sodium Lactate Solution, Potassium Chloride, Sodium Chloride, Calcium Chloride Dihydrate"
10088,"Magnesium Chloride Hexahydrate, Potassium Chloride, Sodium Chloride, Calcium Chloride Dihydrate, Sodium Lactate (As 50% Solution)"
10089,"Magnesium Chloride Hexahydrate, Potassium Chloride, Sodium Chloride, Calcium Chloride Dihydrate, Sodium Lactate"
10090,"Potassium Chloride, Sodium Chloride, Calcium Chloride Dihydrate, Sodium-L-Lactate"
10091,"Pseudoephedrine Hydrochloride, Ebastine"
10092,"Bacitracin Zinc, Neomycin Sulfate, Phenylephrine Hydrochloride, Prednisolone, Chlorobutanol Hemihydrate, Eucalyptus Oil, Niaouli Essential Oil"
10093,"Naphazoline Nitrate, Tyrothricin"
10094,Retinol Acetate
10095,"Chlorphenamine Maleate, Dextromethorphan Hydrobromide, Pseudoephedrine Hydrochloride"
10096,"Chlorphenamine Maleate, Phenylephrine Hydrochloride, Ascorbic Acid, Paracetamol, Salicylamide, Caffeine"
10097,"Chlorphenamine Maleate, Phenylephrine Hydrochloride, Paracetamol, Salicylamide, Caffeine"
10098,"Chlorphenamine Maleate, Paracetamol, Pseudoephedrine"
10099,"Neomycin Sulfate, Ephedrine Hydrochloride"
10100,Upadacitinib
10101,Risedronic Acid
10102,"Risedronate Sodium, Calcium Carbonate"
10103,"Risedronate Sodium, Risedronic Acid"
10104,"Glutathione (Reduced), Sodium Salt"
10105,Ethacridine Lactate
10106,Ethacridine Lactate Monohydrate
10107,"Lactose Monohydrate, Rivaroxaban"
10108,Nonacog Gamma
10109,Naldemedine
10110,"Argentum Nitricum Dil. D5 Aquos. (Hab, Vs. 5b), Nicotiana Tabacum E Foliis Ferm 33b Dil. D5 (Hab, Vs. 33b), Natrium Phosphoricum Dil. D9 Aquos. (Hab, Vs. 5b), Robinia Pseudoacacia E Cortice Ferm 33e Dil. D3 (Hab, Vs. 33e), Strychnos Nux-Vomica E Semine Fe"
10111,Acacia Pollen
10112,"Valeriana Ø, Cactus D2, Camphora D2, Crataegus D2, Aether Sulfuricus D1"
10113,Camphora Dil. D1
10114,"Troxerutin, Liquid Extract Of Horse Chestnut Seeds (1 : 0,9 - 1,1), Extraction Solvent: Ethanol 50 % (V / V)"
10115,"Lidocaine Hydrochloride Monohydrate, Ceftriaxone, Lidocaine"
10116,Boehmite
10117,"Latanoprost, Netarsudil"
10118,"L-Arginine, (±)-Malic Acid (Dl-Malic Acid)"
10119,Valoctocogene Roxaparvovec
10120,Rocuronium
10121,Rosemary Leaf
10122,"Natrium Chloratum D3, Aurum Chloratum D8, Camphora D5, Crataegus D2, Avena Sativa D1, Kalium Carbonicum D3, Selenicereus Grandiflorus D2, Strychnos Ignatii D8, Arnica Montana D8"
10123,Rye Grain
10124,Juniper Berry Oil
10125,Vimseltinib
10126,Ropivacaine
10127,"Rosa Damascena/Centifolia E Floribus W 10% (Hab, Vs. 12f Mit Nativem Olivenöl), Rosae Aetheroleum 10% (Hab, Vs. 12h Mit Nativem Olivenöl)"
10128,"Perindopril Tert-Butylamine, Amlodipine, Rosuvastatin"
10129,"Rosae Aetheroleum, Aqueous Colloidal Silicium Dioxide Solution Compounded With Citric Acid Monohydrate, Geranium Essential Oil"
10130,"Graphites Dil. D14 Aquos., Rosa E Floribus Ferm Cum Ferro Dil. D2 (Hab, Vs. 37a)"
10131,"Graphites Dil. D14 Aquos., Rosa E Floribus Ferm Cum Ferro Dil. D5 (Hab, Vs. 37a)"
10132,"Rosmarini Aetheroleum 10% (Hab, Vs. 12h Mit Nativem Olivenöl)"
10133,"Anus Bovis Gl Dil. D8 (Hab, Vs. 41c), Anus Bovis Gl Dil. D4 (Hab, Vs. 41c), Calcium Carbonicum Hahnemanni Dil. D8, Cutis Feti Feminini Bovis Gl Dil. D8 (Hab, Vs. 41b), Cutis Feti Feminini Bovis Gl Dil. D4 (Hab, Vs. 41b), Funiculus Umbilicalis Bovis Gl Dil"
10134,"Dry Extract Of Horse Chestnut (5-8:1), Corresponding To 21 Mg Triterpene Glycosides, Expressed As Protoaescigenin, Extraction Solvent: Methanol 80 % (V/V)"
10135,"Amlodipine, Rosuvastatin"
10136,"Acetylsalicylic Acid, Rosuvastatin Calcium"
10137,"Lactose Monohydrate, Ezetimibe, Rosuvastatin Calcium"
10138,"Ramipril, Rosuvastatin"
10139,"Rosuvastatin, Omega-3-Acid Ethyl Esters 90"
10140,Human Rotavirus Rix4414 Strain (Live Attenuated) Produced On Vero Cells
10141,"Rotavirus Serotype G1 Human-Bovine Rotavirus Reassortants (Live) Produced On Vero Cells, Rotavirus Serotype P1[8] Human-Bovine Rotavirus Reassortants (Live) Produced On Vero Cells, Rotavirus Serotype G4 Human-Bovine Rotavirus Reassortants (Live) Produced"
10142,"Sodium Hydrogen Carbonate, Bismuth Subnitrate, Magnesium Carbonate"
10143,"Dry Extract From Bearberry Leaf, Extraction Solvent: Water"
10144,Dry Extract From Red (Steam Treated) Ginseng Root (3 - 4 :1 ): Extraction Medium Ethanol 60% (V/V)
10145,Dry Extract From Red (Steam Treated) Ginseng Root (2.2 - 3.8 :1 ): Extraction Medium Ethanol 60% (V/V)
10146,Harpagophyti Extractum Siccum
10147,"Dry Extract From Bearberry Leaf Corresponding To 105 Mg Of Hydroquinone Derivative Calculated As Anhydrous Arbutin, Extraction Solvent: Water"
10148,Etifenin
10149,Spiramycin
10150,"Retinol, Dl-Alpha Tocopherol Acetate"
10151,"Borneol, Camphene, Menthone, Cineole, Menthol, Leavo, Beta Pinene, Alpha Pinene"
10152,"Levomenthol, Borneol, Camphene, Menthone, Cineole, Alpha And Beta Pinene"
10153,"Levomenthol, Borneol, Camphene, Menthone, Cineole, Beta Pinene, Alpha Pinene"
10154,"Menthol, Borneol, Camphene, Menthone, Cineole, Alpha And Beta Pinene"
10155,"Menthol, Borneol, Camphene, Menthone, Cineole, Beta Pinene, Alpha Pinene"
10156,"Menthol, Zinc Oxide, Bismuth Subgallate"
10157,"Anethole, Borneol, Camphene, Fenchone, Cineole, Alpha And Beta Pinene"
10158,"Anethole, Borneol, Camphene, Fenchone, Cineole, Beta Pinene, Alpha Pinene"
10159,Entrectinib
10160,"Phleum Pratense Pollen, Festuca Pratensis Pollen, Poa Pratensis Pollen, Holcus Lanatus Pollen, Rye Grass Pollen, Dactylis Glomerata Pollen"
10161,"Levomenthol, Camphor, Racemic, Cedar Wood Oil, Eucalyptus Oil, Thymol, Turpentine Essential Oil"
10162,"Levomenthol, Camphor, Racemic, Essential Oil Of Turpentine Kind ""pinus Pinaster"", Thymol, Turpentine Oil, Cedar Oil"
10163,Rhus Toxicodendron Dil. D6
10164,Rhus Toxicodendron D6
10165,"Phytolacca Americana Dil. D4, Rhus Toxicodendron Dil. D6"
10166,"Ledum Palustre Dil. D 3, Berberis Vulgaris Dil. D2, Colchicinum Dil. D6"
10167,"Aspergillus Ruber E Volumine Cellulae (Lyophil., Steril.) D5"
10168,Rubidium Chloride
10169,"Lactose., Lactose Anhydrous"
10170,Mahonia Aquifolium Mother Tincture
10171,"Liquid Extract From Marshmallow Root (1:20), Extraction Solvent: Water"
10172,"Macerate Of Marshmallow Root (9:40), Extraction Solvent: Water, Ethanol And Sodium Benzoate (46.7: 1: 0.3)"
10173,Rucaparib
10174,"Nonivamide, Salicylamide, Benzyl Nicotinate, Hydroxyethyl Salicylate"
10175,"D-Camphor, Essential Oil Of Turpentine Kind ""pinus Pinaster"", Eucalyptus Oil"
10176,Rubidium Chloride Rb-82
10177,Conestat Alfa
10178,"Aralia Racemosa D6, Iodum D12, Atropinum Sulfuricum D6, Formica Rufa D12, Kalium Phosphoricum D12"
10179,"Cuprum Metallicum D12, Hepar Sulfuris D6, Stibium Sulfuratum Aurantiacum Dil. D10, Eriodictyon Californicum Dil. D 4, Kalium Stibyltartaricum Dil. D4"
10180,"Arsenicum Album Dil. D6, Cadmium Sulfuricum Dil. D8, Atropinum Sulfuricum D6, Kalium Bichromicum D6, Argentum Nitricum Dil. D6, Acidum Nitricum Dil. D6"
10181,"Chelidonium Majus D8, Carduus Benedictus Dil. D6, Silybum Marianum D6, Stannum Metallicum D10"
10182,"Arsenum Iodatum D12, Mercurius Solubilis Hahnemanni D10"
10183,"Aconitum Napellus Dil. D8, Formica Rufa D6, Magnesium Phosphoricum D10"
10184,"Ammonium Phosphoricum Dil. D10, Acidum Formicicum Dil D6, Acidum Silicicum Dil. D12, Sulfur Dil. D12"
10185,Fostemsavir
10186,"Extract From Matricaria Flower, Extraction Solvents: Ethanol And Paraffin, White Soft"
10187,Rupatadine Fumarate
10188,"Tetracaine Hydrochloride, Ruscogenin"
10189,"Cinchocaine Hydrochloride, Levomenthol, Prednisolone, Zinc Oxide, Ruscogenin"
10190,"Ascorbic Acid, Rutoside"
10191,"Arnica Dil. D3, Calendula Dil. D3, Hamamelis Virginiana Dil. D4, Rhus Toxicodendron Dil. D6, Ruta Dil. D6, Symphytum Dil. D6"
10192,Rutoside Trihydrate
10193,"Ascorbic Acid, Rutoside, Willow Bark"
10194,Brexpiprazole
10195,"Olopatadine, Mometasone Furoate Monohydrate"
10196,Amivantamab
10197,Glycopyrronium Bromide Ph. Eur.
10198,Midostaurin
10199,"Norethisterone Acetate, Estradiol, Relugolix"
10200,"Belladonna D6, Hydrargyrum Chloratum D6, Hydrastis Canadensis, Ethanol. Decoctum D6, Kalium Bichromicum D6, Allium Cepa D6, Sambucus Nigra D6, Euphrasia Officinalis D 6"
10201,Rozanolixizumab
10202,Imetelstat
10203,"Nitroglycerinum Dil. D3, Apocynum Cannabinum Mother Tincture, Crataegus Mother Tincture, Cytisus Scoparius Mother Tincture, Lilium Lancifolium Mother Tincture, Veratrum Viride Dil. D2, Gelsemium Sempervirens Dil. D2, Cheiranthus Cheiri Mother Tincture"
10204,"Nitroglycerinum Dil. D3, Apocynum Mother Tincture, Crataegus Mother Tincture, Cytisus Scoparius Mother Tincture, Lilium Lancifolium Mother Tincture, Veratrum Viride Dil. D2, Gelsemium Sempervirens Dil. D2, Cheiranthus Cheiri Mother Tincture"
10205,Efbemalenograstim Alfa
10206,"Insulin Aspart, Insulin Degludec"
10207,Simeticone Emulsion
10208,"Mercurius Bijodatus Dil. D8, Serenoa Repens Ø, Cantharis Dil. D4, Echinacea Purpurea Mother Tincture"
10209,Serenoa Repens Ø
10210,"Hepar Sulfuris D10, Hepar Sulfuris D15, Hepar Sulfuris D200, Hepar Sulfuris D30, Serenoa Repens D10, Serenoa Repens D30, Serenoa Repens Ø"
10211,"Hepar Sulfuris Dil. D10, Hepar Sulfuris Dil. D30, Hepar Sulfuris Dil. D200, Serenoa Repens Dil. D10, Serenoa Repens Dil. D30, Hepar Sulfuris Dil. D15, Serenoa Repens Ø"
10212,"Hepar Sulfuris Dil. D30, Hepar Sulfuris Dil. D200, Serenoa Repens Dil. D10, Serenoa Repens Dil. D30, Hepar Sulfuris Dil. D15, Serenoa Repens Dil. D2, Hepar Sulfuris Dil. D12"
10213,"Soft Extract From Saw Palmetto Fruit, Corresponding To 2.9-3.5 G Of Saw Palmetto Fruit, Extraction Solvent: Ethanol 96% (V/V)"
10214,"Pumpkin Seed, Powdered, Pumpkin Seed Oil, Dry Extract Of Saw Palmetto Fruit (8 -11:1), Extraction Solvent: Ethanol 60% (V/V)"
10215,"Lytta Vesicatoria Dil. D 4, Clematis Recta Dil. D1, Chondrodendron Ø, Populus Tremuloides Ø, Serenoa Repens Ø"
10216,"Valsartan Disodium, Sacubitril Sodium"
10217,Safinamide Methanesulfonate
10218,Tafluprost
10219,"Disodium Phosphate, Anhydrous, Sodium Hydrogen Carbonate, Sodium Chloride, Sodium Bromide, Sodium Sulfate Anhydrous, Potassium Sulphate"
10220,"Disodium Phosphate, Anhydrous, Potassium Hydrogen Carbonate, Sodium Hydrogen Carbonate, Sodium Chloride, Sodium Sulfate Anhydrous"
10221,"Sage Leaf Extract (1:4.0-6.0), Extraction Solvent: Liqueur Wine: Ethanol 96% V/V (38.25:61.75 M/M)"
10222,"Sage Shoot, Cut"
10223,"Sodium Hydrogen Carbonate, Tartaric Acid, Potassium Sulphate, Sodium Sulphate"
10224,Willow Bark
10225,"Castor Oil, Salicylic Acid"
10226,"Fluprednidene Acetate, Salicylic Acid"
10227,"Furosemide Xantinol, Triamterene"
10228,Sodium Chloride Ph. Eur.
10229,"Atropa Belladonna E Fructibus Ferm 33a Dil. D4 (Hab, Vs. 33a), Dryopteris Filix-Mas E Radice Ferm 33c Dil. D1 (Hab, Vs. 33c), Strychnos Nux-Vomica E Semine Ferm 35b Dil. D4 (Hab, Vs. 35b), Salix Alba Ssp. Vitellina E Cortice Et Foliis Ferm 33d Dil. D1 (Ha"
10230,"Mannitol, Sodium Hydrogen Carbonate, Tartaric Acid, Magnesium Citrate, Magnesium Sulphate Anhydrous"
10231,"Fish Oil (Omega-3 Polyunsaturated Fatty Acids): Epa 17%, Dha 10%, Dpa 3%"
10232,"Levomenthol, Camphor, Racemic, Methyl Salicylate"
10233,"Levomenthol, Camphor, Racemic, Methyl Salicylate, Tocopheryl Acetate"
10234,Capsicum Annuum
10235,Juice From Purple Coneflower Herb
10236,"Sage Tincture, Thick Extract Of Purple Coneflower Herb"
10237,"Menthol, Peppermint Oil, Clove Oil, Thyme Oil, Cineole, Salviae Oleum, Extr. Fl. (1:3,3) Ex: Chamomillae Anth.-18,7: Salviae Fol.-18,7: Millefolii Herba-18,7: Menthae Pip. Herba-18,7: Thymi Herba-9,35: Foeniculi Fr.-9,35, Marjoram Oil"
10238,"Levomenthol, Peppermint Oil, Cinnamon Oil, Clove Oil, Eucalyptus Oil, Fennel Oil, Thymol, Salviae Oleum, Star Anise Oil"
10239,"Liquid Extract Of Fresh Echinacea Purpurea Herb (1:12), Extraction Solvent: Ethanol 65% V/V, Liquid Extract Of Fresh Echinacea Purpurea Root (1:11), Extraction Solvent: Ethanol 65% V/V, Liquid Extract From Fresh Sage Leaf (Der 1:17), Extraction Solvent 68"
10240,"Sage Leaves Dry Extract (4-7:1), Extraction Solvent Water"
10241,"Sage Leaves Extract (1:2,9-3,1), Extraction Solvent Water"
10242,"Berberis, Fructus Dil. D6, Sambucus Nigra Dil. D3, Teucrium Scorodonia Dil. D4, Phosphorus Dil. D6"
10243,"Sambucus Nigra E Medulla Ferm 35a Dil. D3 (Hab, Vs. 35a), Sambucus Nigra Ex Umbella Ferm 33c Dil. D2 (Hab, Vs. 33c), Terebinthina Laricina Dil. D4 (Hab, Vs. 6)"
10244,Beclometasone Dipropionate Ph. Eur.
10245,Sandalwood Oil
10246,"Acetic Acid, Quassia, Squill Extract, Capsicum Tincture"
10247,"Potassium Chloride Ph. Eur., Potassium Bicarbonate Usp"
10248,"Dry Extract Of Melissa Leaf (4-6 : 1), Extraction Solvent: Ethanol 30 % (W/W), Dry Extract Of Valerian Root (3-6:1), Extraction Solvent: Ethanol 62% (M/M)"
10249,"Aspergillus Niger E Volumine Cellulae (Lyophil., Steril.) D5, Mucor Racemosus E Volumine Cellulae (Lyophil., Steril.) D5"
10250,"Dry Extract Of Milk Thistle Fruit (Der 20-35:1), Corresponding To 70 Mg Of Silymarin, Expressed As Silibinin, Extraction Solvent : Acetone 96% (V/V)"
10251,Pizotifen Malate Bp
10252,"Antazoline Mesilate, Naphazoline Nitrate"
10253,"Adrenalinum D6, Crataegus Oxyacantha Tm, Galeopsis Ochroleuca Tm, Ephedra Vulgaris D4, Lobelia Inflata D3, Yerba Santa D3, Ipeca D 4, Atropa Bella-Donna D4, Datura Stramonium D4, Solidago Virgaurea D3, Sambucus Nigra Ø"
10254,"Adrenalinum D6, Crataegus Oxyacantha Tm, Galeopsis Ochroleuca Tm, Ephedra Vulgaris D4, Solidago Virga Aurea D3, Lobelia Inflata D3, Yerba Santa D3, Ipeca D 4, Atropa Bella-Donna D4, Datura Stramonium D4, Sambucus Nigra Ø"
10255,"Stramonium D4, Adrenalinum D6, Crataegus Oxyacantha Tm, Galeopsis Ochroleuca Tm, Ephedra Vulgaris D4, Solidago Virga Aurea D3, Lobelia Inflata D3, Yerba Santa D3, Ipeca D 4, Belladonna D4, Sambucus Nigra Ø"
10256,"Causticum Hahnemanni Dil. D4, Solidago Virgaurea Dil. D 3, Petroselinum D3, Populus Tremuloides Dil. D1, Cantharis Dil. D4, Solanum Dulcamara Dil. D3"
10257,"Natrium Sulfuricum Trit. D 3, Carduus Marianus Trit D1, Chelidonium Majus Trit. D4, Berberis Vulgaris Trit. D2, Cholesterolum Trit. D4, Calcium Carbonicum Hahnemanni D8"
10258,"Brucella Melitensis Extractum Cellulae (Lyophil., Steril.) D6"
10259,"Candida Albicans Extractum Cellulae (Lyophil., Steril.) D6"
10260,"Escherichia Coli Extractum Cellulae (Lyophil., Steril.) D6"
10261,"Pseudomonas Aeruginosa Extractum Cellulae (Lyophil., Steril.) D6"
10262,"Klebsiella Pneumoniae Extractum Cellulae (Lyophil., Steril.) D6"
10263,"Mycobacterium Bovis (Bcg) Extractum Cellulae (Lyophil., Steril.) D6"
10264,"Staphylococcus Aureus Extractum Cellulae (Lyophil., Steril.) D6"
10265,"Streptococcus Pyogenes Extractum Cellulae (Lyophil., Steril.) D6"
10266,"Sarcolacticum Acidum D12, Acidum L(+)-Lacticum D200, Sarcolacticum Acidum D30, Sarcolacticum Acidum D4, Sarcolacticum Acidum D6"
10267,Acidum L(+)-Lacticum D2
10268,Anifrolumab
10269,"Troxerutin, Hippocastani Semen, Extractum Siccum"
10270,"Troxerutin, Hippocastani Seminis Extractum Spissum"
10271,Sapropterin
10272,Isatuximab
10273,"Aurum Metallicum Dil. D14 Aquos., Camphora Dil. D3 Aquos. (Hab, Sv 5b), Cytisus Scoparius Ex Herba Ferm 33c Dil. D2 (Hab, Vs. 33c), Selenicereus Grandiflorus Ex Herba Ferm 33d Dil. D3 (Hab, Vs. 33d)"
10274,"Heparin Sodium, Benzocaine, Aesculus Hippocastanum L."
10275,"Cetrimide, Zinc Sulphate, Lidocaine Hydrochloride"
10276,Saxagliptin Hydrochloride
10277,"Bacitracin, Propolis Extract, Vitamin A Concentrate (Oily Form), Synthetic, Calendula Tincture"
10278,"Bacitracin, Retinol, Alpha-Tocopherol, Tincture From Calendula Flower (1:5), Extraction Solvent: Ethanol 70% (V/V), Propolis Extract, Vitamin A Concentrate (Oily Form), Synthetic"
10279,Asciminib Hydrochloride
10280,Afamelanotide
10281,Equiseti Herba
10282,Achillea Millefolium
10283,"Cinchocaine Hydrochloride, Prednisolone"
10284,"Hypericum Perforatum Dil. D2, Valeriana Officinalis D4, Avena Sativa Dil. D1, Passiflora Incarnata Dil. D2"
10285,"Avena Sativa D1, Passiflora Incarnata D1"
10286,"Melissa Leaf, Passiflorae Herba, Valerianae Radix"
10287,"Dry Extract (3-6: 1) From Valerian Root, Hop Strobile, Melissa Leaf (4: 1: 4), Extraction Solvent: Water"
10288,"Lavandulae Flos, Melissa Leaf, Menthae Piperitae Folium, Valerianae Radix"
10289,"Menthae Piperitae Folium, Valeriana Officinalis L. Radix, Melissa Officinalis L. Folium, Passiflora Incarnata L. Herba"
10290,"Passiflorae Herba, Menthae Piperitae Folium, Valerianae Radix, Melissa Officinalis Leaf"
10291,"Lavandulae Flos, Melissa Leaf, Valeriana Officinalis, Humulus Lupulus L. Flos"
10292,"Hepar Sulfuris D12, Avena Sativa D12, Pulsatilla Pratensis D15, Zincum Isovalerianicum D12"
10293,"Pulsatilla Pratensis Dil. D6, Allium Cepa Dil. D5, Thryallis Glauca D4, Luffa Operculata Dil. D4, Sticta D2, Kalium Bichromicum Dil. D4, Natrium Chloratum Dil. D6, Thuja Occidentalis Dil. D8"
10294,"Calcium Ion, Carbon Dioxide, Magnesium, Sulfate, Hydrogen Carbonate"
10295,"Guajacum D12, Guajacum D3, Guajacum D6"
10296,Primula Veris Flower
10297,"Luffa Operculata D12, Luffa Operculata D6, Luffa Operculata D15"
10298,"D-Camphor, Berberis, Fructus Ø, Echinacea Purpurea, Planta Tota Mother Tincture, Hydrargyrum Sulfuratum Rubrum Trit. D4, Prunus Spinosa, Fructus Ø, Peppermint Oil, Eucalyptus Oil, Esculin, Thymus Essential Oil, Bryonia Dil. D3"
10299,"Luffa Operculata D6, Kalium Bichromicum D6, Sabadilla D6"
10300,Chocolate
10301,"Camphor Bp, Salicylic Acid Ph. Eur."
10302,"Camphor, Salicylic Acid"
10303,Plaice
10304,Calcium Fluoratum Trit. D 4
10305,Natrium Sulfuricum Trit. D4
10306,Calcium Phosphoricum Trit. D4
10307,Ferrum Phosphoricum Trit. D 4
10308,Kalium Chloratum Trit. D4
10309,Kalium Phosphoricum Trit. D 4
10310,Kalium Sulfuricum Trit. D4
10311,Magnesium Phosphoricum Trit. D4
10312,Natrium Chloratum D4
10313,Natrium Phosphoricum D4
10314,"Sulfur Dil. D 12, Sulfur Dil D4, Sulfur Dil. D6, Sulfur Dil. D30, Sulfur Dil. D200"
10315,"Pulsatilla Pratensis D4, Rhus Toxicodendron D4, Anamirta Cocculus D4, Melilotus Officinalis D1, Strychnos Nux-Vomica D4, Asa Foetida D3, Iris Versicolor D2, Primula Veris D2"
10316,"Colchicum D4, Rhus Toxicodendron D4, Aconitum Napellus D4, Berberis Vulgaris D3, Ledum Dil D2"
10317,"Nitroglycerinum D4, Convallaria Majalis D4, Crataegus Mother Tincture, Aurum Metallicum D9, Selenicereus Urtinktur"
10318,"Panax Ginseng D4, Selenium D10, Chininum Arsenicosum D6"
10319,"Pulsatilla Pratensis D4, Hydrargyrum Biiodatum D6, Euphorbium D12, Hepar Sulfuris Dil. D12, Apisinum D12"
10320,"Atropa Bella-Donna D4, Baptisia Tinctoria D4, Bryonia D4, Echinacea Angustifolia Mother Tincture"
10321,"Convallaria Majalis E Planta Tota Ferm 33c Dil. D2 (Hab, Vs. 33c), Urginea Maritima Var. Rubra E Bulbo Ferm 33b Dil. D1 (Hab, Vs. 33b), Adonis Vernalis Ferm 33d Dil. D2, Crataegus Laevigata/Monogyna E Foliis Et Fructibus Ferm 33d Dil. D2 (Hab, Vs. 33d)"
10322,"Convallaria Majalis E Planta Tota Ferm 33c Dil. D3 (Hab, Vs. 33c), Urginea Maritima Var. Rubra E Bulbo Ferm 33b Dil. D3 (Hab, Vs. 33b), Adonis Vernalis Ferm 33d Dil. D2, Crataegus Laevigata/Monogyna E Foliis Et Fructibus Ferm 33d Dil. D2 (Hab, Vs. 33d)"
10323,Besilesomab
10324,"Crataegus D3, Crocus Sativus D4, Secale Cornutum D4, Acidum Silicicum D6, Sulfur D4"
10325,"Arnica Montana Dil. D3, Conium Maculatum Dil. D 4, Barium Iodatum Dil. D4, Secale Cornutum Dil. D3"
10326,Plumbum Mellitum Trit. D12
10327,Hyoscine
10328,"Ascorbic Acid, Rutoside, Salicylamide"
10329,"Ascorbic Acid, Rutoside, Salicylamide, Zinc"
10330,"Ascorbic Acid, Rutoside, Salicylamide, Zinc Gluconate"
10331,"Levomenthol, Eucalyptus Oil, Thyme Oil, Turpentine Oil"
10332,"Liquid Extract From A Mixture (2.5: 2.5: 1) Of Thyme, Wild Thyme, Ribwort Plantain (Der 1:2.9-3.3), Extraction Solvent: Glycerol 85% M/M, Ethanol 96% V/V And Purified Water (1:7.5:31.2 M/M/M)"
10333,"Scrophularia Nodosa Dil. D3, Acidum Lacticum D4, Naja Naja Dil. D8"
10334,Scrophularia Nodosa Dil. D2
10335,Scrophularia Nodosa D4
10336,"Chlorhexidine Dihydrochloride, Ascorbic Acid"
10337,"Benzalkonium Chloride, Selenium Sulfide"
10338,"Argentum Metallicum Dil. D7, Secale Cornutum E Sklerotio Ferm 35b Dil. D5 (Hab, Vs. 35b)"
10339,"Arteria Poplitea Bovis Gl Dil. D7 (Hab, Vs. 41c), Betula Pendula E Cortice, Decoctum Dil. D4 (Hab, Vs. 23a), Galenit Dil. D7, Nicotiana Tabacum E Foliis Ferm 33b Dil. D5 (Hab, Vs. 33b), Secale Cornutum E Sklerotio Ferm 35b Dil. D5 (Hab, Vs. 35b)"
10340,"Arteria Poplitea Bovis Gl Dil. D7 (Hab, Vs. 41c), Betula Pendula E Cortice, Decoctum Ø (Hab, Vs. 23a), Galenit Dil. D7, Nicotiana Tabacum E Foliis Ferm 33b Dil. D5 (Hab, Vs. 33b), Secale Cornutum E Sklerotio Ferm 35b Dil. D5 (Hab, Vs. 35b)"
10341,"Quarz Dil. D29 Aquos., Secale Cornutum E Sklerotio Ferm 35b Dil. D5 (Hab, Vs. 35b)"
10342,"Betula Pendula E Cortice, Decoctum Dil. D2 (Hab, Vs. 23a), Galenit Dil. D7, Nicotiana Tabacum E Foliis Ferm 33b Dil. D5 (Hab, Vs. 33b), Retina Et Chorioidea Bovis Gl Dil. D7 (Hab, Vs. 41c), Secale Cornutum E Sklerotio Ferm 35b Dil. D5 (Hab, Vs. 35b)"
10343,"Betula Pendula E Cortice, Decoctum Dil. D4 (Hab, Vs. 23a), Galenit Dil. D7, Nicotiana Tabacum E Foliis Ferm 33b Dil. D5 (Hab, Vs. 33b), Retina Et Chorioidea Bovis Gl Dil. D7 (Hab, Vs. 41c), Secale Cornutum E Sklerotio Ferm 35b Dil. D5 (Hab, Vs. 35b)"
10344,"Ferrum Phosphoricum Dil. D8, Aesculus Dil. D2, Acidum Sulfuricum Dil. D4, Crocus Dil. D4, Hamamelis Virginiana Dil. D6, Secale Cornutum Dil. D6"
10345,Dihydroergotoxine Mesilate
10346,Secretin
10347,Secretin Pentahydrochloride
10348,Secretin Human
10349,"Hypericum Perforatum Dil. D1, Acidum Picrinicum Dil. D5, Kalium Bromatum Dil. D2, Valeriana Officinalis Ø, Avena Sativa Mother Tincture, Humulus Lupulus Ø, Matricaria Recutita Mother Tincture"
10350,"Melissa Officinalis Leaf Dry Extract, Valeriana Officinalis L. Root Dry Extract, Humulus Lupulus Extractum Siccum"
10351,"Valerian Root Dry Extract (5-6:1), Ethanol 70 %(V/V), Dry Extract From Hop Strobile (4-8:1), Extraction Solvent: Methanol 40% (V/V), Dry Extract From Melissa Leaf (4-6:1), Extraction Solvent: Water"
10352,"Coffea Arabica D6, Avena Sativa Mother Tincture, Passiflora Incarnata Mother Tincture, Humulus Lupulus Ø"
10353,"Coffea Arabica Dil. D6, Avena Sativa Mother Tincture, Passiflora Incarnata Mother Tincture, Humulus Lupulus Ø"
10354,"Zincum Valerianicum D4, Passiflora Incarnata D2, Coffea Arabica D12, Avena Sativa Dil. D2"
10355,"Hyoscyamus Niger C9, Passiflora Incarnata D3, Stramonium C9, Gelsemium Sempervirens C9, Matricaria Recutita C9, Kalium Bromatum C9"
10356,"Valeriana Officinalis Dil. D3, Passiflora Incarnata Dil. D2, Anamirta Cocculus Dil. D4, Avena Sativa Dil. D2, Humulus Lupulus Dil. D3"
10357,"Dry Extract Of St. John's Wort (5-7:1), Extraction Solvent: Ethanol 60% (M/M), Dry Extract Of Valerian Root (4-7:1), Extraction Solvent: Ethanol 60 % (M/M)"
10358,"Tincture Of Valerian Root (1:5), Extraction Liquid: Ethanol 70 V/V, Extract Of Melissa Leaf (1:0.8-1.2), Extraction Solvent: Ethanol 70 % (V/V)"
10359,"Extract Of Melissa Leaf (1:4-6), Extraction Solvent: Ethanol 55 % (V/V), Extract Of St. John`s Wort (1:9-11), Extraction Solvent: Ethanol 55 % (V/V), Extract Of Valerian Root (1:9-11), Extraction Solvent: Ethanol 55 % (V/V)"
10360,"Selenium Dil. D 8, Avena Sativa Mother Tincture, Strychnos Ignatii Dil. D4, Valeriana Officinalis Dil. D3, Gelsemium Dil D4"
10361,"Aconitum Napellus C6, Atropa Bella-Donna C6, Calendula Officinalis C6, Chelidonium Majus C6, Abrus Precatorius C6, Viburnum Opulus C6"
10362,"Aconitum Napellus, Atropa Bella-Donna, Calendula Officinalis, Chelidonium Majus, Viburnum Opulus, Abrus Precatorius"
10363,"Avena Sativa Mother Tincture, Ignatia Dil. D4, Valeriana Dil. D4, Tarantula Dil. D4, Veratrum Dil. D4"
10364,Dry Extract Of The Aerial Parts Of Passiflora Incarnata
10365,"Dry Extract Passion Flower (5-7:1), Extraction Solvent: Ethanol 60% V/V"
10366,"Dry Extract From Passionflower Herb (Corresponding To 700 Mg – 1000 Mg Of Passionflower Herb), Extraction Solvent: Ethanol 60% V/V"
10367,"Humuli Lupuli Extractum Fluidum (1:1), Avenae Herbae Recentis Intractum (1:1), Rosae Fructus Tinctura (1:5), Hawthorn Tincture (1:3,25-3,75), Hyperici Herbae Tinctura (1:5), Valerian Tincture (1:4,0-4,5), Mellisae Herbae Recentis Intractum (1:1)"
10368,"Valeriana Officinalis L. Root Dry Extract, Passiflora Incarnata Dry Extract, Crataegus Oxyacantha Dry Extract"
10369,"Dry Extract From Lavender Flower (4-8:1), Extraction Solvent: Etahnol 70% V/V, Dry Extract From Hop Strobile (3-7:1), Extraction Solvent: Ethanol 50% V/V, Dry Extract From Passion Flower (3-6:1), Extraction Solvent: Ethanol 50% V/V, Dry Extract From Melis"
10370,"Benzocaine, Dodeclonium Bromide, Enoxolone, Esculin Sesquihydrate"
10371,Mexazolam
10372,"Fusidic Acid, Triamcinolone Acetonide"
10373,"Metformin Hydrochloride, Ertugliflozin"
10374,Tauroselcholic Acid
10375,Tauroselcholic Acid Se-75
10376,Selegiline
10377,Selexipag
10378,Sodium Selenite Anhydrous
10379,"Selenium Dil. D 10, Kalium Phosphoricum Dil. D30, Selenium Dil. D30, Kalium Phosphoricum Dil. D10, Selenium Dil. D15, Selenium Dil. D200, Kalium Phosphoricum Dil. D200, Kalium Phosphoricum Dil. D2"
10380,"Selenium Dil. D 10, Kalium Phosphoricum Dil. D30, Selenium Dil. D30, Kalium Phosphoricum Dil. D10, Selenium Dil. D15, Selenium Dil. D200, Kalium Phosphoricum Dil. D200, Kalium Phosphoricum Dil. D6"
10381,Mecillinam
10382,Pivmecillinam
10383,"Simeticone, Sodium Hydrogen Carbonate, Potassium Chloride, Sodium Chloride, Sodium Sulfate Anhydrous, Macrogol 4000"
10384,Ampicillin Trihydrate
10385,Cassia Angustifolia
10386,Cassia Senna L. Folium
10387,Sennosides Calcium Salts 60 %
10388,"Stannum Metallicum Dil. D6, Senecio Jacobaea Ex Herba Ferm 33d Dil. D1 (Hab, Vs. 33d), Spinacia Oleracea E Radice Ferm 34f Dil. D1 (Hab, Vs. 34f), Olivenit Trit. D5"
10389,"Stannum Metallicum Dil. D7, Senecio Jacobaea Ex Herba Ferm 33d Dil. D2 (Hab, Vs. 33d), Spinacia Oleracea E Radice Ferm 34f Dil. D2 (Hab, Vs. 34f), Olivenit Dil. D5"
10390,Sennae Folium Cum Fructus
10391,"Clocinizine Hydrochloride, Phenylpropanolamine Hydrochloride"
10392,"Cascara Ph. Eur., Dandelion Root Bhp, Senna Leaf Ph. Eur., Valerian Root Ph. Eur., Aloes Powdered"
10393,"Senna Alexandrina Fruit Dry Extraxt (6-12:1) Adjusted To 13mg Hydroxyanthraceneglycoside (Calculated As Sennoside B), Extracting Agent: Ethanol 60% (V/V)"
10394,Ospemifene
10395,"Mahonia Aquifolium Trit. D 6, Thuja Occidentale Trit. D 12, Smilax Officinalis D8, Kalium Bromatum Trit. D6, Euphorbia Cyparissias D12, Helianthemum Canadense D4"
10396,"Heparin Sodium, Alpha-Bisabolol"
10397,"Heparin Sodium, Bisabolol"
10398,"Isopropyl Alcohol, Lactic Acid, Propanol"
10399,"Lachesis Mutus Dil. D8, Phytolacca Americana Dil. D4, Clematis Recta Ø, Ailanthus Altissima Dil. D3, Teucrium Scorodonia Spag. Peka Dil. D12, Atropa Bella-Donna Spag. Peka Dil. D4, Echinacea Spag. Peka Dil. D6, Barium Carbonicum Dil. D8"
10400,Sepiapterin
10401,"Calcium Carbonicum Hahnemanni Dil. D8, Ignatia Dil. D5, Sepia Gruneris Dil. D5"
10402,"Naphazoline Nitrate, Boric Acid"
10403,"Benzalkonium Chloride, Levomenthol, Peppermint Oil, Eucalyptus Oil, Thymol"
10404,"Menthae Piperitae Folium, Sage Leaf (Salvia Officinalis), Thyme"
10405,Sulfadimidine
10406,Polyhexanide Solution 20% (Sw/Dac)
10407,Sertindole
10408,"Serotonin D10, Serotonin D200, Serotonin D30"
10409,Serenoa Repens Sterol Lipid Extract
10410,"Alantolactone, Costunolide, Dehydrocostus Lactone"
10411,"Caladium Seguinum C5, Lobelia Inflata C5, Strychnos Nux-Vomica C15, Delphinium Staphisagria C15"
10412,Sevelamer
10413,Sevoflurane
10414,"Recombinant Varicella Zoster Virus Glycoprotein E, Stimulon, 3-O-Desacyl-4'-Monophosphoryl Lipid A"
10415,"Carmellose Sodium, Calcium Chloride, Potassium Dihydrogen Phosphate, Potassium Chloride, Sodium Chloride, Magnesium Chloride"
10416,"Chlorhexidine Gluconate, Hydrocortisone"
10417,Hypromellose Ph Eur
10418,"Menthae Piperitae Folium, Milk Thistle Fruit, Taraxacum Officinale, Millefolii Herba"
10419,Liquorice Root
10420,Pasireotide
10421,"Rdesat-6, Rcfp-10"
10422,"Potassium Nitrate, Silver Nitrate"
10423,"Paraffin White Soft, Emulsifying Wax"
10424,"Dry Extract From Milk Thistle Fruit, Refined And Standardised (Der 30:1), Corresponding To 35 Mg Silymarin, Calculated As Silibin, Extraction Solvent: Acetone"
10425,"Aqueous Colloidal Silicium Dioxide Solution Compounded With Citric Acid Monohydrate, Lemon Oil"
10426,"Argentum Nitricum Dil. D20 Aquos. (Hab, Vs. 5b), Atropa Belladonna Ex Herba Ferm 33a Dil. D14 (Hab, Vs. 33a), Quarz Dil. D21 Aquos."
10427,"Argentum Metallicum D4, Manganum Peroxydatum D3, Stibium Sulfuratum Nigrum D4, Calcium Fluoratum D4, Ferrum Phosphoricum D3, Magnesium Phosphoricum D3, Mercurius Solubilis Hahnemanni D 8, Silicea D3, Acidum Arsenicosum D6"
10428,"Acidum Silicicum Trit D5, Calcium Fluoratum Trit D5"
10429,"Acidum Silicicum Dil. D30, Acidum Silicicum Dil. D200, Acidum Silicicum Dil. D1000, Acidum Silicicum Dil. D12"
10430,"Dry Extract From Milk Thistle Fruit (50-70:1), Containing 86.5 Mg Silymarin, Extraction Solvent: Acetone"
10431,"Milk Thistle Fruit Dry Extract, Refined And Standardised (22-27:1), Corresponding To 140 Mg Silymarin, Calculated As Silibinin, Extraction Solvent: Acetone 95% V/V"
10432,"Dimeticone, Zinc Oxide"
10433,"Dry Extract Of Milk Thistle Fruit, Corresponding To 108.2 Mg Silymarin, Calculated As Silibinin, Extraction Solvent: Acetone 95% (V/V)"
10434,"Simeticone, Magnesium Hydroxide, Aluminium Hydroxide-Magnesium Carbonate Co-Dried Gel"
10435,"Alfalfa D6, Lac Caninum D10, Urtica Urens D6"
10436,"Matricaria Recutita D10, Sulfur D12, Mercurius Solubilis Hahnemanni D15"
10437,"Paraffin, Yellow Soft, Lanolin, Liquid Paraffin"
10438,Yellow Soft Paraffin Bp
10439,Basiliximab
10440,Piroxicam Cinnamate
10441,"Lidocaine, Piroxicam, Cyclobenzaprine Hydrochloride"
10442,"Hydrargyrum Sulfuratum Rubrum Trit. D4, Ferrum Phosphoricum Trit D3, Mercurius Solubilis Hahnemanni Trit D6"
10443,"Vespa Crabro Dil. D12, Palladium Metallicum D12, Lachesis Dil. D12"
10444,Destillat Aus Einer Mischung Von Rektifiziertem Eucalyptusöl Und Rektifiziertem Süßorangenöl (2:1)
10445,"Argentum Metallicum Praeparatum Dil. D20, Berberis, Fructus Dil. D3, Quarz Dil. D12"
10446,"Mentha Piperita, Thymus Vulgaris, Citrus Limon"
10447,"Mercurius Solubilis Hahnemani Dil. D20, Hydrargyrum Sulfuratum Rubrum Dil. D8, Lobaria Pulmonaria Dil. D7, Sambucus Nigra Dil. D7"
10448,"Kreosotum D3, Stibium Sulfuratum Aurantiacum D8, Luffa Operculata D4, Euphorbium D4"
10449,"Luffa Operculata Dil. D4, Antimonium Sulfuratum Aurantiacum Dil. D8, Euphorbium Mother Tincture, Kreosotum Dil. D3"
10450,"Dry Extract (3-6:1) Of Gentian Root, Primula Flowers, Sorrel Herb, Elder Flowers, Vervaine Herb (1:3:3:3:3), Extracting Agent: Ethanol 51% (M/M)"
10451,"Extract (1:11) Of Gentian Root Cut, Verbena Herb Cut, Common Sorrel Herb Cut, Elder Flower Rubbed, Primula Flower With Calyx Cut: (1:3:3:3:3), Extraction Solvent: Ethanol, 59% (V/V)"
10452,"Extract (1:38.5) From Gentian Root, Verbena Herb, Common Sorrel Herb, Elder Flower, Primula Flower With Calyx (1:3:3:3:3), Extracting Agents: Ethanol 59 % (V/V), Purified Water"
10453,"Gentian Root, Verbena Herb, Common Sorrel Herb, Primula Flower With Calyx, Sambucus Nigra Flower"
10454,"Liquid Extract From Gentian Root, Verbena Herb, Common Sorrel Herb, Elder Flower, Primula Flower With Calyx (1:3:3:3:3) (Der 1:5.6), Extraction Solvent: Ethanol 59% (V/V)"
10455,"Menthol, Peppermint Oil, Camphor, Eucalyptus Oil, Pine Oil, Cineole"
10456,"Coffea Arabica Dil. D6, Nerium Oleander Dil. D4, Adonis Vernalis D2, Kalmia Latifolia D2, Spigelia Dil. D4, Crataegus Dil. D2"
10457,"Ethanol, Kalium Bichromicum Dil. D4, Carbo Vegetabilis Dil. D8, Calcium Sulfuricum D4 Dil., Cinnabaris D8 Dil., Silicea D8 Dil., Thuja Occidentalis Dil. D8, Hydrastis Canadensis Dil. D4"
10458,"Hydrargyrum Sulfuratum Rubrum Trit. D3, Baptisia Tinctoria, Echinacea Trit D2, Hydrargyrum Biiodatum Trit. D9, Euspongia Officinalis Trit. D6, Apis Mellifica Trit. D4, Lachesis Mutus Trit. D8, Kalium Bichromicum D8, Hepar Sulfuris Trit. D3, Silicea Trit."
10459,"Hydrargyrum Sulfuratum Rubrum Trit. D6, Echinacea Trit D2, Hydrargyrum Biiodatum Trit. D9, Euspongia Officinalis Trit. D6, Apis Mellifica Trit. D4, Lachesis Mutus Trit. D8, Kalium Bichromicum D8, Hepar Sulfuris Trit. D3, Silicea Trit. D2, Baptisia Trit. D"
10460,"Sinusitis Nosode D10, Sinusitis Nosode D200, Sinusitis Nosode D30"
10461,"Hydrastis Canadensis D3, Belladonna D3, Kalium Sulfuricum D4, Silica D5, Hepar Sulfuris D5, Manganum Sulfuricum D3, Calcarea Carbonica Ostrearum D3, Schoenocaulon Officinale D3, Calcium Fluoratum D3, Kalium Bichromicum D5, Hydrargyrum Sulfuratum Rubrum D8"
10462,"Manganum Sulfuricum D6, Calcium Carbonicum D8, Thuya Occidentalis D4, Hydrastis Canadensis D8, Belladonna D6, Calcium Fluoride D6, Kalium Sulfuricum D4, Silica D5, Hepar Sulfuris D6, Kalium Bichromicum D8, Sabadilla D6, Cinnabaris D8 Dil."
10463,"Schoenocaulon Officinale Dil. D3, Hydrastis Canadensis D3, Belladonna D3, Kalium Sulfuricum D4, Silica D5, Hepar Sulfuris D5, Calcium Carbonicum Hahnemanni D3, Manganum Sulfuricum D3, Calcium Fluoratum D3, Kalium Bichromicum D5, Thuja Occidentalis D2, Cin"
10464,"Hydrargyrum Sulfuratum Rubrum Dil. D8, Luffa Operculata Dil. D6, Kalium Bichromicum Dil. D4"
10465,"Hydrargyrum Sulfuratum Rubrum Dil. D8, Luffa Operculata Dil. D6, Kalium Bichromicum D6"
10466,"Cetrimide, Dimeticone 1000"
10467,"Dextromethorphan Hydrobromide, Ephedrine Hydrochloride"
10468,"Tincture From Valerian Root (1:5), Extraction Solvent: Ethanol 70% (V/V), Tincture From Motherwort Herb (1:5), Extraction Solvent: Ethanol 70% V/V, Tincture From Hawthorn Berries (1:10): Extraction Solvent: Ethanol 70% (V/V)"
10469,"Tincture Of Valerian Root (1:5), Extraction Liquid: Ethanol 70 V/V, Leonurus Cardiaca Tincture, Tincture From Hawthorn Berries (1:10): Extraction Solvent: Ethanol 70% (V/V)"
10470,"Tincture From Valerian Root (1:5), Extraction Solvent: Ethanol 70% (V/V), Liquid Extract Of Hawthorn Berries (1:1): Extraction Solvent: 70 % (V/V) Ethanol, Tincture From Motherwort Herb (1:5), Extraction Solvent: Ethanol 70% V/V"
10471,"Menthae Piperitae Tinctura, Valerianae Tinctura (1:5), Tincture From Motherwort Herb 1:5, Liquid Extract From Hawthorn Berries 1:1"
10472,"Valerian Tincture, Tincture From Motherwort Herb 1:5, Tincture From Hawthorn Berries 1:10"
10473,"Carbidopa Monohydrate, Melevodopa Hydrochloride"
10474,Bedaquiline
10475,"Calcium Lactate, Codeine Phosphate, Liquid Extract From Greater Celandine (1:1), Extraction Solvent: Ethanol 60%, Foeniculi Tinctura, Pini Extractum Fluidum (Der 1:1,6)"
10476,"Codeine Phosphate Hemihydrate, Pini Extractum Fluidum, Fennel Seeds Tincture"
10477,Sitagliptin Phosphate
10478,Sitagliptin Tartrate Hemihydrate
10479,Sitagliptin Malate
10480,"Codeine Phosphate, Ephedrine Hydrochloride"
10481,Solifenacin
10482,Tedizolid Phosphate
10483,1-Propanol
10484,Ethanol (96% Denatured With Mek)
10485,"Benzalkonium Chloride Solution, Isopropyl Alcohol, Undecylenic Acid"
10486,"Benzalkonium Chloride, Isopropyl Alcohol, Undecylenic Acid"
10487,"Isopropyl Alcohol, Ethanol (96% Denatured With Mek)"
10488,"Chlorhexidine Digluconate Solution, Ethanol (96 Per Cent), Hydrogen Peroxide Solution (30 Per Cent)"
10489,"Ethanol (96 Per Cent), Hydrogen Peroxide Solution (30 Per Cent), Chlorhexidine Digluconate (20% Solution)"
10490,"Camphora Dil. D3 Aquos. (Hab, Sv 5b), Hypophysis Bovis Gl Dil. D7 (Hab, Vs. 41a), Skorodit Dil. D5, Veratrum Album E Radice Ferm 33c Dil. D3 (Hab, Vs. 33c), Prunus Spinosa E Floribus Et Summitatibus Ferm 33d Dil. D5 (Hab, Vs. 33d)"
10491,Risankizumab
10492,Lonapegsomatropin
10493,"Valerian Root Dry Extract (5-6:1), Ethanol 70 %(V/V)"
10494,"Dry Extract From Bladderwrack Thallus (Der 5:1), Extraction Solvent: Water"
10495,"Pyridoxine, Magnesium"
10496,"Valine, Alanine, Arginine, Histidine, Isoleucine, Leucine, Lysine, Methionine, Phenylalanine, Proline, Serine, Taurine, Threonine, Tyrosine, Calcium Chloride, Glycine, Olive Oil, Refined, Soya-Bean Oil Refined, Triglycerides, Medium Chain, Tryptophan, Pot"
10497,"Valine, Alanine, Arginine, Histidine, Isoleucine, Leucine, Methionine, Phenylalanine, Proline, Serine, Taurine, Threonine, Tyrosine, Glycine, Olive Oil, Refined, Soya-Bean Oil Refined, Triglycerides, Medium Chain, Tryptophan, Potassium Chloride, Glucose M"
10498,"Valine, Alanine, Arginine, Histidine, Isoleucine, Leucine, Lysine, Methionine, Phenylalanine, Proline, Serine, Taurine, Threonine, Tyrosine, Glycine, Olive Oil, Refined, Soya-Bean Oil Refined, Triglycerides, Medium Chain, Tryptophan, Glucose, Fish Oil, Ri"
10499,"Valine, Alanine, Arginine, Histidine, Isoleucine, Leucine, Lysine, Methionine, Phenylalanine, Proline, Serine, Taurine, Threonine, Tyrosine, Glycine, Olive Oil, Refined, Soya-Bean Oil Refined, Triglycerides, Medium Chain, Tryptophan, Glucose Monohydrate,"
10500,"Valine, Alanine, Arginine, Histidine, Isoleucine, Leucine, Lysine, Methionine, Phenylalanine, Proline, Serine, Taurine, Threonine, Tyrosine, Glycine, Olive Oil, Refined, Soya-Bean Oil Refined, Triglycerides, Medium Chain, Tryptophan, Potassium Chloride, S"
10501,"Olive Oil, Refined, Soya-Bean Oil Refined, Medium Chain Triglycerides, Saturated, Fish Oil, Rich In Omega-3-Acids"
10502,"Menthol, Eucalyptus Oil, Thyme Oil"
10503,"Lidocaine Hydrochloride Monohydrate, Peru Balsam, Thymol, Phenoxyethanol (Ph. Eur.)"
10504,"Salicylic Acid, Betamethasone Dipropionate (Ph. Eur.)"
10505,Disodium Edetate
10506,Sodium Lactate
10507,Sodium Lactate 60%
10508,Disodium Phosphate Dihydrate
10509,Sodium Pyridine-2-Thiol-N-Oxide
10510,Sodium Bicarbonate Bp
10511,"Boric Acid, Sodium Borate"
10512,"Sodium Chloride Bp, Anhydrous Glucose Bp, Potassium Chloride Bp"
10513,Sodium Valproate Bp
10514,"Dexamethasone Sodium Metasulphobenzoate, Framycetin Sulfate, Gramicidin"
10515,"Framycetin Sulfate, Gramicidin, Dexamethasone"
10516,"Framycetin Sulfate, Naphazoline Nitrate, Prednisolone Acetate"
10517,"Ethanol (96 Per Cent), Propanol"
10518,Gallium (68ga) Edotreotide
10519,"Dry Extract From Devil's Claw Root (Der 4,4-5,0:1), Extraction Solvent: Ethanol 60% V/V"
10520,Somapacitan
10521,"Retinol Acetate, Dried Yeast From Saccharomyces Cerevisiae, L-Cystine, Precipitated Sulphur"
10522,"Dried Yeast From Saccharomyces Cerevisiae, Retinol, L-Cystine, Precipitated Sulphur"
10523,Vinblastine Sulfate
10524,"Camphora D3, Cuprum Sulfuricum Dil. D4, Arnica Montana E Floribus Sicc. Glückselig Dil. D2, Aurum Chloratum Dil. D5, Bolus Alba Spag. Glückselig Ø, Digitalis Purpurea Glückselig Dil. D4, Filipendula Ulmaria Ex Herba Rec. Glückselig Ø, Hydrargyrum Bichlora"
10525,"Dry Extract From Goldenrod (5-7:1), Extration Solvent: Ethanol 60% (V/V)"
10526,"Solidago Virgaurea D2, Lycopodium Clavatum D3, Helleborus D4"
10527,"Solidago Virgaurea Dil. D2, Petroselinum Crispum Convar. Crispum Dil D1, Helleborus Niger D1, Juniperus Communis Dil. D2, Apocynum Cannabinum Dil. D1, Smilax Dil. D2, Berberis Vulgaris D1, Terebinthinae Aetheroleum Rectificatum D6"
10528,"Barosma Betulinum D8, Acidum Arsenicosum D28, Baptisia Tinctoria D4, Capsicum Annuum D6, Cuprum Sulfuricum D6, Apisinum D8, Argentum Nitricum D6, Berberis Vulgaris D4, Colibacillinum Nosode D13, Equisetum Hiemale D4, Chondrodendron D6, Coxsackie Virus A9"
10529,"Sarsaparilla Officinalis D4, Terebinthina Laricina D4, Barosma D4, Acidum Arsenicosum D28, Baptisia Tinctoria D4, Capsicum Annuum D4, Cuprum Sulfuricum D6, Apisinum D8, Argentum Nitricum D6, Berberis Vulgaris D4, Equisetum Hiemale D3, Hepar Sulfuris D10,"
10530,"Solidago Virgaurea Dil. D2, Acidum Arsenicosum Dil. D6, Lytta Vesicatoria Dil. D 4, Hydrargyrum Bichloratum Dil D8, Juniperus Communis Dil. D4, Populus Tremuloides Dil. D2, Berberis Vulgaris Dil D3, Chimaphila Umbellata Dil. D3"
10531,"Acidum Nitricum Dil. D4, Juniperus Communis Dil. D3, Atropa Belladonna Dil. D4, Apis Mellifica Dil. D3, Cantharis Dil. D4, Solidago Virgaurea Urtinktur"
10532,"Solidago Virgaurea Mother Tincture, Acidum Nitricum Dil. D4, Juniperus Communis Dil. D3, Atropa Belladonna Dil. D4, Apis Mellifica Dil. D3, Cantharis Dil. D4"
10533,"Solidago Virgaurea D12, Solidago Virgaurea D200, Solidago Virgaurea D30"
10534,"Lobelia Inflata Trit. D4, Acidum Formicicum Trit. D3, Aralia Racemosa Trit. D2, Cuprum Aceticum Trit. D4, Acidum Arsenicosum Trit. D6"
10535,"Tamsulosin Chloride, Solifenacin Succinate"
10536,"Tamsulosin, Solifenacin"
10537,"Tamsulosin Hydrochloride, Solifenacin"
10538,"Pantothenate Sodium, Riboflavin Sodium Phosphate, Biotin, Cyanocobalamin, Folic Acid, Nicotinamide, Sodium Ascorbate, Thiamine Nitrate, Pyridoxine Hydrochloride"
10539,"Bupivacaine Hydrochloride, Methylprednisolone Acetate"
10540,"Codeine Phosphate Hemihydrate Pheur, Caffeine Ph. Eur., Paracetamol Ph. Eur."
10541,"Codeine Phosphate Hemihydrate Pheur, Ibuprofen Ph. Eur."
10542,"Neomycin, Prednisolone Sodium Phosphate"
10543,Triclocarban
10544,"Sodium Hydrogen Carbonate, Potassium Chloride, Sodium Chloride, Sodium Phosphate, Sodium Sulfate Anhydrous, Macrogol 4000"
10545,"Magnesium Acetate Tetrahydrate, Sodium Acetate Trihydrate, Calcium Saccharate Tetrahydrate, Calcium Gluconate Monohydrate"
10546,"Potassium Canrenoate, Trometamol"
10547,Fosfomycin Calcium
10548,"Aesculus Hippocastanum E Semine Ferm 34c Dil. D2 (Hab, Vs. 34c), Aesculus Hippocastanum E Semine Ferm 34c Dil. D14 (Hab, Vs. 34c), Equisetum Arvense Ex Herba Ferm 35b Dil. D14 (Hab, Vs. 35b), Equisetum Arvense Ex Herba Ferm 35b Dil. D2 (Hab, Vs. 35b), Sol"
10549,"Equisetum Arvense Ex Herba Ferm 35b Dil. D11 (Hab, Vs. 35b), Solum Uliginosum Dil. D11 Aquos. [hab, Sv 5b, Lösung D1 Aus Wässrigem Extrakt (1:5) Aus Solum Uliginosum], Aesculus Hippocastanum E Semine Ferm 34c Dil. D11 (Hab, Vs. 34c)"
10550,"Equisetum Arvense Ex Herba La 20% (Hab, Vs. 12c), Solum Uliginosum, Wässriger Extrakt (Moorextrakt) (Droge Zu Extraktionsmittel = 1:5), Aesculus Hippocastanum E Semine La 25% Sicc. (Hab, Vs. 12m)"
10551,"Equisetum Arvense Ex Herba La 20% (Hab, Vs. 12c), Solum Uliginosum, Wässriger Extrakt (Moorextrakt) (Droge Zu Extraktionsmittel = 1:5), Lavender Oil, Aesculus Hippocastanum E Semine La 25% Sicc. (Hab, Vs. 12m)"
10552,Gadus Morhua (726)
10553,Parietaria Judaica (357)
10554,"Lidocaine, Chlorhexidine Digluconate (20% Solution)"
10555,"Salicylic Acid, Ethanol 60 %"
10556,"Isopropyl Alcohol, Sodium Bituminosulfonate Light"
10557,Solutio Ferri Comp. Dil. D3
10558,Hydroxyquinoline Sulfate
10559,Oxyquinoline
10560,"Procaine Hydrochloride, Magnesium Chloride Hexahydrate, Potassium Chloride"
10561,"Pantothenate Sodium, Biotin, Cyanocobalamin, Folic Acid, Nicotinamide, Sodium Ascorbate, Thiamine Nitrate, Pyridoxine Hydrochloride, Riboflavin Sodium Phosphate Dihydrate"
10562,Triamcinolone Acetonide Dipotassium Phosphate
10563,"Magnesium Chloride Hexahydrate, Potassium Chloride, Sodium Chloride, Calcium Chloride Dihydrate"
10564,"Sodium Hydrogen Carbonate, Magnesium Chloride Hexahydrate, Potassium Chloride, Sodium Chloride, Calcium Chloride Dihydrate"
10565,"Dipotassium Phosphate, Potassium Dihydrogen Phosphate, Sodium Hydrogen Carbonate, Potassium Chloride"
10566,"Potassium Dihydrogen Phosphate, Sodium Hydrogen Carbonate, Potassium Chloride, Glucose Monohydrate, Dipotassium Hydrogen Phosphate Trihydrate"
10567,"Dipotassium Phosphate, Potassium Dihydrogen Phosphate, Sodium Hydrogen Carbonate, Potassium Chloride, Glucose Monohydrate"
10568,"Calcium, Glucose, Lactic Acid, Magnesium, Potassium, Sodium, Chloride Ion"
10569,"Calcium, Glucose, Lactic Acid, Magnesium, Sodium, Chloride Ion"
10570,"Acetic Acid, Glacial, Calcium Chloride, Potassium Chloride Ph. Eur., Sodium Hydrogen Carbonate, Magnesium Chloride Hexahydrate, Sodium Chloride, Glucose Monohydrate"
10571,"Acetic Acid, Glacial, Potassium Chloride Ph. Eur., Sodium Hydrogen Carbonate, Magnesium Chloride Hexahydrate, Sodium Chloride, Calcium Chloride Dihydrate, Glucose Monohydrate"
10572,"Acetic Acid, Glacial, Sodium Hydrogen Carbonate, Magnesium Chloride Hexahydrate, Sodium Chloride, Calcium Chloride Dihydrate, Glucose Monohydrate"
10573,"Acetic Acid, Calcium, Glucose, Magnesium, Potassium, Sodium, Chloride Ion"
10574,"Acetic Acid, Calcium, Magnesium, Potassium, Sodium, Chloride Ion"
10575,"Sodium, Chloride Ion, Hydrogen Carbonate"
10576,"Sodium, Hydrogen Carbonate"
10577,"Calcium, Glucose, Magnesium, Potassium, Sodium, Chloride Ion, Acetate"
10578,"Calcium, Magnesium, Potassium, Sodium, Chloride Ion, Acetate"
10579,"Calcium, Glucose, Magnesium, Potassium, Sodium, Chloride Ion"
10580,"Calcium, Lactic Acid, Magnesium, Potassium, Sodium, Chloride Ion"
10581,"Calcium, Glucose, Magnesium, Potassium, Chloride Ion, Acetate"
10582,"Calcium, Glucose, Magnesium, Chloride Ion, Acetate"
10583,"Calcium, Glucose, Magnesium, Potassium, Chloride Ion"
10584,"Disodium Phosphate Dihydrate, Sodium Dihydrogen Phosphate Dihydrate, Potassium Chloride, Sodium Chloride, Sodium Lactate"
10585,"Sodium Chloride, Sodium Acetate Trihydrate, Sodium Lactate 60%"
10586,"Glycerol, Ononis Spinosa Hydroalcoholic Extract, Fumaria Officinalis Hydroalcoholic Extract, Piscidia Ethanol Fluid Extract"
10587,Dry Extract Of Common Horse Chestnut
10588,"Dry Extract Of Horse-Chestnut Equivalent To 1.08 - 1.60 G Of Horse-Chestnut Corresponding To 50 Mg Of Triterpene Glycosides Calculated As Aescin, Extraction Solvent: Ethanol 50% (V/V)"
10589,Zinc Sulphate
10590,Edotreotide
10591,"Levothyroxine, Escin"
10592,Sodium Chloride Solution 0.9%
10593,Somatostatin Acetate
10594,Pegvisomant
10595,"Eschscholtzia Californica D12, Zincum Isovalerianicum Dil. D5, Argentum Nitricum Dil. D4, Lactuca Virosa Dil. D4, Delphinium Staphisagria Spag. Peka Dil. D4, Coffea Arabica D10, Natrium Tetrachloroauratum D6, Avena Sativa Mother Tincture"
10596,"Coffea Tosta D20, Stramonium 12dh, Valeriana Officinalis 3dh"
10597,Perflubutane
10598,"Hypericum Perforatum D4, Hypericum Perforatum D6, Fagopyrum Esculentum D6, Hypericum Perforatum D12"
10599,"Levomenthol, Salicylic Acid, Thymol"
10600,Sulfur Hexafluoride
10601,"Bacitracin, Papain, Lysozyme Hydrochloride"
10602,Capsicum Fruit Soft Extract
10603,Sorbic Acid
10604,Sorbitan Sesquioleate
10605,Bornaprine Hydrochloride
10606,Deucravacitinib
10607,Sofosbuvir
10608,Bamipine Lactate
10609,"Magnesium Carbonate, Light, Bismuth Subgallate"
10610,Cytisus Scoparius Mother Tincture
10611,"Adonis Vernalis Dil D1, Iberis Amara Dil D2, Crataegus Mother Tincture, Cytisus Scoparius Mother Tincture"
10612,"Ammonium Bromatum D4, Citrullus Colocynthis D4, Cuprum Sulfuricum D6, Atropinum Sulfuricum D6, Amanita Muscaria D4, Matricaria Recutita D3, Magnesium Phosphoricum D6, Passiflora Incarnata D2, Gelsemium Sempervirens D6, Veratrum Album D6, Aconitum Napellus"
10613,"Colocynthis D 4, Ammonium Bromatum D4, Chamomilla D3, Cuprum Sulfuricum D6, Atropinum Sulfuricum D6, Amanita Muscaria D4, Magnesium Phosphoricum D6, Passiflora Incarnata D2, Gelsemium Sempervirens D6, Veratrum Album D6, Aconitum Napellus D6"
10614,"Cuprum Sulfuricum D4, Passiflora Incarnata D3, Atropinum D8, Ammonium Bromatum D4, Chamomilla D3, Gelsemium Sempervirens D4, Aconitum Napellus D4, Agaricus Muscarius D3, Citrullus Colocynthis D4, Magnesium Phosphoricum D6, Veratrum Album D6"
10615,"Gelsemium Sempervirens Dil. D 6, Citrullus Colocynthis Dil. D 4, Veratrum Album Dil. D 6, Amanita Muscaria Dil. D4, Matricaria Recutita Dil. D3, Cuprum Sulfuricum Dil. D6, Atropinum Sulfuricum D6, Ammonium Bromatum Dil. D4, Magnesium Phosphoricum Dil. D6,"
10616,"Amanita Muscaria Dil. D3, Gelsemium Sempervirens Dil. D5, Veratrum Album Dil. D5, Atropinum Sulfuricum Dil. D5, Ammonium Bromatum D3, Cuprum Sulfuricum D5, Matricaria Recutita D2, Passiflora Incarnata D1, Aconitum Napellus Dil. D5, Citrullus Colocynthis D"
10617,"Phloroglucinol, Trimethylphloroglucinol"
10618,"Magnesium Sulfate Heptahydrate, Saccharomyces Cerevisiae"
10619,"Saccharomyces Cerevisiae, Magnesium Sulfate Trihydrate"
10620,"Phloroglucinol Dihydrate, 1,3,5 - Trimethoxybenzene"
10621,"Dry Extract Of Valerian Root, Extraction Solvent: Ethanol 60% V/V, Hawthorn (Flowering Top Powder)"
10622,Caroverine
10623,"Cinchona Pubescens Ø, Psychotria Ipecacuanha Dil. D2, Citrullus Colocynthis Dil. D3"
10624,"Magnesium Phosphoricum Dil. D8, Potentilla Anserina Dil. D2, Citrullus Colocynthis Dil. D4"
10625,"Strychnos Nux-Vomica Dil. D4, Plumbum Metallicum Dil. D8, Atropa Belladonna Dil. D4, Carbo Vegetabilis Dil. D8, Citrullus Colocynthis Dil. D4"
10626,"Belladonna Leaf Dry Extract, Standardised, Papaverine Hydrochloride"
10627,"Lupuli Flos, Matricariae Flos, Hyperici Herba, Valerianae Radix, Menthae Piperitae Herba, Melissae Herba"
10628,"Matricariae Flos, Hyperici Herba, Valerianae Radix, Menthae Piperitae Herba, Melissae Herba, Lupuli Strobilus"
10629,"Marshmallow Root, Verbasci Flos, Menthae Piperitae Herba, Plantaginis Lanceolatae Folium, Liquorice Root, Fennel Seed, Tussilago Farfara Leaf"
10630,"Betulae Folium, Sambuci Flos, Restharrow Root, Petroselinum Crispum Root, Polygoni Avicularis Herba, Urticae Herba, Arctostaphylos Uva-Ursi Leaf, Millefolii Herba"
10631,"Chionanthus Virginicus Dil. D 3, Phosphorus Dil. D10, Myristica Fragrans Dil. D4, Glechoma Hederacea Spag. Peka Ø, Hedera Helix Spag. Peka Dil. D6, Eichhornia Crassipes Dil. D2, Iberis Amara Dil. D3, Iris Versicolor Dil D3"
10632,Asparaginase
10633,Avanafil
10634,"Antazoline Hydrochloride, Tetryzoline Hydrochloride"
10635,"Oleum Jecoris Negaprionis, Saccharomycetis Viv, Extract (Live Yeast Extract)"
10636,Spesolimab
10637,Spheroids Of Human Autologous Matrix-Associated Chondrocytes
10638,"Bryonia Cretica D3, Melilotus Officinalis D3, Acidum Silicicum D12, Atropa Bella-Donna D3, Natrium Carbonicum D3, Thuja Occidentalis D12, Gelsemium Sempervirens D3, Spigelia Anthelmia D3"
10639,"Bryonia Trit. D 3, Thuja Occidentale Trit. D 12, Acidum Silicicum Trit. D12, Atropa Bella-Donna Trit D3, Gelsemium Sempervirens Trit D3, Melilotus Officinalis Trit D3, Spigelia Anthelmia Trit D3, Natrium Carbonicum D3"
10640,"Natrium Carbonicum Dil. D 3, Spigelia Anthelmia Dil. D 3, Gelsemium Sempervirens Dil. D 3, Atropa Bella-Donna D3, Thuja Occidentalis D12, Acidum Silicicum Dil. D12, Bryonia Dil. D3, Melilotus Officinalis Dil. D3"
10641,"Natrium Carbonicum Dil. D 3, Spigelia Anthelmia Dil. D 3, Gelsemium Sempervirens Dil. D 3, Thuja Occidentalis Dil. D12, Acidum Silicicum Dil. D12, Atropa Belladonna Dil. D3, Bryonia Dil. D3, Melilotus Officinalis Dil. D3"
10642,Sars-Cov-2 Jn.1 Mrna
10643,"Mrna Encoding Sars-Cov 2, Variant Lp.8.1, Spike Glycoprotein"
10644,Nusinersen
10645,Spironolactone Bp
10646,Micronised Spironolactone
10647,"Altizide, Micronised Spironolactone"
10648,"Rhus Toxicodendron Mother Tincture, Symphytum Ad Usum Externum, Ledum Palustre Mother Tincture"
10649,Leptospira Icterohaemorrhagiae Inactivated
10650,Formic Acid
10651,"Benzyl Alcohol, 2-Propanol (Ph. Eur.), Ethanol (96% Denatured With Mek)"
10652,"Chlorhexidine Gluconate, Hydrogen Peroxide Solution (30 Per Cent), Isopropyl Alcohol"
10653,"Extract From Ribwort Plantain Leaf (1: 5,8-5,9): Extraction Solvent: Water"
10654,"Fluid Extract Of Ribwort Plantain Leaf (1:1), Extraction Solvent: Ethanol 35% (V/V)"
10655,"Splen Suis D10, Splen Suis D200, Splen Suis D30"
10656,"Bryonia D4, Arnica Montana D4, Ledum Palustre D3, Acidum Sulfuricum D6, Argentum Metallicum D12"
10657,"Euspongia Officinalis, Saccharum Candidum Trit. D5 (Hab, Vs. 6), Testa Ovorum Trit. D5 (Hab, Vs. 6)"
10658,"Aurum Metallicum Dil. D9, Euspongia Officinalis Dil. D9 (Hab, Vs. 6), Saccharum Candidum Dil. D9 (Hab, Vs. 6), Sepia Officinalis E Volumine Bursae Rec. Gl Dil. D6 (Hab, Vs. 41c), Testa Ovorum Dil. D9 (Hab, Vs. 6), Pulsatilla Vulgaris E Floribus Ferm 33c D"
10659,"Arnica Montana C9, Sarcolacticum Acidum C3, Zincum Oxydatum C3"
10660,"Carbon Dioxide, Sodium Ion, Chloride Ion"
10661,"Carbon Dioxide, Sodium, Hydrogen Carbonate"
10662,Technetium (99mtc) Exametazime
10663,Tianeptine
10664,Phagi Particulae Contra Staphylococcus Polyvalens
10665,Metformin Embonate
10666,Goat Epithelia
10667,Sheep Wool
10668,"Avena Sativa L., Triticum Aestivum, Phleum Pratense L., Anthoxanthum Odoratum L., Lolium Perenne L., Poa Pratensis L., Zea Mays L., Hordeum Vulgare L., Dactylis Glomerata"
10669,"Betula Pollen Extract, Corylus Pollen Extract, Alnus Glutinosa Pollen Extract"
10670,"Allergens, Pollen & Plant Extract"
10671,"Yellow Fever Virus Strain 17d-204 (Live, Attenuated)"
10672,Trimipramine Maleate
10673,Trimipramine Mesilate
10674,Stannum Metallicum Trit. D1
10675,Stannum Metallicum Praeparatum Dil. D8 Aquos.
10676,Stannum Metallicum Praeparatum Trit. D8
10677,Tin
10678,"Staphylococcus-Nosode Dil. D200, Staphylococcus-Nosode Dil. D12, Staphylococcus-Nosode Dil. D30"
10679,"Aristolochia Clematitis D12, Salvia Officinalis D10, Sambucus Nigra D6"
10680,Ertugliflozin
10681,"Ertugliflozin, Sitagliptin"
10682,"Symphytum Officinale Dil. D6, Alchemilla Vulgaris Dil. D6, Equisetum Arvense Dil. D6, Ilex Aquifolium Dil. D6, Acorus Calamus Dil. D6, Acidum Silicicum Dil. D12, Calcium Carbonicum Hahnemanni Dil. D12, Calcium Phosphoricum Dil. D12"
10683,"Pseudognaphalium Obtusifolium Ex Herba Recent. D1, Ledum Palustre Trit. D2, Ruta Graveolens D2"
10684,"Ledum Palustre Dil. D4, Pseudognaphalium Obtusifolium Ex Herba Recent. D1, Ruta Graveolens D4"
10685,"Eucalyptus Globulus Dil. D6, Atropa Bella-Donna D6, Psychotria Ipecacuanha Dil. D6"
10686,"Berberis Vulgaris Dil. D2, Toxicodendron Quercifolium Dil. D4"
10687,"Sulfur Jodatum D6, Petroleum Rectificatum Dil D6, Graphites D8"
10688,"Sepia Officinalis Dil. D 8, Ignatia Dil. D4, Cimicifuga Dil. D3, Sanguinaria Dil. D6"
10689,Trifluoperazine
10690,Prochlorperazine
10691,Chloramine
10692,Potassium Phosphate
10693,Sodium Chloride Bp
10694,"Mecetronium Etilsulfate, 2-Propanol (Ph. Eur.), 1-Propanol"
10695,"Mecetronium Etilsulfate, Isopropyl Alcohol, Propanol"
10696,Sterile Water
10697,"Sodium Lactate Solution, Magnesium Chloride Hexahydrate, Potassium Chloride, Sodium Chloride, Calcium Chloride Dihydrate"
10698,"Sodium Dihydrogen Phosphate Dihydrate, Magnesium Chloride Hexahydrate, Potassium Chloride, Sodium Chloride, Glucose Monohydrate, Sodium Lactate"
10699,"Sodium Dihydrogen Phosphate Dihydrate, Magnesium Chloride Hexahydrate, Potassium Chloride, Sodium Chloride, Glucose Monohydrate, Sodium Lactate (As 50% Solution)"
10700,"Magnesium Chloride Hexahydrate, Potassium Chloride, Sodium Chloride, Sodium Hydroxide, Calcium Chloride Dihydrate, Glucose Monohydrate, Malic Acid"
10701,"Magnesium Chloride Hexahydrate, Potassium Chloride, Sodium Chloride, Sodium Hydroxide, Calcium Chloride Dihydrate, Glucose Monohydrate, L-Malic Acid"
10702,Stibium Metallicum Praeparatum Dil. D6 Aquos.
10703,Stibium Metallicum Praeparatum Trit. D6
10704,Stibium Metallicum Praeparatum Trit. D1
10705,Nitrogen
10706,"Sticta Ø, Ipecacuanha Dil. D3, Rumex Crispus Dil D1, Euspongia Officinalis Dil D2, Bryonia Dil. D2"
10707,Wild Pansy (Flowering Aerial Parts)
10708,Viola Arvensis
10709,Viola Tricolor
10710,Zolpidem
10711,Corticorelin
10712,Regorafenib
10713,"Kalium Bichromicum D8, Hydrargyrum Sulfuratum Rubrum D10, Luffa Operculata D8"
10714,"Bryonia C3, Pulsatilla Vulgaris C6, Rumex Crispus C6, Euspongia Officinalis C3, Lobaria Pulmonaria C3, Kalium Stibyltartaricum C6, Dactylopius Coccus C3, Drosera C3, Ipeca C3"
10715,"Bryonia C3, Pulsatilla Vulgaris C6, Rumex Crispus C6, Psychotria Ipecacuanha C3, Euspongia Officinalis C3, Lobaria Pulmonaria C3, Kalium Stibyltartaricum C6, Dactylopius Coccus C3, Drosera Rotundifolia Mother Tincture"
10716,"Bryonia C3, Pulsatilla Vulgaris C6, Rumex Crispus C6, Psychotria Ipecacuanha C3, Euspongia Officinalis C3, Lobaria Pulmonaria C3, Kalium Stibyltartaricum C6, Myocardium C6, Dactylopius Coccus C3, Drosera Mother Tincture"
10717,"Bryonia C3, Rumex Crispus C6, Euspongia Officinalis C3, Lobaria Pulmonaria C3, Kalium Stibyltartaricum C6, Myocardium C6, Dactylopius Coccus C3, Pulsatilla Pratensis C6, Ipeca C3, Drosera Mother Tincture"
10718,"Bryonia C3, Rumex Crispus C6, Lobaria Pulmonaria C3, Kalium Stibyltartaricum C6, Drosera C3, Dactylopius Coccus C4, Ipeca C3, Euspongia Officinalis C4"
10719,"Drosera Tincture, Tolu Balsam Syrup, Bryonia C3, Rumex Crispus C6, Psychotria Ipecacuanha C3, Euspongia Officinalis C3, Lobaria Pulmonaria C3, Kalium Stibyltartaricum C6, Myocardium C6, Dactylopius Coccus C3, Pulsatilla Pratensis C6, Polygala Syrup"
10720,"Pulsatilla Pratensis C3, Bryonia C3, Rumex Crispus C6, Euspongia Officinalis C3, Lobaria Pulmonaria C3, Kalium Stibyltartaricum C6, Myocardium C6, Dactylopius Coccus C3, Ipeca C3"
10721,"Tolu Syrup, Bryonia C3, Rumex Crispus C6, Psychotria Ipecacuanha C3, Euspongia Officinalis C3, Lobaria Pulmonaria C3, Kalium Stibyltartaricum C6, Myocardium C6, Dactylopius Coccus C3, Pulsatilla Pratensis C6, Polygala Syrup, Drosera Mother Tincture"
10722,"Matricaria Recutita D12, Acidum Arsenicosum D5, Atropa Bella-Donna D4, Carbo Vegetabilis D8, Argentum Nitricum D6, Lycopodium Clavatum D5, Semecarpus Anacardium D6, Strychnos Nux-Vomica D4"
10723,"Atropa Belladonna Dil. D4, Semecarpus Anacardium Dil. D6, Carbo Vegetabilis Dil. D8, Chamomilla Dil. D2, Lycopodium Dil. D5"
10724,"Angelica Root, Matricariae Flos, Agrimoniae Herba, Centaurii Herba, Hyperici Herba, Menthae Piperitae Herba, Rubi Fruticosi Folium, Fennel Seed, Calamus"
10725,"Butamirate Citrate, Guaifenesin"
10726,"Thymus Serpyllum Fluid Extract, Plantaginis Extractum Fluidum, Thymi Extractum Fluidum"
10727,"Strychnos Nux-Vomica C9, Ferrum Phosphoricum C9, Solanum Dulcamara C5, Hydrastis Canadensis C9, Kalium Bichromicum C9"
10728,Chlorophyllin Copper Complex Sodium
10729,"Calcium Phosphoricum Trit. D6, Datura Stramonium Trit D5, Strychnos Ignatii Trit D5, Zincum Isovalerianicum Trit D5, Passiflora Incarnata Mother Tincture"
10730,Asfotase Alfa
10731,Flurbiprofen Ph. Eur.
10732,"Amylmetacresol, Lidocaine, 2,4 Dichlorobenzyl Alcohol"
10733,"Amylmetacresol, Ascorbic Acid, 2,4 Dichlorobenzyl Alcohol"
10734,"Levomenthol, 2,4 Dichlorobenzyl Alcohol, Amylmetacresol Bp"
10735,Sulfanilamide
10736,"Streptococcus Haemolyticus Nosode D12, Streptococcus Haemolyticus Nosode D200, Streptococcus Haemolyticus Nosode D30"
10737,Streptokinase
10738,"Neomycin Sulfate, Sulfathiazole"
10739,Streptozocin
10740,"Extract From Fresh Lemon Balm Herb (1: 1), Extraction Solvent: Ethanol 96% (V/V), Valerian Root Tincture (1:4-5), Extraction Solvent: Ethanol 70% V/V, Tincture Of Motherwort (1:4-5), Extraction Solvent: Ethanol 70% V/V, Extract Of Lavender Flower (1:4-5),"
10741,"Matricaria Recutita D6, Pulsatilla Pratensis D6"
10742,"Melissa Leaf, Menthae Piperitae Folium, Valerianae Radix, Lavandula Angustifolia Flower"
10743,"Avena Sativa 3dh, Ignatia Amara 15dh, Aurum Metallicum D10, Kalium Phosphoricum D6"
10744,Streptomycin
10745,Adenosine Triphosphate
10746,"Emtricitabine, Tenofovir Disoproxil, Cobicistat, Elvitegravir"
10747,Autologous Cd34+ Enriched Cell Fraction That Contains Cd34+ Cells Transduced With Retroviral Vector That Encodes For The Human Ada Cdna Sequence
10748,Olodaterol
10749,Saw Palmetto Soft Extract (7.5-12.5:1)
10750,Pholcodine Ph. Eur.
10751,Strontium Ranelate
10752,"Arnica Montana Dil. D3, Nitroglycerinum Dil. D3, Strophanthus Gratus Dil. D4, Kalium Carbonicum Dil. D4, Selenicereus Grandiflorus D2, Spigelia Anthelmia Dil. D4, Crataegus Dil. D1, Kalmia Latifolia Dil. D3"
10753,"Aurum Metallicum Dil. D9, Stibium Metallicum Dil. D7, Strophanthus Kombe E Semine Ferm 35b Dil. D2 (Hab, Vs. 35b)"
10754,"Aurum Metallicum Dil. D9, Stibium Metallicum Dil. D7, Strophanthus Kombe E Semine Ferm 35b Dil. D4 (Hab, Vs. 35b)"
10755,Strophanthus Gratus D4
10756,Strophanthus Gratus Dil. D4
10757,"Strophanthus Kombe E Semine Ferm 35b Dil. D3 (Hab, Vs. 35b)"
10758,"Nicotiana Tabacum E Foliis Ferm 33b Dil. D9 (Hab, Vs. 33b), Strophanthus Kombe E Semine Ferm 35b Dil. D5 (Hab, Vs. 35b), Plumbum Mellitum Dil. D14 Aquos. (Hab, Vs. 6)"
10759,"Strophanthus Gratus Dil. D12, Strophanthus Gratus Dil. D200, Strophanthus Gratus Dil. D30"
10760,"Valine, Alanine, Arginine, Histidine, Isoleucine, Leucine, Methionine, Phenylalanine, Proline, Serine, Taurine, Threonine, Tyrosine, Glycine, Tryptophan, Purified Structured Triglyceride, Potassium Chloride, Calcium Chloride Dihydrate, Glucose Monohydrate"
10761,"Valine, Alanine, Arginine, Histidine, Isoleucine, Leucine, Methionine, Phenylalanine, Proline, Serine, Taurine, Threonine, Tyrosine, Glycine, Tryptophan, Purified Structured Triglyceride, Glucose Monohydrate, Lysine Acetate"
10762,Purified Structured Triglyceride
10763,"Calcium Iodatum D3, Euspongia Officinalis D2, Fucus Vesiculosus D3"
10764,"Euspongia Officinalis Trit. D 3, Calcium Iodatum Trit. D4, Fucus Vesiculosus D4"
10765,Sunitinib Malate
10766,"Betula Pollen Extract, Alnus Glutinosa Pollen Extract, Corylus Avellana Pollen Extract"
10767,"Sodium Hydrogen Carbonate, Magnesium Chloride Hexahydrate, Potassium Chloride, Sodium Chloride, Calcium Chloride Dihydrate, Glucose Monohydrate, Lactic Acid 90%"
10768,Echinaceae Purpureae Herbae Recentis Succus (1:1)
10769,"Juice From Dandelion Root, Extraction Solvents: Ethanol 96% (V/V), Water"
10770,"Liquid Extract From Nettle Herb (1:1), Extraction Solvent: Ethanol 96% (V/V)"
10771,"Benzyl Alcohol, Zinc Oxide, Benzyl Benzoate, Benzyl Cinnamate, Lanolin"
10772,"Potassium Chloride, Sodium Chloride, Glucose, Trisodium Citrate Dihydrate"
10773,Sulbactam Sodium
10774,"Cefoperazone, Sulbactam"
10775,Sulfafurazole
10776,"Naphazoline Nitrate, Sulfathiazole"
10777,Anethole Trithione
10778,Sulfasalazine Usp
10779,"Capsicum Annuum Trit. D4, Acidum Arsenicosum D6, Daphne Mezereum D4, Caladium Seguinum D4, Pix Liquida D6, Sulfur Trit. D4"
10780,"Natrium Sulfuricum D3, Acidum Arsenicosum D5, Aluminium-Kalium-Sulfuricum D4, Magnesium Sulfuricum D3, Sulfur D3"
10781,"Sulfur Dil. D6, Apis Mellifica Dil. D8, Acidum Arsenicosum Dil. D12, Rhus Toxicodendron Dil. D8"
10782,"Sulfur Dil. D30, Sulfur Dil. D200, Sulfur Dil. D12"
10783,"Insulin Glargine, Lixisenatide"
10784,"Gentamicin Sulfate, Equine Collagen"
10785,Tamsulosin
10786,"Sodium Chloride-Water (Brine) Sulfide, Iodide, Healing Iodine-Bromine Bocheńska Salt"
10787,Solriamfetol
10788,Solriamfetol Hydrochloride
10789,"Influenza A Virus Subtype H1n1 Haemagglutinin, Recombinant, Influenza B Virus Victoria Lineage Haemagglutinin, Recombinant, Influenza A Virus Subtype H3n2 Haemagglutinin, Recombinant, Influenza B Virus Yamagata Lineage Haemagglutinin, Recombinant"
10790,"Lidocaine Hydrochloride Monohydrate, Dexamethasone Acetate Ph. Eur."
10791,"Ascorbic Acid, Biotin, Calcium Pantothenate, Colecalciferol, Cyanocobalamin, Folic Acid, Nicotinamide, Riboflavin, Thiamine Nitrate, Zinc, Calcium, Copper, Iron, Magnesium, Manganese, Phosphorus, Pyridoxine Hydrochloride, Retinol, Alphatocopherol Acetate,"
10792,Trimipramine
10793,Beractant
10794,"Amlodipine Besilate, Atorvastatin Calcium"
10795,Suxamethonium Chloride - Bp
10796,Herba Euphrasiae
10797,Asenapine Maleate
10798,"Dry Extract Of Milk Thistle Fruit (20-34:1), Extraction Solvent: Methanol 90%"
10799,Sylimarin-Phospholipid Complex Containing 30% Of Flavonolignans Standardised For Syllibin And 1.5% Of Phosphorus
10800,"Thiamine Hydrochloride, Calcium Pantothenate, Nicotinamide, Riboflavin, Pyridoxine Hydrochloride, Dry Extract Of Milk Thistle Fruit (20-34:1), Extraction Solvent: Methanol 90%"
10801,"Thiamine Hydrochloride, Calcium Pantothenate, Nicotinic Acid, Riboflavin, Pyridoxine Hydrochloride, Dry Extract Of Milk Thistle Fruit (20-34:1), Extraction Solvent: Methanol 90%"
10802,"Thiamine Hydrochloride, Calcium Pantothenate, Nicotinamide, Riboflavin, Silybi Mariani Fructus Extractum, Der 20 - 34 : 1, Pyridoxine Hydrochloride"
10803,Lenvatinib Besilate
10804,Siltuximab
10805,Enterococcus Faecalis Dsm 16440
10806,"Tezacaftor, Ivacaftor"
10807,"Crataegi Folium Cum Flore, Eschscholtzia Extract, Magnesium Oxide"
10808,"Magnesium Oxide, Heavy, Dry Extract From Eschscholzia Californica Flowering Top (Der 3.5:1), Extraction Solvent: Ethanol 60% V/V, Dry Extract From Hawthorn Leaf And Flower (Der 2.8-3.8: 1), Extraction Solvent: Ethanol 60% V/V"
10809,"Allium Cepa Ferm 34a Dil. D3, Arnica Montana E Planta Tota Ferm 33c Dil. D3 (Hab, Vs. 33c), Stannum Metallicum Dil. D9, Symphytum Officinale E Radice Ferm 34c Dil. D2 (Hab, Vs. 34c)"
10810,"Allium Cepa Ferm 34a Dil. D3, Arnica Montana E Planta Tota Ferm 33c Dil. D5 (Hab, Vs. 33c), Stannum Metallicum Dil. D14 Aquos., Symphytum Officinale E Radice Ferm 34c Dil. D2 (Hab, Vs. 34c)"
10811,"Allium Cepa Dil. D 3, Arnica, Planta Tota Dil. D3, Bellis Perennis Dil. D3, Calendula Officinalis 2a Dil. D2, Hamamelis, Ethanol. Decoctum Dil. D2, Ruta Graveolens Dil. D2, Symphytum Officinale, Radix, Ethanol. Decoctum Dil. D3"
10812,"Symphytum Officinale Dil. D12, Symphytum Officinale Dil. D30, Symphytum Officinale Dil. D200"
10813,"Emtricitabine, Tenofovir Alafenamide, Darunavir, Cobicistat"
10814,Tetracosactide
10815,Tetracosactide Acetate
10816,Tetracosactide Hexaacetate
10817,Palivizumab
10818,"Neomycin, Polymyxin B, Fluocinolone Acetonide"
10819,"Neomycin, Fluocinolone Acetonide"
10820,"Neomycin, Phenylephrine Hydrochloride, Polymyxin B Sulfate, Fluocinolone Acetonide"
10821,"Neomycin, Polymyxin B Sulfate, Fluocinolone Acetonide"
10822,"Fluocinolone Acetonide, Bismuth Subgallate, Lidocaine Hydrochloride"
10823,Ginkgo Biloba Leaf
10824,Nafarelin
10825,Nafarelin Acetate
10826,"Doxylamine Hydrogen Succinate, Paracetamol, Caffeine, Codeine Phosphate"
10827,"Aluminium Phosphate, Pneumococcal Polysaccharide Serotype 1 Conjugated To Protein D (Derived From Non-Typeable Haemophilus Influenzae) Carrier Protein Adsorbed On Aluminium Phosphate, Pneumococcal Polysaccharide Serotype 7f Conjugated To Protein D (Derive"
10828,"[166ho]holmium Chloride Precursor, Sodium Phytate Anhydrous"
10829,Flunisolide Hemihydrate
10830,Cloprednol
10831,"Valine, Alanine, Arginine, Histidine, Isoleucine, Leucine, Methionine, Phenylalanine, Proline, Serine, Threonine, Tyrosine, Glycine, Tryptophan, Lysine Hydrochloride"
10832,"Valine, Alanine, Arginine, Histidine, Isoleucine, Leucine, Methionine, Phenylalanine, Proline, Serine, Threonine, Tyrosine, Dipotassium Phosphate, Glycine, Tryptophan, Sodium Acetate, Sodium Chloride, Lysine Hydrochloride, Magnesium Chloride"
10833,"Glycine, L-Lysine Hydrochloride, L-Tryptophan, L-Arginine, L-Histidine, L-Isoleucine, L-Leucine, L-Methionine, L-Proline, L-Serine, L-Threonine, L-Tyrosine, L-Valine, L-Phenylalanine, L-Alanine"
10834,"Levomenthol, Resorcinol, Salicylic Acid, Veratrol"
10835,"Ergometrine Maleate, Oxytocin"
10836,Rifampicin Ph. Eur.
10837,"Macerate Of Marshmallow Root (1:6-7), Extraction Solvents: Water And Ethanol (40:1)"
10838,Althaea Officinalis L. Radix
10839,"Macerate From Marshmallow Root, Extraction Solvents: Water And Ethanol (47:1), Benzoic Acid"
10840,"Codeine Phosphate, Pini Extractum Fluidum, Anisi Tinctura"
10841,"Thymol, Liquid Extract From Thyme (Der 1:2-2,5), Extraction Solvents: Ammonia Solution 10 % (M/M), Glycerol 85%, Ethanol 90%, Water (1:20:70:109)"
10842,"Thymol, Liquid Extract From Thyme (Der 1:2), Extraction Solvent: Ethanol 38 % V/V"
10843,"Liquid Extract Of Ribwort Plantain (1:3), Extraction Solvent: Ethanol 60% (V/V), Soft Extract Of Purple Coneflower (5-7:1), Extraction Solvent: Ethanol 60% (V/V)"
10844,"Liquid Extract Of Allium Cepa Bulb (1:6), Extraction Solvent: Ethanol 70% (V/V)"
10845,Mullein Extract
10846,"Liquid Extract (1:1.46) Of Mullein Flower, Lime Flower, Willow Bark, Elder Flower (2.5:3.0:1.5:3.0), Extraction Solvent: Ethanol 60% (V/V)"
10847,"Calcium Lactate Pentahydrate, Pine Shoot Liquid Extract, Fennel Seeds Tincture"
10848,Chlorphenoxamine Hydrochloride
10849,Sodium Feredetate Trihydrate
10850,"Syzygium Cumini Dil. D30, Syzygium Cumini Dil. D4, Syzygium Cumini Dil. D200, Syzygium Cumini Dil. D12"
10851,"Extract From Sage Leaf (Salvia Officinalis), Extraction Solvents: Ethanol And Paraffin, White Soft"
10852,"Diphtheria Toxoid Adsorbed On Aluminium Hydroxide, Hydrated, Algeldrate"
10853,"Tetanus Toxoid Adsorbed On Aluminium Hydroxide, Hydrated, Algeldrate"
10854,"Cinchocaine Hydrochloride, Neomycin Sulfate, Tetracaine Hydrochloride, Benzocaine, Eugenol, Wool Alcohols, Nickel Sulfate, Kalium Bichromicum, Cinnamaldehyde, Geraniol, Hydroxycitronellal, Cinnamyl Alcohol, Isoeugenol, A-Amyl Cinnamaldehyde, Oak Moss"
10855,"Disulfiram, Thiomersal, Isothiazolinone, Mercaptobenzothiazole, P-Phenylenediamine, P-Tert-Butylphenol Formaldehyde Resin, Epoxy Resin, Quaternium-15, Diphenylguanidine, Zinc Diethyldithiocarbamate, Zinc Dibutyldithiocarbamate, N-Isopropyl-N'-Phenyl-1,4-P"
10856,Tabacum Cupro Cultum Rh Dil. D3
10857,"Dry Extract Of Convallaria Majalis (10-11:1), Extraction Solvent: Ethanol 60% V/V"
10858,"Dandelion Root With Caraway Fruit (2:1) Powder, Peppermint Leaf Powder, Frangula Bark Powder Corresponding To 3.8 Mg Of Glucofrangulins, Expressed As Glucofrangulin A, Milk Thistle Dry Extract, Refined And Standardised (22-27:1) Of Nominal Content Of Sily"
10859,"Hawthorn Berries, Crataegi Folium Cum Flore, Melilotus Officinalis, Leonurus Cardiaca L. Herba"
10860,Capmatinib
10861,"Human Fibrinogen, Human Thrombin"
10862,"White Beeswax, Tacrolimus Monohydrate"
10863,Glutathione
10864,Pygeum Africanum Extract
10865,Tafamidis Meglumine
10866,"Thymol, Tafluprost"
10867,"Latanoprost, Tafluprost"
10868,Osimertinib
10869,"Calcium Pantothenate, Nicotinamide, Riboflavin, Ginseng Root Powder, Pyridoxine Hydrochloride, Dry Extract Of Hawthorn Leaf And Flower (4-7:1), Extraction Solvent: Methanol 70%v/V, Dl-Alpha Tocopherol Acetate"
10870,"Dexpanthenol, Nicotinamide, Pyridoxine, Dry Extract Of Hawthorn Leaf And Flower (4-7:1), Extraction Solvent: Methanol 70%v/V, Dry Extract From Ginseng Root (3-4,5:1), Extraction Solvent Ethanol 30 % (M/M)"
10871,Lanadelumab
10872,Valaciclovir
10873,Thalidomide
10874,Felbamate
10875,Ixekizumab
10876,Talquetamab
10877,Talazoparib
10878,Caraway Oil
10879,"Cassia Angustifolia, Cassia Fistula"
10880,"Tamarind Extract, Senna Leaf Powder, Cassia Pulp Extract, Coriander Fruit Powder"
10881,"Myristica Sebifera D3, Acidum Silicicum Dil. D8"
10882,Tamoxifen Citrate Bp
10883,Iodoform
10884,Gelatin Tannate
10885,"Pioglitazone Hydrochloride, Glimepiride"
10886,Tanninum Albuminatum
10887,"Ethacridine Lactate Monohydrate, Albumin Tannate"
10888,"Ethacridine Lactate, Albumin Tannate"
10889,Albumin Tannate
10890,Tannin
10891,"Phenol-Methanal-Urea-Polycondensate, Sulfonated, Sodium Salt (Synthetic Tannin)"
10892,Dimethylol Urea/Phenol Sodium Phenolsulfonate Copolymer
10893,"Benzydamine Hydrochloride, Benzocaine"
10894,Tapentadol Tartrate
10895,"Taraxacum Stanno Cultum, Planta Tota Dil. D2"
10896,Taraxacum Stanno Cultum Rh Dil. D2
10897,Taraxacum Stanno Cultum Rh Dil. D3
10898,Cefamandole Nafate
10899,"Folic Acid, Ferrous Ion"
10900,"Verapamil Hydrochloride, Trandolapril"
10901,"Quarz Trit. D12, Tartarus Stibiatus Trit. D6"
10902,Tartarus Stibiatus Trit. D3
10903,"Belladonna D4, Psychotria Ipecacuanha D4, Lobelia Inflata D4, Natrium Sulfuricum D4, Arsenum Iodatum D6, Blatta Orientalis D6, Illicium Verum D3, Kalium Stibyltartaricum D4, Naphthalinum D6"
10904,"Psychotria Ipecacuanha D4, Lobelia Inflata D4, Natrium Sulfuricum D4, Aspidosperma Quebracho-Blanco D5, Atropa Bella-Donna D4, Ephedra Distachya D3, Arsenum Iodatum D6, Blatta Orientalis D6, Hepatica Nobilis D3, Illicium Verum D3, Kalium Stibyltartaricum"
10905,"Natrium Sulfuricum Dil. D 4, Blatta Orientalis D6, Illicium Verum D3, Naphthalinum D6, Atropa Belladonna Dil. D4, Arsenum Iodatum Dil. D6, Psychotria Ipecacuanha Dil. D4, Lobelia Inflata Dil. D4, Kalium Stibyltartaricum Dil. D4"
10906,Tolcapone
10907,"Gelsemium Sempervirens Dil. D5, Anamirta Cocculus Dil. D4"
10908,"Gelsemium Sempervirens Trit. D5, Anamirta Cocculus Trit. D4"
10909,Tauroursodeoxycholic Acid Dihydrate
10910,Taurolidine
10911,Centaurium Erythraea
10912,Flortaucipir (18f)
10913,Spike Lavender Oil
10914,"Liquid Extract From Thyme (Der 1:1), Extraction Solvent: Water - Ethanol 96% - Glycerol 85% (18:6:1), Extract From Ribwort Plantain (Der 1:1), Extraction Solvent: 36%"
10915,Fostamatinib Disodium Hexahydrate
10916,Avacopan
10917,"Ascorbic Acid, Ferrous Sulfate Hydrate"
10918,"Phenol, Halogenated Phenols"
10919,"Tea Tree Oil, Zinc Oxide, Camphor, Eucalyptus Oil, Methyl Salicylate, Distilled Hamamelis Water"
10920,"Dextran, Hypromellose"
10921,"Glycine, Prunus Arborea, L-Glutamic Acid, L-Alanine"
10922,Brexucabtagene Autoleucel
10923,Atezolizumab
10924,"3,3-Diphosphono-1,2-Propanedicarboxylic Acid, Tetrasodium Salt (Dpd)"
10925,"Stannous Oxide, 3,3-Diphosphono-1,2-Propanedicarboxylic Acid, Tetrasodium Salt (Dpd)"
10926,Lidofenin
10927,"Lidofenin, Technetium (99mtc) Pertechnetate"
10928,"Stannous Chloride Dihydrate, Sodium Pyrophosphate Decahydrate"
10929,Tecovirimat
10930,Teclistamab
10931,Inotersen
10932,Teplizumab
10933,"Ethylenediamine-N,n'-Diacetic Acid"
10934,"Hynic-[d-Phe1,tyr3-Octreotide]*tfa"
10935,"Levomenthol, Zinc Oxide"
10936,"Ioxitalamate Sodium, Ioxitalamate Meglumine"
10937,Ioxitalamate Sodium
10938,Ioxitalamate Meglumine
10939,Temazepam Ph. Eur.
10940,"Metamizole Sodium, Triacetonamine Tosilate"
10941,Temsirolimus
10942,"Allium Cepa Ferm 34a Dil. D7, Arnica Montana E Planta Tota Ferm 33c Dil. D5 (Hab, Vs. 33c), Stannum Metallicum Dil. D14 Aquos., Symphytum Officinale E Radice Ferm 34c Dil. D5 (Hab, Vs. 34c), Tendo Bovis Gl Dil. D16 (Hab, Vs. 41b), Vaginae Synoviales Tendi"
10943,Oritavancin
10944,"Tenofovir Disoproxil Maleate, Tenofovir Disoproxil"
10945,Tenofovir Disoproxil Fumarate
10946,Tenofovir
10947,"Atenolol Ph. Eur., Chlortalidone Ph. Eur."
10948,"Colecalciferol, Ibandronic Acid"
10949,"Bendroflumethiazide, Reserpine"
10950,"Bendroflumethiazide, Amiloride Hydrochloride Dihydrate"
10951,"Disulfiram, Benzyl Benzoate"
10952,Thiotepa
10953,"Diazepam, Sulpiride, Pyridoxine Hydrochloride"
10954,Teprotumumab
10955,Epcoritamab
10956,Tepotinib
10957,"Terbutaline Sulfate, Guaifenesin"
10958,"Neomycin Sulfate, Nystatin, Metronidazole"
10959,"Neomycin Sulfate, Nystatin, Ternidazole, Prednisolone Metasulfobenzoate Sodium"
10960,"Hypericum Perforatum, Extract, Cimicifuga Racemosa Extract"
10961,Terizidone
10962,Turpentine Oil
10963,Terpinene
10964,"Polymyxin B, Hydrocortisone, Oxytetracycline"
10965,"Oxytetracycline, Hydrocortisone Ph. Eur."
10966,"Hydrocortisone Acetate, Polymyxin B, Oxytetracycline"
10967,"Polymyxin B Sulfate, Oxytetracycline Hydrochloride"
10968,"Polymyxin B, Oxytetracycline"
10969,"Polymyxin B Sulfate, Oxytetracycline"
10970,Trifluoperazine Hydrochloride Bp
10971,Tert-Butylhydroquinone
10972,"Turnera Diffusa Dil. D6, Sepia Officinalis Dil. D30, Cinchona Pubescens Dil. D12, Testis Suis Dil. D12, Conium Maculatum Dil. D30, Phosphorus Dil. D6, Acidum Phosphoricum Dil. D12, Vitex Agnus-Castus Dil. D8"
10973,Testosterone Propionate
10974,Testosterone Cipionate
10975,"Zincum Metallicum Dil. D10, Phosphorus Dil. D8, Cortisonum Aceticum Dil. D13, Lytta Vesicatoria Dil. D8, Panax Ginseng D4, Acidum Ascorbicum D6, Conium Maculatum D28, Cor Suis D8, Caladium Seguinum D6, Diencephalon Suis D10, Embryo Totalis Suis D8, Ferrum"
10976,"Testis Suis D10, Testis Suis D200, Testis Suis D30"
10977,Tetanus Toxoid
10978,"Aluminium Phosphate, Tetanus Toxoid Adsorbed On Aluminium Phosphate"
10979,Tetracycline Hydrochloride Ph. Eur.
10980,Thiram
10981,"Diphtheria Toxoid, Tetanus Toxoid, Pertussis Toxoid, Pertussis Filamentous Haemagglutinin, Poliovirus (Inactivated) Type 3 (Saukett Strain), Poliovirus (Inactivated) Type 2 (Mef-1 Strain), Poliovirus (Inactivated) Type 1 (Mahoney Strain), Algeldrate"
10982,Sodium Hydrogen Carbonate Solution (0.2 M)
10983,Tetrofosmin (Bis)tetrafluoroborate
10984,"Kalium Stibyltartaricum Dil. D6, Harpagophytum Procumbens Mother Tincture, Rhus Toxicodendron Dil. D6, Ledum D4 Dil."
10985,Tislelizumab
10986,"Tegafur, Gimeracil, Oteracil"
10987,Tezepelumab
10988,Thymostimulin
10989,"Corpus Pineale Suis D8, Glandula Suprarenalis Suis D10, Thalamus Opticus Suis D8, Viscum Album D10"
10990,"Taraxici Herba Cum Radice, Matricariae Flos, Agrimoniae Herba, Cortex Frangulae, Marrubium Vulgare, Menthae Piperitae Herba, Peumus Boldus Leaf"
10991,"Gelsemium Sempervirens Dil. D 6, Baptisia Tinctoria Dil. D4, Ferrum Phosphoricum Dil. D8, Eupatorium Perfoliatum Dil. D4, Aconitum Napellus Dil. D6"
10992,Theophylline Monohydrate
10993,"Pheniramine Maleate, Phenylephrine Hydrochloride, Paracetamol"
10994,"Lidocaine, Zinc Oxide, Bismuth Subnitrate"
10995,"Felbinac-1,1'-Iminobis(2-Propanol)"
10996,Thiamine Hydrochloride Bp
10997,Azidamfenicol
10998,"Codeine Phosphate Sesquihydrate, Sulfogaiacol"
10999,"Sulfogaiacol, Codeine Phosphate Hemihydrate"
11000,Lipoic Acid Trometamol Salt
11001,Tiopronin
11002,Thiomersal
11003,Thiopental Sodium And Sodium Carbonate
11004,Thioridazine Hydrochloride
11005,"Disulfiram, Dipentamethylenethiuram Disulfide, Thiram, Tetramethylthiuram Monosulfide"
11006,"Silybum Marianum D12, Pulsatilla Pratensis D30, Secale Cornutum D30, Aesculus Hippocastanum D30, Hamamelis Virginiana D6"
11007,"Argentum Metallicum Trit. D3, Mercurius Vivus Trit. D6, Thuja Occidentalis Trit. D6"
11008,"Thuja Occidentalis E Summitatibus Ferm 33e Dil. D3 (Hab, Vs. 33e)"
11009,Thuja Occidentalis Argento Culta Rh Dil. D3
11010,"Thuja Occidentalis E Summitatibus La 20% (Hab, Vs. 12c)"
11011,"Thuja Occidentalis Dil. D12, Thuja Occidentalis Dil. D1000, Thuja Occidentalis Dil. D30, Thuja Occidentalis Dil. D200"
11012,Thuja Occidentalis Mother Tincture
11013,Salicylic Acid Bp
11014,Liothyronine Hydrochloride
11015,"Althaea Extract, Thyme Dry Extract"
11016,"Thymi Aetheroleum 5% (Hab, Vs. 12i Mit Nativem Olivenöl)"
11017,Thyme Herb Pulveratum
11018,Thymol
11019,"Liquid Extract From Thyme (1:1), Extraction Solvent: Ethanol 22% V/V"
11020,"Thyreoidinum E Gland. Thyreoid. Suis D12, Leonurus Cardiaca Trit. D1, Hedera Helix, Lycopus Virginicus, Spongia, Jodum D15"
11021,"Avena Sativa Dil. D1, Lycopus Virginicus Dil. D2, Ferrum Iodatum Dil. D10, Lupulus Dil. D1"
11022,"Acidum Hydrofluoricum Dil. D 15, Ephedra Distachya Dil. D 3, Euspongia Officinalis Dil. D 3, Thyreoidinum E Gland. Thyreoid. Suis D12, Ferrum Sulfuricum D10, Fucus Vesiculosus Dil. D2"
11023,"Atropa Belladonna Ex Herba Ferm 33a Dil. D14 (Hab, Vs. 33a), Calcium Carbonicum Hahnemanni Dil D6, Chalkosin Dil. D5, Glandula Thyreoidea Bovis Gl Dil. D7 (Hab, Vs. 41a)"
11024,"Acidum Alpha-Ketoglutaricum D8, Acidum Fumaricum D8, Sarcolacticum Acidum D4, Acidum Malicum D8, Calcium Fluoratum D10, Conium Maculatum D4, Euspongia Officinalis D8, Colchicum Autumnale D4, Cortisonum Aceticum D28, Fucus Vesiculosus D6, Funiculus Umbilic"
11025,"Glandula Thyreoidea Bovis Gl Dil. D7 (Hab, Vs. 41a), Ferrum Metallicum Dil. D9"
11026,"Spongilla Lacustris Dil. D4 Vinos, Lycopus Europaeus Mother Tincture"
11027,"Lycopus Virginicus Mother Tincture, Euspongia Officinalis Trit. D12, Fucus Vesiculosus Trit. D12"
11028,Thyrotropin Alfa
11029,Tidiacic Arginine
11030,Tiapride
11031,Ornidazole
11032,Ivosidenib
11033,Valerianae Extractum Siccum
11034,Ticlopidine
11035,Trimethoprim Bp
11036,"Cajuput Oil, Camphor, Menthol Ph. Eur., Clove Oil Ph. Eur."
11037,"D-Camphor, Menthol, Cajuput Oil, Clove Oil"
11038,"Levomenthol, Camphor, Racemic, Peppermint Oil, Cajuput Oil"
11039,"Levomenthol, Peppermint Oil, Cajuput Oil, Camphor, Clove Oil"
11040,"Levomenthol, Cajuput Oil, Camphor, Clove Oil"
11041,"Levomenthol, Camphor, Racemic, Mint Oil, Partly Dementholised, Cajuput Oil, Clove Oil"
11042,"Levomenthol, Camphor, Racemic, Cajuput Oil, Clove Oil"
11043,"Cinchocaine Hydrochloride, Diphenhydramine Hydrochloride, Nicotinamide"
11044,Nedocromil Sodium
11045,"Tilia Tomentosa Bud, Glycerol Macerate, D1"
11046,"Naloxone Hydrochloride Dihydrate, Tilidine Hydrochloride Hemihydrate"
11047,"Liquid Extract From Marshmallow Root (1:20), Extraction Solvent: Water, Liquid Extract From Thyme Herb (Der 1:2-2,5), Extraction Solvents: Ammonia Solution 10 % (M/M), Glycerol 85%, Ethanol 90%, Water (1:20:70:109)"
11048,"Nystatin, Hydrocortisone, Benzalkonium Chloride Solution, Dimeticone 350"
11049,"Timolol Maleate, Bendroflumethiazide"
11050,"Tincture From Calendula Flower (1:5), Extraction Solvent: Ethanol 70% (V/V)"
11051,Crataegi Inflorescentia Tinctura (1:5)
11052,"Tincture From Ginkgo Leaf (1:5), Extraction Solvent: Ethanol 70% (V/V)"
11053,Hyperici Herbae Tinctura (1:5)
11054,"Tincture From Sage Leaf (Salvia Officinalis) (1:5), Extraction Solvent: Ethanol 70% (V/V)"
11055,Sage Leaf Tincture (1:5)
11056,"Lauromacrogol 400, Lidocaine Hydrochloride Monohydrate, Matricaria Recutita Flower Tincture (1:5), Extraction Solvent: Ethanol 70% V/V"
11057,Oxatomide Monohydrate
11058,Oxatomide
11059,"Dropropizine, Potassium Sulfoguayacolate"
11060,Tioguanine Bp
11061,Tirofiban
11062,Shale Oil
11063,Senna Dry Extract
11064,Sennoside A+b
11065,"Aprotinin, Calcium Chloride Dihydrate, Factor Xiii, Human Clottable Protein Containing Mainly Fibrinogen, Human Thrombin"
11066,"Aprotinin, Human Fibrinogen, Calcium Chloride Dihydrate, Factor Xiii, Human Thrombin"
11067,"Aprotinin, Human Fibrinogen, Calcium Chloride Dihydrate, Human Thrombin, Human Coagulation Factor Xiii"
11068,"Aprotinin, Calcium Chloride, Human Fibrinogen, Human Thrombin, Human Coagulation Factor Xiii"
11069,"Lidocaine, Titanium Dioxide, Carrageenan"
11070,"Titanium Dioxide, Zinc Oxide, Carrageenan"
11071,"Lidocaine, Titanium Dioxide, Zinc Oxide, Carrageenan"
11072,Tisotumab Vedotin
11073,Dolutegravir
11074,Tixocortol
11075,Tobramycin Sulfate
11076,"Retinol, D Alpha Tocoferil Acetate"
11077,"Argentum Nitricum Dil. D4, Galium Aparine Dil. D6, Glechoma Hederacea Spag. Peka Dil. D6, Bryonia Spag. Peka Dil. D4, Clematis Recta Dil. D3, Echinacea Spag. Peka Dil. D12, Ledum Palustre Dil. D6, Hydrastis Canadensis Dil. D4"
11078,Tofacitinib
11079,"Ascorbic Acid, Caffeine, Acetylsalicylic Acid Ph. Eur."
11080,"Retinol Palmitate, Tocopherol"
11081,Tolbutamide Ph.Eur.
11082,Tolbutamide
11083,Tolterodine
11084,Tolu Balsam
11085,4-Toluenesulfonamide-Formaldehyde Resin
11086,"Amlodipine, Hydrochlorothiazide, Telmisartan"
11087,Raltitrexed
11088,"Acidum Phosphoricum Trit. D 3, Avena Sativa Trit. D 1, Kalium Phosphoricum Trit. D 4, Lycopodium Clavatum Trit. D 4, Panax Ginseng Trit. D 3, Selenium Trit. D 6, Thuja Occidentale Trit. D 4"
11089,"Gelsemium Sempervirens Dil. D 6, Aurum Metallicum Dil. D 8, Chininum Arsenicosum Dil. D 6, Kalium Phosphoricum Dil. D 8, Lupulinum (Hab 34) Dil. D 4"
11090,"[hab, V. 4a, Urt. Mit Ethanol 86 % (M/M)], Strychnos Ignatii Dil. D 6, Vitex Agnus-Castus Dil. D 6"
11091,"Ambra Grisea Dil. D 3, Aurum Metallicum Dil. D 8, Passiflora Incarnata Dil. D 3, Selenium Dil. D 8, Valeriana Officinalis Ø, Avena Sativa Dil. D3, Humulus Lupulus Ø, Acidum Phosphoricum Dil. D4"
11092,"Camphora D2, Veratrum Album D6, Nicotiana Tabacum D6, Nitroglycerinum D12, Hydrocyanicum Acidum D12"
11093,"Ascorbic Acid, Deanol, P-Aminobenzoate Hemimagnesium"
11094,"Calcium Glucoheptonate, Deanol Pyroglutamate, Lysine Monohydrochloride"
11095,"Selenium Dil. D 10, Strychnos Nux-Vomica Dil. D10, Strychnos Nux-Vomica Dil. D30, Aurum Metallicum Dil. D10, Aurum Metallicum Dil. D200, Aurum Metallicum Dil. D30, Chamaelirium Luteum Dil. D10, Chamaelirium Luteum Dil. D30, Chininum Arsenicosum Dil. D10,"
11096,"Hawthorn Berries, Crataegi Folium Cum Flore, Melilot, Motherwort"
11097,"Riboflavin Sodium Phosphate, Thiamine Hydrochloride, Cyanocobalamin, Nicotinamide, Calcium Folinate Pentahydrate"
11098,"Arginine Hydrochloride, Dexfosfoserine, Levoglutamide, Hydroxocobalamin Chloride, L-Threonine O-Phosphate"
11099,"Acidum Lacticum D6, Acidum Ascorbicum D6, Aesculus Hippocastanum D6, Barium Carbonicum D28, Calcium Phosphoricum D10, Conium Maculatum D4, Dactylopius Coccus D6, Embryo Totalis Suis D13, Ferrum Phosphoricum D10, Cortex Glandulae Suprarenalis Suis D13, Cor"
11100,"Kalium Stibyltartaricum Dil. D6, Acidum L(+)-Lacticum Dil. D 6, Calcium Phosphoricum Dil. D 10, Conium Maculatum Dil. D 12, Ferrum Phosphoricum Dil. D 10, Solanum Dulcamara Dil. D 4, Sulfur Dil. D 8, Echinacea Dil D4, Galium Aparine Dil. D6, Cortisonum Ac"
11101,"Tonsilla Suis D10, Tonsilla Suis D200, Tonsilla Suis D30"
11102,"Tonsillitis Nosode D10, Tonsillitis Nosode D200, Tonsillitis Nosode D30"
11103,"Kalium Chloratum D2, Baptisia Tinctoria D1, Ammonium Bromatum D4, Apisinum D6, Hydrargyrum Bicyanatum D8, Kalium Bichromicum D4"
11104,"Ammonium Bromatum Trit. D4, Kalium Bichromicum Trit. D4, Baptisia Trit. D1, Mercurius Cyanatus Trit. D8, Kalium Chloratum Trit. D2, Apisinum Trit. D6"
11105,"Baptisia Dil. D1, Hydrargyrum Bicyanatum Dil. D8, Ammonium Bromatum Dil. D4, Kalium Bichromicum Dil. D4, Kalium Chloratum Dil. D2, Apisinum Dil. D6"
11106,"Atropinum Sulfuricum Trit. D5, Hepar Sulfuris Trit. D3, Kalium Bichromicum Trit. D4, Silicea Trit. D2, Hydrargyrum Biiodatum Trit. D8"
11107,"Hepar Sulfuris Trit. D 3, Atropinum Sulfuricum Trit. D5, Kalium Bichromicum Trit. D4, Silicea Trit. D2, Hydrargyrum Biiodatum Trit. D8"
11108,"Silicea D2, Hepar Sulfuris D3, Atropinum Sulfuricum D5, Hydrargyrum Biiodatum D8, Kalium Bichromicum D4"
11109,"Belladonna D3, Hepar Sulfuris D3, Silicea D3, Hydrargyrum Biiodatum D8"
11110,"Capsicum Annuum Dil D3, Guajacum Dil. D3, Phytolacca Decandra Mother Tincture"
11111,"Phytolacca Dil D1, Guajacum Dil. D4, Capsicum Annuum Dil. D4"
11112,Padeliporfin
11113,Thiethylperazine
11114,Thiethylperazine Dimaleate
11115,"Zinc Oxide, Ichthammol, Tormentillae Rhizoma Extractum Fluidum"
11116,"Bilberry Fruit, Dried, Matricariae Flos, Sage Leaf (Salvia Officinalis), Rhizoma Tormentillae, Menthae Piperitae Herba, Liquorice Root, Sanguisorba Minor Root"
11117,"Cochlearia Officinalis Ex Herba Ferm 33b Dil. D2 (Hab, Vs. 33b), Stibium Metallicum Dil. D5, Potentilla Erecta E Radice Ferm 34d Dil. D2 (Hab, Vs. 34d)"
11118,"Zinc Oxide, Ichthammol, Tormentillae Rhizoma Extractum Fluidum, Borax"
11119,"Zinc Oxide, Ichthammol, Tormentillae Extractum Fluidum, Borax"
11120,"Strychnos Ignatii Dil. D 6, Myristica Fragrans D6, Phosphorus Dil. D6"
11121,"Dry Extract From Tormentil Rhizome (3.5-4.5:1), Extraction Solvent: Ethanol 60% V/V"
11122,"Copper Gluconate, Manganese Gluconate, Ferrous Gluconate Hydrate"
11123,"Copper, Iron, Manganese"
11124,"Copper Gluconate, Ferrous Gluconate, Manganese Gluconate"
11125,"Liquid Extract From Thyme (Der 1:2-3), Extraction Solvents: Ammonia Solution 10 % (M/M), Glycerol 85%, Ethanol 90%, Water (1:20:70:109)"
11126,"Thymus Vulgaris L. Liquid Hydroalcoholic (31.5 % V/V) Extract [1:1,1-1:1,3]"
11127,Desfesoterodine Succinate
11128,"Lidocaine Hydrochloride Monohydrate, Metacresol Ph.Eur., Paraformaldehyde"
11129,"Lachesis Mutus Dil. D8, Echinacea Mother Tincture, Hepar Sulfuris D8, Matricaria Recutita Mother Tincture"
11130,"Apis Mellifica Dil. D12, Ferrum Phosphoricum Dil. D 10, Echinacea Dil D4, Lachesis Dil. D10, Hepar Sulfuris Dil. D10, Baptisia Tinctoria Dil. D4"
11131,"Baptisia (Hab34) Mother Tincture, Psychotria Ipecacuanha Trit. D4, Eupatorium Perfoliatum Mother Tincture, Aconitum Trit. D4"
11132,"Echinacea Mother Tincture, Baptisia (Hab34) Mother Tincture, Cinchona Pubescens Mother Tincture, Eupatorium Perfoliatum Mother Tincture, Psychotria Ipecacuanha Dil. D4, Bryonia Dil. D4, Aconitum Dil. D4"
11133,"Echinacea Mother Tincture, Eupatorium Perfoliatum D4 Vinos, Cinchona Pubescens Mother Tincture, Bryonia D4 Vinos, Aconitum Napellus D4 Vinos., Cephaelis Ipecacuanha D4 Vinos., Baptisia Tinctoria Mother Tincture"
11134,"Echinacea Mother Tincture, Psychotria Ipecacuanha D4 Vinos, Eupatorium Perfoliatum D4 Vinos, Cinchona Pubescens Mother Tincture, Bryonia D4 Vinos, Aconitum Napellus D4 Vinos., Baptisia Tinctoria Mother Tincture"
11135,"Aconitum Napellus Trit. D 4, Echinacea Trit. D1, Apis Mellifica Trit D3, Lachesis Trit. D5"
11136,"Echinacea Mother Tincture, Aconitum Napellus Dil. D4, Lachesis Mutus Dil D6, Apis Mellifica Dil. D3"
11137,Obidoxime Chloride
11138,"Taurine, Glutamic Acid, Glycine, N-Acetyltyrosine, L-Lysine Acetate, L-Tryptophan, L-Arginine, L-Histidine, L-Isoleucine, L-Leucine, L-Methionine, L-Proline, L-Serine, L-Threonine, L-Tyrosine, L-Valine, L-Aspartic Acid, L-Phenylalanine, L-Alanine, L-Cyste"
11139,"Taurine, Glutamic Acid, Glycine, N-Acetyltyrosine, L-Tryptophan, L-Arginine, L-Histidine, Lysine Acetate, L-Isoleucine, L-Leucine, L-Methionine, L-Proline, L-Serine, L-Threonine, L-Tyrosine, L-Valine, L-Aspartic Acid, L-Phenylalanine, L-Alanine, L-Cystein"
11140,"Valine, Alanine, Arginine, Histidine, Isoleucine, Leucine, Methionine, Phenylalanine, Proline, Serine, Taurine, Threonine, Tyrosine, Aspartic Acid, Glutamic Acid, Glycine, N-Acetyltyrosine, Tryptophan, Lysine Acetate, Cysteine Hydrochloride Monohydrate"
11141,Trabectedin
11142,"Tramadol Hydrochloride, Magnesium Lactate Dihydrate"
11143,"Sodium Molybdate Dihydrate, Zinc Chloride, Ferric Chloride Hexahydrate, Potassium Iodide, Sodium Fluoride, Copper Chloride Dihydrate, Manganese Chloride Tetrahydrate, Sodium Selenite Anhydrous"
11144,"Chlorhexidine Gluconate, Lidocaine Hydrochloride Monohydrate, Tyrothricin"
11145,"Chlorhexidine Gluconate, Tyrothricin, Lidocaine Hydrochloride"
11146,"Lidocaine Hydrochloride Monohydrate, Propyl Parahydroxybenzoate"
11147,"Sodium Molybdate Dihydrate, Zinc Chloride, Copper Chloride, Ferrous Chloride, Potassium Iodide, Sodium Fluoride, Sodium Selenite Pentahydrate"
11148,"Sodium Molybdate Dihydrate, Zinc Chloride, Potassium Iodide, Sodium Fluoride, Chromium Chloride Hexahydrate, Sodium Selenite Pentahydrate, Ferrous Chloride Tetrahydrate, Copper Chloride Dihydrate, Manganese Chloride Tetrahydrate"
11149,"Sodium Molybdate Dihydrate, Zinc Chloride, Potassium Iodide, Sodium Fluoride, Chromium Trichloride Hexahydrate, Sodium Selenite Pentahydrate, Ferrous Chloride Tetrahydrate, Copper Chloride Dihydrate, Manganese Chloride Tetrahydrate"
11150,Ginger Root
11151,Ginger Powder
11152,"Rosemary Oil, Arnica Tincture Dev (1:10): Extraction Medium Ethanol 70% (V/V)"
11153,"Dexketoprofen Trometamol, Tramadol Hydrochloride"
11154,"Colecalciferol, Cod-Liver Oil (Type B), Doconexent, Retinol"
11155,"Crataegus Extract, Valeriana Officinalis Dry Extract"
11156,Macrogol 3350
11157,"Levomenthol, Camphor, Racemic, Cineole"
11158,"Menthol, Camphor, Cineole"
11159,Diclofenac Deanol
11160,"Capsicum Oleoresin, Methyl Salicylate, Turpentine Oil"
11161,"Bryonia Trit. D 3, Arnica Montana D3, Rhus Toxicodendron Trit. D4"
11162,"Preparation Of Fresh Herb Of Symphytum X Uplandicum (40% Of Pressed Juice Of Fresh Herb Of Symphytum X Uplandicum, Der 3-8:1, And 60% Of An Extract Of The Press Residue From Fresh Herb Of Symphytum X Uplandicum, Der 3-10:1, Extraction Medium Ethanol 30% V"
11163,"Arnica Montana D6, Calendula Officinalis D4, Symphytum Officinale D6, Hypericum Perforatum D4"
11164,"Calendula Officinalis D4, Arnica Montana D4, Symphytum Officinale D6, Hypericum Perforatum D4"
11165,"Bellis Perennis D2, Echinacea D2, Hypericum Perforatum D2, Mercurius Solubilis Hahnemanni D 8, Achillea Millefolium D3, Atropa Bella-Donna D4, Calendula Officinalis D2, Aconitum Napellus D3, Arnica Montana D2, Hamamelis Virginiana D2, Hepar Sulfuris D8, M"
11166,"Calendula Officinalis Mother Tincture, Arnica Montana D3, Mercurius Solubilis Hahnemanni D6, Achillea Millefolium Mother Tincture, Atropa Bella-Donna D1, Aconitum Napellus D1, Hepar Sulfuris D6, Symphytum Officinale D4, Hypericum Perforatum D6, Echinacea"
11167,"Echinacea Angustifolia D2, Bellis Perennis D2, Hypericum Perforatum D2, Mercurius Solubilis Hahnemanni D 8, Achillea Millefolium D3, Atropa Bella-Donna D4, Calendula Officinalis D2, Aconitum Napellus D3, Arnica Montana D2, Hamamelis Virginiana D2, Hepar S"
11168,"Echinacea Angustifolia D2, Bellis Perennis D2, Hypericum Perforatum D2, Mercurius Solubilis Hahnemanni D6, Achillea Millefolium D3, Atropa Bella-Donna D2, Calendula Officinalis D2, Aconitum Napellus D2, Arnica Montana D2, Hepar Sulfuris D6, Matricaria Rec"
11169,"Echinacea Angustifolia D2, Bellis Perennis D2, Hypericum Perforatum D2, Mercurius Solubilis Hahnemanni D8, Achillea Millefolium D3, Atropa Bella-Donna D4, Calendula Officinalis D2, Aconitum Napellus D3, Arnica Montana D2, Hamamelis Virginiana D2, Hepar Su"
11170,"Echinacea Mother Tincture, Calendula Officinalis Mother Tincture, Arnica Montana D3, Mercurius Solubilis Hahnemanni D6, Achillea Millefolium Mother Tincture, Atropa Bella-Donna D1, Aconitum Napellus D1, Hepar Sulfuris D6, Symphytum Officinale D4, Hypericu"
11171,"Mercurius Solubilis Hahnemanni D8, Belladonna D4, Bellis Perennis D2, Chamomilla D3, Echinacea D2, Hypericum Perforatum D2, Achillea Millefolium D3, Calendula Officinalis D2, Aconitum Napellus D3, Arnica Montana D2, Hamamelis Virginiana D2, Hepar Sulfuris"
11172,"Bellis Perennis Trit: D 2, Chamomilla Recutita Trit. D 3, Hamamelis Virginiana Trit. D 2, Mercurius Solubilis Hahnemanni Trit. D 8, Aconitum Trit. D3, Atropa Bella-Donna Trit. D4, Echinacea Trit D2, Hepar Sulfuris Trit. D8, Symphytum Officinale Trit. D8,"
11173,"Bellis Perennis Trit: D 2, Hamamelis Virginiana Trit. D 2, Mercurius Solubilis Hahnemanni Trit. D 8, Aconitum Trit. D3, Atropa Bella-Donna Trit. D4, Echinacea Trit D2, Hepar Sulfuris Trit. D8, Symphytum Officinale Trit. D8, Achillea Millefolium Trit. D3,"
11174,"Echinacea Dil. D2, Aconitum Napellus Dil. D2, Arnica Montana Dil D2, Symphytum Officinale Dil. D6, Hamamelis Virginiana Dil. D1, Hepar Sulfuris Dil. D6, Calendula Officinalis Dil. D2, Bellis Perennis Dil. D2, Hypericum Perforatum Dil. D2, Echinacea Purpur"
11175,"Echinacea Dil. D2, Hamamelis Virginiana Dil. D 2, Aconitum Napellus Dil. D3, Arnica Montana Dil D2, Mercurius Solubilis Hahnemanni Dil D8, Hepar Sulfuris Dil. D8, Calendula Officinalis Dil. D2, Bellis Perennis Dil. D2, Hypericum Perforatum Dil. D2, Echina"
11176,"Echinacea Mother Tincture, Arnica Montana Dil. D3, Atropa Bella-Donna Dil. D1, Aconitum Napellus Dil. D1, Hepar Sulfuris Dil. D6, Mercurius Solubilis Hahnemanni Dil.D6, Hypericum Perforatum Dil. D6, Symphytum Officinale Dil. D4, Calendula Officinalis Moth"
11177,"Okoubaka Aubrevillei D4, Petroleum Rectificatum D10, Psychotria Ipecacuanha D4, Anamirta Cocculus D4, Nicotiana Tabacum D10"
11178,Cocculus Trit. D6
11179,"Diflucortolone Valerate, Isoconazole Nitrate"
11180,Trazodone
11181,Trazodone Hydrochloride Bp
11182,Ibopamine Hydrochloride
11183,"Clindamycin Phosphate, Tretinoin"
11184,"Tincture From Black Poplar Bud, Capsicum, Clove, Oak Bark, Calendula, Flower, Bay Laurel Leaf, Peppermint Leaf, Dill Fruit, Hawthorn Berries, Wormwood, Allspice, Lovage Root, Valerian Root, Hop Strobile, Bitter-Orange Epicarp And Mesocarp, Frangula Bark,"
11185,Guselkumab
11186,Treprostinil Sodium
11187,Insulin Degludec
11188,"Betamethasone Dipropionate, Gentamicin Sulfate, Clotrimazole"
11189,Protirelin
11190,"Triamcinolone Acetonide, Chloroxine"
11191,"Triamcinolone Acetonide, Chlorquinaldol"
11192,"Triamcinolone Acetonide, Propylene Glycol"
11193,Triamterene
11194,"Chlortalidone Bp, Triamterene Bp"
11195,"Lidocaine Hydrochloride Monohydrate, Triamcinolone Acetonide"
11196,"Triamcinolone Acetonide, Lidocaine Hydrochloride"
11197,"Dry Extract From Tribulus Terrestris Herba (35-45:1), Corresponding To 125 Mg Furostanol Saponins Calculated As Protodioscin, Extraction Solvent: Methanol 80% (V/V)"
11198,"Trometamol, Disodium Phosphate Dihydrate, Sodium Hydrogen Carbonate"
11199,"Trometamol, Disodium Phosphate, Anhydrous, Sodium Hydrogen Carbonate"
11200,"Cyanocobalamin, Phospholipid From Cerebral Cortex."
11201,Tritolyl Phosphate
11202,"Betamethasone Dipropionate, Gentamicin, Clotrimazole"
11203,Triethylene Glycol Dimethacrylate
11204,"Pseudoephedrine Hydrochloride, Triprolidine Hydrochloride, Guaifenesin"
11205,Fenugreek
11206,"Dicycloverine Hydrochloride, Paracetamol"
11207,Lactobacillales
11208,"Hamamelis Dil. D1, Crocus D3, Trillium Pendulum D2"
11209,"Beclometasone Dipropionate, Glycopyrronium Bromide, Formoterol Fumarate Dihydrate"
11210,"Glycopyrronium Bromide, Formoterol Fumarate Dihydrate, Beclometasone Dipropionate Anhydrous"
11211,"1,6-Diamino-2,4,4-Trimethylhexane"
11212,"Taurine, Glycine, Olive Oil, Refined, Triglycerides, Medium Chain, L-Lysine Acetate, Soya Bean Oil Refined Ph.Eur., Glucose Monohydrate, L-Tryptophan, L-Arginine, L-Histidine, L-Isoleucine, L-Leucine, L-Methionine, L-Proline, L-Serine, L-Threonine, L-Tyro"
11213,"Levocarnitine, Aspartic Acid, Glutamic Acid, Olive Oil, Refined, Triglycerides, Medium Chain, Soya Bean Oil Refined Ph.Eur., Glucose Monohydrate, L-Tryptophan, Glycyl-Tyrosine, L-Arginine, L-Histidine, Lysine Acetate, L-Isoleucine, L-Leucine, L-Methionine"
11214,"Acetylcysteine, Levocarnitine, Glycine, Olive Oil, Refined, Triglycerides, Medium Chain, L-Lysine Acetate, Soya Bean Oil Refined Ph.Eur., Glucose Monohydrate, L-Tryptophan, Glycyl-Tyrosine, L-Arginine, L-Histidine, L-Isoleucine, L-Leucine, L-Methionine, L"
11215,"Taurine, Glycine, Olive Oil, Refined, Soya-Bean Oil Refined, Triglycerides, Medium Chain, L-Lysine Acetate, Glucose Monohydrate, L-Tryptophan, L-Arginine, L-Histidine, L-Isoleucine, L-Leucine, L-Methionine, L-Proline, L-Serine, L-Threonine, L-Tyrosine, L-"
11216,"Clobetasone Butyrate, Nystatin, Oxytetracycline"
11217,"Hydralazine Hydrochloride, Atenolol, Chlortalidone"
11218,"Xylometazoline Hydrochloride, Carbocisteine"
11219,"Ascorbic Acid, Betacarotene, Alphatocopherol Acetate, Selenium Yeast"
11220,"Icosapent Ethyl, Omega-3-Acid Ethyl Esters 90, Docosahexaenoic Acid Ethyl Ester"
11221,"Triticum Aestivum E Fructibus Germinatis Ferm 33d Dil. D19 (Hab, Vs. 33d), Truncus Cerebri Bovis Gl Dil. D7 (Hab, Vs. 41a)"
11222,"Triticum Aestivum E Fructibus Germinatis Ferm 33d Dil. D2 (Hab, Vs. 33d), Truncus Cerebri Bovis Gl Dil. D7 (Hab, Vs. 41a)"
11223,"Abacavir, Lamivudine, Dolutegravir"
11224,"Amlodipine, Atorvastatin, Perindopril Arginine"
11225,"Zidovudine, Abacavir Sulfate, Lamivudine"
11226,"Acetylsalicylic Acid, Paracetamol Dc 90 %, Anhydrous Caffeine"
11227,"Euphrasia 3c D6, Hydrargyrum Bichloratum D6, Atropa Bella-Donna D6"
11228,Sacituzumab Govitecan
11229,"Clostebol Acetate, Neomycin Sulfate"
11230,Cobalt Dichloride Hexahydrate
11231,Mercaptobenzothiazole
11232,"Methylchloroisothiazolinone, Methylisothiazolinone"
11233,"Oakmoss Extract, Eugenol, Cinnamaldehyde, Geraniol, Hydroxycitronellal, Cinnamyl Alcohol, Isoeugenol, A-Amyl Cinnamaldehyde"
11234,Quaternium-15
11235,Wool Alcohols
11236,"Estriol, Progesterone, Lactobacillus Rhamnosus Doderleini"
11237,"Ascorbic Acid, O-(ß-Hydroxyethyl)rutosides"
11238,"Cinchocaine Hydrochloride, Neomycin Sulfate, Tetracaine Hydrochloride, Benzocaine, Chlorquinaldol, Clioquinol, Butyl Parahydroxybenzoate, Ethyl Parahydroxybenzoate E214, Methyl Parahydroxybenzoate, Peru Balsam, Propyl Parahydroxybenzoate, Cobalt(Ii) Chlor"
11239,"Disulfiram, Thiomersal, Formaldehyde, Mercaptobenzothiazole, P-Phenylenediamine, Carba Mix, Mercapto Mix, Thiuram Mix, Methylchloroisothiazolinone, P-Tert-Butylphenol Formaldehyde Resin, Epoxy Resin, Black Rubber Mix, Quaternium-15, Diphenylguanidine, Zin"
11240,"Disulfiram, Thiomersal, P-Phenylenediamine, Dibromodicyanobutane, Methylchloroisothiazolinone, P-Tert-Butylphenol Formaldehyde Resin, Epoxy Resin, Quaternium-15, Diphenylguanidine, Zinc Diethyldithiocarbamate, Zinc Dibutyldithiocarbamate, N-Isopropyl-N'-P"
11241,Dulaglutide
11242,"Neisseria Meningitidis Group B Fhbp Protein Subfamily A, Neisseria Meningitidis Group B Fhbp Protein Subfamily B"
11243,Capivasertib
11244,Olezarsen
11245,Tuberculin Ppd Rt 23
11246,Tuberculin Purified Protein Derivative
11247,Tucatinib
11248,"Eucalyptus Oil, Pine Needle Oil (Pinus Sylvestris)"
11249,Juglans Regia E Foliis Et Pericarpiis Dil. D 2
11250,Juglans Regia E Foliis Et Pericarpiis Trit. D 2
11251,"Dextromethorphan Hydrobromide, Potassium Guaiacolsulfonate"
11252,"Dextromethorphan Hydrobromide, Phenylephrine Hydrochloride"
11253,"Codeine Phosphate Hemihydrate, Potassium Guaiacolsulfonate"
11254,Benproperine Phosphate
11255,"Liquid Extract From Thyme (Der 1:1), Extraction Solvent: Water - Ethanol 96% - Glycerol 85% (18:6:1)"
11256,Thyme Liquid Extract
11257,"Hyoscyamus Dil. D4, Psychotria Ipecacuanha Dil. D4, Drosera Dil. D2"
11258,"Extractum Fluidum Senegae, Thymi Extractum Fluidum, Extractum Aurantii Amari Fluidum"
11259,"Anisi Fructus, Marshmallow Root, Thyme, Plantaginis Lanceolatae Folium"
11260,"Thymi Extractum Fluidum, Plantago Lanceolata L."
11261,"Codeine, Ethylmorphine Hydrochloride"
11262,"Ephedrine Hydrochloride, Saponin, Extract From Thyme (Der 1: 3-5), Extraction Solvents: Ethanol 96% (V/V), Water And Glycerol"
11263,"Sodium Benzoate, Liquorice Root Powder, Ephedrine Hydrochloride, Saponin, Dry Extract From Liquorice Root (Der 5-9: 1), Extraction Solvent: Water"
11264,"Psychotria Ipecacuanha Dil. D4, Drosera Dil. D2"
11265,"Noscapine, Promethazine"
11266,"Eucalyptus Globulus Trit D2, Stibium Sulfuratum Aurantiacum Trit. D6, Ipecacuanha Trit. D3, Drosera Trit D2, Bryonia Trit. D2"
11267,"Cynodon Dactylon, Equisetum Arvense, Rosmarinus Officinalis, Spergularia Rubra Aerial Part, Sideritis Angustifolia Flowering Top, Melissa Officinalis L., Opuntia Ficus-Indica, Peumus Boldus Leaf"
11268,Salmonella Typhi Bacteria (Inactivated)
11269,Cobicistat
11270,"Thymol, Thymi Extractum Fluidum"
11271,"Sage Leaf Tincture (1:5), Liquid Extract From Thyme (1:3), Extraction Solvent: Ammonium Hydroxide (96 G/L), Glycerol (850 G/Kg), Ethanol (760 G/L), Water (1:20:67.8:111.2)"
11272,Vi Polysaccharide Of Salmonella Typhi
11273,Vi Polysaccharide Of Salmonella Typhi (Ty2 Strain)
11274,"Salmonella Typhi, Strain Ty21a (Live, Attenuated)"
11275,"Benzalkonium Chloride, Neomycin Sulfate, Tyrothricin, Benzocaine"
11276,Natalizumab
11277,"Tetanus Toxoid, Salmonella Typhi Bacteria (Inactivated)"
11278,"Senecio Cineraria D6, Natrium Chloratum D6, Ruta Graveolens D6"
11279,"Conium Maculatum Dil. D 4, Sulfur Dil. D 8, Galium Aparine Dil. D6, Acidum Acetylsalicylicum D10, Acidum Ascorbicum D6, Sarcolacticum Acidum D6, Anthrachinonum D10, Coenzym A D10, Acidum Thiocticum D8, Colchicum Autumnale D4, Histaminum D10, Magnesium Glu"
11280,"Hydrastis Canadensis D4, Acidum Acetylsalicylicum D10, Acidum Ascorbicum D6, Sarcolacticum Acidum D6, Anthrachinonum D10, Coenzym A D10, Conium Maculatum D4, Acidum Thiocticum D8, Colchicum Autumnale D4, Galium Aparine D6, Histaminum D10, Magnesium Glucon"
11281,"Ubidecarenonum D12, Ubidecarenonum D200, Ubidecarenonum D30, Ubidecarenonum D8"
11282,Distigmine Bromide
11283,Chelidonium Majus L. Herba
11284,"Saccharomyces Boulardii Lyophilised, Saccharomyces Boulardii, Saccharomyces Boulardii cncm I-745 Lyophilized"
11285,"Collagenase Clostridium Histolyticum, Enzymes Nos"
11286,"Acidum Nitricum Dil. D4, Kreosotum Dil. D6, Atropa Belladonna Dil. D4, Thuja Occidentalis Dil. D6, Carbo Animalis D8, Hydrastis Canadensis Dil. D4"
11287,Ulipristal
11288,Elm Pollen
11289,Ravulizumab
11290,Technetium (99mtc)
11291,Articaine Hydrochloride
11292,Prednisolone Pivalate Ph. Eur.
11293,"Ascorbic Acid, Acetylsalicylic Acid, Calcium Lactate Gluconate"
11294,"Cinchocaine Hydrochloride, Fluocortolone Pivalate, Fluocortolone Caproate"
11295,Iopromide
11296,Cod-Liver Oil (Type A)
11297,"Cod-Liver Oil (Type A), Talc, Zinc Oxide, Aluminium Acetotartrate"
11298,"Propylene Glycol, Cetostearyl Alcohol, Sorbic Acid"
11299,"Diphenhydramine Hydrochloride, Phenylephrine Hydrochloride, Paracetamol, Caffeine, Codeine Phosphate"
11300,"Diphenhydramine Hydrochloride, Phenylephrine Hydrochloride, Paracetamol, Caffeine, Codeine Phosphate Hemihydrate"
11301,"Diphenhydramine Hydrochloride, Phenylephrine Hydrochloride, Paracetamol, Caffeine"
11302,Theophylline Ph. Eur.
11303,Zinc-Bis(Hydrogen-Dl-Aspartate)
11304,Inebilizumab
11305,Eladocagene Exuparvovec
11306,Potassium Sodium Hydrogen Citrate
11307,"Betula Alba Tm, Natrium Tetrachloroauratum D8, Bryonia Alba D8, Colchicum D8, Solanum Dulcamara D8, Aqua Silicata D4, Natrium Salicylicum D8, Hydrargyrum Bichloratum D10, Viscum Album D3, Kalium Iodatum D8, Sulfur D4"
11308,"Viscum Album Mother Tincture, Solidago Virgaurea Mother Tincture, Colchicum Autumnale D1, Natrum Salicylicum D3, Aurum Chloratum D8, Kalium Iodatum D4, Acidum Silicicum D6, Bryonia D4, Hydrargyrum Bichloratum D8, Sulfur D4, Solanum Dulcamara D1"
11309,"Viscum Album Mother Tincture, Solidago Virgaurea Mother Tincture, Colchicum Autumnale D1, Natrum Salicylicum D3, Aurum Chloratum D8, Kalium Iodatum D4, Silicea D6, Bryonia D4, Hydrargyrum Bichloratum D8, Sulfur D4, Solanum Dulcamara D1"
11310,Methylprednisolone Sodium Hemisuccinate
11311,"Sambuci Flos, Solidaginis Herba, Matricariae Flos, Thymi Herba, Arctostaphylos Uva-Ursi Leaf, Blueberry Leaf, Equiseti Herba"
11312,"Dexamethasone Sodium Phosphate, Urea"
11313,"Anethole, Borneol, Camphene, Fenchone, Pinene, Cineole"
11314,"Solidago Virgaurea Mother Tincture, Colchicum Autumnale Dil. D2, Nasturtium Officinale Dil. D1"
11315,"Dry Extract From Bearberry Leaf (3.5-5.5:1), Corresponding To 64-96 Mg Of Arbutin, Extraction Solvent: Ethanol 60% V/V"
11316,"Solidaginis Herba, Folium Uva Ursi, Urticae Herba"
11317,"Ethanol, Serenoa Repens Dil. D2, Cantharis Dil. D4, Triticum Repens Urtinktur"
11318,"Populus Tremuloides Ø, Serenoa Repens Ø"
11319,"Dry Extract From Goldenrod (4-7:1), Extraction Solvent: Water"
11320,"Smilax Dil. D 4, Solidago Virgaurea Dil. D4, Oleum Terebinthinae Dil. D8, Berberis Vulgaris Dil. D4"
11321,"Betulae Folium, Restharrow Root, Petroselinum Crispum Root, Menthae Piperitae Herba, Herniaria Glabra L., Arctostaphylos Uva-Ursi Leaf"
11322,Acetohydroxamic Acid
11323,"Chimaphila Umbellata Trit. D2, Chondrodendron Trit. D3, Populus Tremuloides Trit. D2, Sabal Serrulatum Trit. D2"
11324,"Methenamine, Phenyl Salicylate"
11325,"Betulae Folium, Equisetum Stem, Vitis Idaeae Folium, Chicory Root"
11326,"Sarsaparilla D3 Trit., Cantharis D4 Trit., Scilla D4 Trit."
11327,"Extractum Spissum Compositum (4-7 : 1) Ex: Betulae Folio 4,40 Cz., Petroselini Radice 2,66 Cz., Phaseoli Pericarpio 1,00 Cz., Ekstrahent: Metanol 90 % [v/V]), Chamomillae Herbae Extractum Siccum (7-9 : 1), Vitis Idaeae Folii Extractum Siccum (3-6 : 1), So"
11328,"Extractum Spissum Compositum (4-7 : 1) Ex: Betulae Folio 4,40 Cz., Petroselini Radice 2,66 Cz., Phaseoli Pericarpio 1,00 Cz., Ekstrahent: Metanol 90 % [v/V]), Sodium Citrate, Potassium Citrate, Phaseoli Pericarpium, Dry Extract From Matricaria Herb (Der:"
11329,"Pumpkin Seed, Crushed, Serenoa Repens (Bartram) Small., Pumpkin Seed Oil"
11330,"Smilax Ø, Populus Tremuloides Dil. D1, Serenoa Repens D1, Pulsatilla Pratensis Dil. D4, Delphinium Staphisagria Dil. D3"
11331,E. Coli Extract (Lysate)
11332,E.Coli Extract
11333,E.Coli Polysaccharide
11334,Escherichia Coli Lyophilised Lysate
11335,Lysatum Escherichiae Coli
11336,Freeze-Dried Immunoactive Fractions Of Selected Escherichia Coli Strains
11337,Immunoactive Fractions Of 18 Strains Of Escherichia Coli
11338,"Dry Extract From Urticae Folium (8-10:1), Extraction Solvent: Ethanol 50% (V/V)"
11339,"Chimaphila Umbellata Dil. D 2, Populus Tremuloides D2, Serenoa Repens D2"
11340,"Serenoa Repens Trit. D 2, Chimaphila Umbellata Trit. D2, Populus Tremuloides Trit. D2"
11341,"Calcium Carbonicum Hahnemanni Dil D6, Stannum Metallicum Dil. D9, Urtica Urens Ex Herba Ferm 33c Dil. D2 (Hab, Vs. 33c)"
11342,"Calcium Carbonicum Hahnemanni Trit. D2, Stannum Metallicum Dil. D9, Urtica Urens Ex Herba Ferm 33c Dil. D2 (Hab, Vs. 33c)"
11343,"Urtica Dioica Ferro Culta, Herba Dil. D2"
11344,"Urtica Dioica Ferro Culta, Herba Rh Dil. D3"
11345,"Calcium Carbonicum Hahnemanni Trit. D6, Urtica (Hab 1934) Trit D2, Solanum Dulcamara Trit D2, Apis Mellifica Trit D2"
11346,"Urtica Urens D12, Urtica Urens D200, Urtica Urens D30"
11347,Urticae Radix
11348,"Procaine Hydrochloride, Hydroxyquinoline Sulfate, Lidocaine Hydrochloride"
11349,"Mycobacterium Phlei E Volumine Cellulae (Lyophil., Steril.) D6"
11350,"Mycobacterium Phlei E Volumine Ex Muris Cellulae (Lyophil., Steril.) D6"
11351,"Bacillus Subtilis E Volumine Ex Muris Cellulae (Lyophil., Steril.) D4"
11352,"Bacillus Subtilis E Volumine Cellulae (Lyophil., Steril.) D6"
11353,"Bacillus Subtilis E Volumine Ex Muris Cellulae (Lyophil., Steril.) D6"
11354,Urtica Root Dry Extract
11355,"Dactylopius Coccus D2, Belladonna D3, Pulsatilla Pratensis D5, Arctostaphylos Uva-Ursi D1, Argentum Metallicum D8, Aconitum Napellus D3, Euphrasia Officinalis D3, Helleborus Niger D4"
11356,"Bearberry Leaves Extract (1:0,54-0,99), Extraction Solvent Water/Calcium Oxide (44:1)"
11357,"Ascorbic Acid, Ergocalciferol, Alphatocopherol Acetate, Vitamin A Concentrate (Oily Form), Synthetic"
11358,"Dry Extract From Bearberry Leaf Corresponding To 62.3-77.7 Mg Of Hydroquinone Derivative Calculated As Anhydrous Arbutin, Extraction Solvent: Ethanol 60% (V/V)"
11359,"Xysmalobium Undulatum Root Dry Extract (4-6:1), Extraction Solvent Methanol 60% (V/V)"
11360,"Valsartan, Indapamide"
11361,"Meropenem, Vaborbactam"
11362,Faricimab
11363,"A/California/7/2009(H1n1)-Like Strain (Nymc X-179a), A/Perth/16/2009 (H3n2) - Like Strain (A/Victoria/210/2009 Reass. Nymc X-187), B/Brisbane/60/2008 - Derived Strain Used Nymc Bx-35"
11364,Rabies Virus (Inactivated) Strain Wistar (Pm/Wi 38-1503-3m)
11365,"Diphtheria Toxoid, Tetanus Toxoid, Aluminium"
11366,"Genetically Detoxified Pertussis Toxin, Filamentous Haemagglutinin"
11367,"Tetanus Toxoid Adsorbed On Aluminium Hydroxide, Aluminium Hydroxide"
11368,"Tetanus Toxoid Adsorbed, Aluminium Hydroxide"
11369,"Tetanus Toxoid, Aluminium Hydroxide"
11370,Vadadustat
11371,Methanthelinium Bromide
11372,"Lactic Acid, Sodium Lactate"
11373,Lidocaine Ph. Eur.
11374,Propinoxato
11375,"Calendulae Flos, Matricariae Flos, Sage Leaf (Salvia Officinalis), Quercus Cortex, Urticae Folium, Polygoni Avicularis Herba"
11376,"Calcium Lactate Pentahydrate, Melissa Hydroalcoholic Dry Extract, Hawthorn Hydroalcoholic Dry Extract, Magnesium Thiosulfate"
11377,Valaciclovir Hydrochloride Hydrate
11378,Valaciclovir Hydrochloride Monohydrate
11379,"Dry Extract Of Valerian Root (4-6.7:1), Extraction Solvent: Ethanol 70% (V/V), Dry Extract From Hop Strobile (4–8:1), Extraction Solvent: Ethanol 40 % (V/V)"
11380,"Liquid Extract Of Valerian Root (1:10), Extraction Solvent: Ethanol 33% V/V"
11381,Valerian Extract
11382,Valeriana Officinalis L. Root Ethanol Dry Extract
11383,"Dry Extract Of Passion Flower (5-7: 1), Extraction Solvent: Ethanol 50% (V/V), Valerianae Extractum Siccum (3 - 6 : 1), Ethanol 70% (V/V)"
11384,"Dry Extract From Valerian Root (4-6:7:1), Corresponding To 800-1340 Mg Of Dry Root, Extraction Solvent: Ethanol 70% V/V, Dry Extract From Hop Strobile (4–8:1), Extraction Solvent: Ethanol 40 % (V/V)"
11385,"Valeriana Officinalis L. Root Ethanol Dry Extract, Humulus Lupulus Extractum Siccum"
11386,"Valerian Dry Root Extract - Valerianae Radix (3-4:1) (Extraction Solvent: Ethanol 60%, V/V)"
11387,Valeriana Officinalis L. Radix
11388,"Coffea Tosta, Ethanol. Decoctum Dil. D60, Valeriana, Ethanol. Decoctum Ø, Avena Sativa Tm, Passiflora Incarnata Mother Tincture, Humulus Lupulus Ø"
11389,"Lupuli Flos, Melissa Leaf, Potato Starch, Silica, Colloidal Anhydrous, Valerianae Radix, Motherwort"
11390,Valeriana Officinalis Extract
11391,"Valeriana Officinalis Root, Cryoground"
11392,"Dry Extract Valerian Root (3-6:1), Passiflora Dry Extract, Melissa Leaf Dry Extract"
11393,"Calcium Carbonicum Hahnemanni Dil D6, Sulfur Dil. D24 Aquos., Valeriana Officinalis E Radice Ferm 33c Dil. D2 (Hab, Vs. 33c), Phosphorus Dil. D24"
11394,Valeriana Officinalis
11395,"Hypericum Perforatum D1, Acidum Picrinicum D5, Ammonium Bromatum D1, Natrium Bromatum D1, Kalium Bromatum D1, Melissa Officinalis Mother Tincture, Valeriana Officinalis Ø, Avena Sativa Mother Tincture, Crataegus Mother Tincture, Humulus Lupulus Ø, Matrica"
11396,"Dry Extract From Valerian Root (Der 8-11:1), Extraction Solvent: Ethanol 60% (V/V)"
11397,Valeriana Officinalis Dry Extract
11398,Mixture Of Menthol And Menthyl Isovalerate
11399,Validolum
11400,"Phenobarbital, Ethyl 2-Bromoisovalerate"
11401,"Atorvastatin, Amlodipine Besilate, Perindopril Arginine"
11402,Bromopride
11403,"Diazepam, Octatropine Methylbromide"
11404,"Diazepam, Isopropamide Iodide"
11405,"Valeriana Officinalis L., Radix) (4-6 : 1) Ekstrahent: Etanol 50 % (V/V), Humulus Lupulus L., Flos) (5-7 : 1) Ekstrahent: Etanol 50 % (V/V)"
11406,"Passiflorae Herbae Tincture, Hop Strobiles Tincture, Valerian Radix Intract"
11407,"Valerianae Radix Dry Extract, Dry Extract From Hop Strobile (Der: 4-6: 1), Extraction Solvent: 30% Methanol (V/V), Passiflorae Herbae Extractum Siccum"
11408,Valeriana Officinalis Radix Dry Extract
11409,"Dry Extract Of Passionflower Herb (4-6.5:1), Extraction Solvent: Ethanol 60% V/V, Dry Extract Of Valerian Root (3-5:1), Extraction Solvent: Ethanol 60% (V/V), Dry Extract From Hop Strobile (Der: 4-6: 1), Extraction Solvent: 30% Methanol (V/V)"
11410,"Glycine, L-Lysine Acetate, L-Tryptophan, L-Arginine, L-Histidine, L-Isoleucine, L-Leucine, L-Methionine, L-Proline, L-Serine, L-Threonine, L-Tyrosine, L-Valine, L-Cysteine, L-Aspartic Acid, L-Phenylalanine, L-Glutamic Acid, L-Alanine"
11411,"Valine, Alanine, Arginine, Cysteine, Histidine, Isoleucine, Leucine, Methionine, Phenylalanine, Proline, Serine, Threonine, Tyrosine, Aspartic Acid, Glutamic Acid, Glycine, Tryptophan, Lysine Acetate"
11412,"Taurine, Glycine, L-Tryptophan, L-Arginine, L-Histidine, L-Isoleucine, L-Leucine, L-Methionine, L-Proline, L-Serine, L-Threonine, L-Tyrosine, L-Valine, L-Cysteine, L-Aspartic Acid, L-Phenylalanine, Lysine Monohydrate, L-Glutamic Acid, L-Alanine"
11413,"Lysine, Taurine, Glycine, L-Tryptophan, L-Arginine, L-Histidine, L-Isoleucine, L-Leucine, L-Methionine, L-Proline, L-Serine, L-Threonine, L-Tyrosine, L-Valine, L-Cysteine, L-Aspartic Acid, L-Phenylalanine, L-Glutamic Acid, L-Alanine"
11414,"Taurine, Glycine, L-Tryptophan, L-Arginine, L-Histidine, L-Isoleucine, L-Leucine, L-Methionine, L-Proline, L-Serine, L-Threonine, L-Tyrosine, L-Valine, L-Cysteine, L-Aspartic Acid, L-Phenylalanine, L-Glutamic Acid, L-Lysine, L-Alanine"
11415,"Valine, Alanine, Arginine, Cysteine, Histidine, Isoleucine, Leucine, Methionine, Phenylalanine, Proline, Serine, Taurine, Threonine, Tyrosine, Aspartic Acid, Glutamic Acid, Glycine, Tryptophan, Lysine Monohydrate"
11416,"Valine, Alanine, Arginine, Cysteine, Histidine, Isoleucine, Leucine, Phenylalanine, Proline, Serine, Taurine, Threonine, Tyrosine, Aspartic Acid, Glutamic Acid, Glycine, Tryptophan, L-Methionine, Lysine Monohydrate"
11417,"Taurine, Glycine, L-Tryptophan, L-Arginine, L-Histidine, L-Isoleucine, L-Leucine, L-Methionine, L-Proline, L-Serine, L-Threonine, L-Tyrosine, L-Valine, L-Cysteine, L-Aspartic Acid, L-Phenylalanine, Lysine Monohydrate, L-Glutamic Acid, L-Alanine, L-Cystine"
11418,Quizartinib
11419,Vanillin
11420,Eflornithine
11421,"Ascorbic Acid, Nicotinamide, Glucose Monohydrate"
11422,"Riboflavin Sodium Phosphate, Thiamine Hydrochloride, Pyridoxine Hydrochloride"
11423,"Benzoin Tincture, Eucalyptus Tincture, Thymus Essential Oil"
11424,"Levomenthol, Camphor, Eucalyptus Oil, Turpentine Oil"
11425,"Levomenthol, Essential Oil Of Turpentine Kind ""pinus Pinaster"", Camphor, Eucalyptus Oil"
11426,"Menthol, Camphor, Eucalyptus Oil, Thymol, Turpentine Flavour"
11427,"Levomenthol, Camphor, Racemic, Eucalyptus Oil"
11428,"Aluminium Hydroxyphosphate Sulfate, Hepatitis A Virus (Strain Cr 326f) (Inactivated) Produced On Human Diploid (Mrc–5) Fibroblast Cells Adsorbed On Amorphous Aluminium Hydroxyphosphate Sulphate"
11429,"Aluminium, Hepatitis A Virus (Strain Cr 326f) (Inactivated) Produced On Human Diploid (Mrc–5) Fibroblast Cells Adsorbed On Amorphous Aluminium Hydroxyphosphate Sulphate, Amorphous Aluminium Hydroxyphosphate Sulphate"
11430,"Hepatitis A Virus (Strain Cr 326f) (Inactivated) Produced On Human Diploid (Mrc–5) Fibroblast Cells Adsorbed On Amorphous Aluminium Hydroxyphosphate Sulphate, Amorphous Aluminium Hydroxyphosphate Sulphate"
11431,"Aluminium, Hepatitis A Virus (Strain Cr 326f) (Inactivated) Produced On Human Diploid (Mrc–5) Fibroblast Cells Adsorbed On Amorphous Aluminium Hydroxyphosphate Sulphate"
11432,"Aluminium Hydroxide, Hepatitis A Virus (Strain Cr 326f) (Inactivated) Produced On Human Diploid (Mrc–5) Fibroblast Cells Adsorbed On Amorphous Aluminium Hydroxyphosphate Sulphate"
11433,Vardenafil Hydrochloride Trihydrate
11434,Argipressin Monoacetate
11435,Varenicline Citrate
11436,"Rhus Toxicodendron C15, Croton Tiglium C9, Daphne Mezereum C15"
11437,"Varicella Virus Oka Strain, (Live, Attenuated) Produced In Human Diploid (Mrc-5) Cells"
11438,"Varicella Virus Oka/Merck Strain (Live, Attenuated)"
11439,"Cuprum Aceticum Dil. D6, Secale Cornutum Dil. D4, Tabacum Dil. D4"
11440,Vaseline
11441,Anhydrous Cholestyramine
11442,Vaucheria Dil. D3
11443,"Vibrio Cholerae, Strain Cvd 103-Hgr, Live"
11444,"Aluminium Phosphate, Haemophilus Influenzae Type B Polyribosylribitol Phosphate Conjugated To Meningococcal Protein Adsorbed On Amorphous Aluminium Hydroxyphosphate Sulfate, Diphtheria Toxoid Adsorbed On Aluminium Phosphate, Tetanus Toxoid Adsorbed On Alu"
11445,"Influenza Virus B/Michigan/01/2021, Influenza Virus A/Darwin/9/2021 Ivr-228 (H3n2), Influenza A/Victoria/4897/2022 Ivr-238 (H1n1), Inactivated"
11446,"B/Phuket/3073/2013-Like Virus (B/Phuket/3073/2013, Wild Type), B/Brisbane/60/2008-Like Strain (B/Brisbane/60/2008, Wild Type), A/Michigan/45/2015 (H1n1)pdm09-Like Strain (A/Michigan/45/2015, Nymc X-275), A/Hong Kong/4801/2014 (H3n2)-Like Strain (A/Hong Ko"
11447,"B/Phuket/3073/2013-Like Virus (B/Phuket/3073/2013, Wild Type), Influenza Virus B/Michigan/01/2021, Influenza A/Victoria/4897/2022 Ivr-238 (H1n1), Inactivated, Influenza Virus A/California/122/2022 San-022 (H3n2) Strain (Split, Inactivated)"
11448,"Aluminium, Pneumococcal Polysaccharide Serotype 33f Conjugated To Crm197, Pneumococcal Polysaccharide Serotype 22f Conjugated To Crm197, Pneumococcal Polysaccharide Serotype 4 Conjugated To Crm197, Pneumococcal Polysaccharide Serotype 19f Conjugated To Cr"
11449,Icosapent Ethyl
11450,Panitumumab
11451,"Ethylmorphine Hydrochloride, Tincture Of Grindelia"
11452,"Dry Extract From Horse Chestnut Corresponding To 21 Mg Triterpene Glycosides Calculated Protoescigenin, Extraction Solvent: Ethanol 50% (V/V)"
11453,Remdesivir
11454,"Ascorbic Acid, Rutoside, Alphatocopherol Acetate"
11455,Sucroferric Oxyhydroxide
11456,Etrasimod
11457,Patiromer
11458,Iron Oxide Red (E172)
11459,"Celecoxib, Tramadol Hydrochloride"
11460,Tenofovir Alafenamide
11461,"Vena Suis D10, Vena Suis D200, Vena Suis D30"
11462,"Dry Extract From Fresh Horse Chestnut Seeds Corresponding To 50 Mg Triterpene Glycosides, Calculated As Anhydrous B-Aescin, Extraction Solvent: Ethanol 60% M/M"
11463,Venetoclax
11464,"Dry Extract Of Ruscus Aculeatus Root (6 - 9 : 1), Extraction Agent: Ethanol 96% (V/V)"
11465,"Dry Extract From Horse-Chestnut (5-10:1), Extraction Solvent: Methanol 80% V/V"
11466,"Hamamelis Dil. D1, Aesculus Hippocastanum Dil. D1, Calcium Fluoratum D9, Pulsatilla Dil. D4, Arnica Dil. D3"
11467,"Dry Extract From Horse Chestnut (4,5-5,5:1), Normatum 50 Mg Triterpen Glycosides, Calculated As Anhydrous Escine: Extraction Solvent: Ethanol 50% (M/M)"
11468,"Rutoside, Hippocastani Semen, Extractum Siccum, Esculin"
11469,"Hippocastani Semen, Extractum Siccum, Rutoside Trihydrate"
11470,"Aesculus Dil. D2, Calcium Fluoratum Dil. D6, Hamamelis Dil. D2"
11471,"Aesculus Hippocastanum Dil. D6, Silybum Marianum Dil. D4, Melilotus Officinalis Dil. D6, Hamamelis Virginiana Dil. D4"
11472,"Hippocastani Fructus Intractum Recentis (1:1), Ginkgo Bilobae Folium Tinctura (1:5), Crataegi Inflorescentia Tinctura (1:5), Visci Herbae Intractum (1:1), Arnicae Herbae Tinctura (1:5)"
11473,"Diclofenac Sodium, Tribenoside, Escin"
11474,"Ruta Graveolens Trit. D1, Achillea Millefolium Trit. D1, Aesculus Hippocastanum Trit D1, Hamamelis Virginiana Trit. D1, Arnica Montana Trit. D3"
11475,Hidrosmin
11476,"Lachesis Dil. D10, Silybum Marianum Dil. D6, Melilotus Officinalis Dil. D6, Arnica Dil. D3, Aesculus Dil. D2"
11477,"Bee Venom, Standard"
11478,"Standardized Dry Extract Of Aesculus Hippocastanum Seed (5-8:1) Corresponding To 40-50mg Of Triterpene Glycosides, Expressed As Protoaescigenin, Extraction Solvent: Ethanol 80% (V/V)"
11479,"Ethanol, Pulsatilla Dil. D4, Aesculus Dil. D2"
11480,"Dry Extract Of Horse-Chestnut (4.5-5.5:1), Extraction Solvent: Ethanol 50% V/V"
11481,"Atropa Bella-Donna Dil. D1, Artemisia Absinthium Ø, China Mother Tincture, Anacardium Mother Tincture, Lycopodium Clavatum Mother Tincture, Nux Vomica Mother Tincture"
11482,Fezolinetant
11483,Verapamil Hydrochloride Bp
11484,"Verapamil Hydrochloride, Hydrochlorothiazide, Triamterene"
11485,"Veratrum Album, Ethanol. Decoctum D4"
11486,"Atropa Belladonna Ex Herba Ferm 33a Dil. D2 (Hab, Vs. 33a), Chamomilla Recutita E Radice Ferm 33c Dil. D2 (Hab, Vs. 33c), Cinis E Fructibus Avenae Sativae Cum Magnesio Phosphorico (1:1) Dil. D5 (Hab, Vs. 6), Cuprum Sulfuricum Dil. D3 Aquos. (Hab, Vs. 5b),"
11487,"Veratrum Album E Radice Ferm 33c Dil. D3 (Hab, Vs. 33c)"
11488,"Veratrum Album Dil. D 4, Nicotiana Tabacum Dil D6, Camphora Dil. D4, Hydrocyanicum Acidum D6"
11489,"Veratrum Album Dil. D30, Veratrum Album Dil. D200, Aloe Dil. D10, Aloe Dil. D30, Potentilla Erecta Dil. D10, Potentilla Erecta Dil. D30, Rheum Dil. D10, Rheum Dil. D30, Veratrum Album Dil. D2, Aloe Dil. D2, Rheum Ø, Veratrum Album Dil. D10, Potentilla Ere"
11490,"Achillea Millefolium, Flos, Ethanol. Infusum Ø, Cetraria Islandica, Ethanol. Decoctum Ø, Pimpinella Anisum, Ethanol. Decoctum Ø, Verbascum Densiflorum, Fructus Immat. Dil. D2"
11491,Pipobroman
11492,"Lycopodium Trit. D2, Picrasma Excelsa, Quassia Amara Trit. D2, Yucca Filamentosa Trit. D2, Strychnos Nux-Vomica Trit. D3"
11493,"Angelica Root, Caraway Fruit, Fennel Seed"
11494,"Menthae Piperitae Folium, Taraxaci Herba, Millefolii Herba"
11495,Sinecatechins
11496,"Sodium Hydrogen Carbonate, Magnesium Chloride Hexahydrate, Sodium Chloride, Calcium Chloride Dihydrate, Sodium Lactate"
11497,Tincture From Wormwood Herb 1:5
11498,Albendazol Micronized
11499,"Poliovirus (Inactivated) Type 2 (Mef-1 Strain) Produced On Vero Cells, Poliovirus (Inactivated) Type 3 (Saukett Strain) Produced On Vero Cells, Poliovirus Type 1, Inactivated, Strain Brunhilde"
11500,Vericiguat
11501,"Stibium Sulfuratum Nigrum C9, Acidum Nitricum C9, Thuja Occidentalis C9"
11502,"Dimenhydrinate, Nicotinic Acid, Pyridoxine Hydrochloride"
11503,"Dimenhydrinate, Sodium Nicotinate, Pyridoxine Hydrochloride"
11504,"Cocculus Trit. D4, Conium Maculatum Trit. D3, Nicotiana Tabacum Trit. D4"
11505,"Petroleum Rectificatum Trit. D8, Ambra Grisea Trit. D6, Conium Maculatum Trit. D3, Anamirta Cocculus Trit. D4"
11506,"Ambra Grisea Dil. D 6, Conium Maculatum Dil. D3, Petroleum Rectificatum Dil. D8, Anamirta Cocculus Dil. D4"
11507,"Anamirta Cocculus D3, Conium Maculatum D2, Ambra Grisea D5, Petroleum Rectificatum D7"
11508,"Anamirta Cocculus D4, Conium Maculatum D4, Petroleum Rectificatum D8"
11509,"Anamirta Cocculus Dil. D 3, Petroleum Rectificatum Dil. D7, Conium Maculatum D2, Ambra Grisea D5"
11510,"Petroleum Rectificatum Trit. D8, Conium Maculatum D3, Ambra Grisea D6, Anamirta Cocculus Trit. D4"
11511,"Anamirta Cocculus Dil. D 3, Petroleum Rectificatum Dil. D7, Conium Maculatum D2"
11512,"Conium Maculatum D3, Petroleum Rectificatum D8, Anamirta Cocculus Dil. D4"
11513,"Petroleum Rectificatum Trit. D8, Conium Maculatum D3, Anamirta Cocculus Trit. D4"
11514,"Cocculus Dil.D4, Conium Dil. D4, Ambra Dil. D6, Oenanthe Crocata Dil. D3, Petroleum Rectificatum Dil. D8"
11515,"Dimenhydrinate, Pyridoxine Hydrochloride"
11516,"Ambra Grisea Dil. D 4, Phosphorus Dil. D 12, Schoenocaulon Officinale Dil. D3, Toxicodendron Quercifolium Dil. D 10, Viscum Album Dil. D 2"
11517,Abemaciclib
11518,"Ferrum Metallicum Dil. D7, Vesica Fellea Bovis Gl Dil. D5 (Hab, Vs. 41c)"
11519,"Ferrum Metallicum Dil. D19 Aquos., Vesica Fellea Bovis Gl Dil. D16 (Hab, Vs. 41c)"
11520,"Vesica Urinaria Suis D200, Vesica Urinaria Suis D30, Vesica Urinaria Suis D10"
11521,"Euspongia Officinalis D3, Calcium Carbonicum Hahnemanni D12, Graphites D12, Natrium Sulfuricum D2"
11522,Vonicog Alfa
11523,"Pulsatilla D4, Anamirta Cocculus D8, Vinca Minor D4, Belladonna D4, Argentum Nitricum D6, Nitroglycerinum D4, Petroleum Rectificatum D8, Strychnos Nux-Vomica D4, Zincum Isovalerianicum D6"
11524,"Heparin Sodium, Menthol, Diethylamine Salicylate"
11525,"Ascorbic Acid, Biotin, Colecalciferol, Cyanocobalamin, Folic Acid, Nicotinamide, Pyridoxine, Riboflavin, Thiamine, Pantothenic Acid, Retinol, All-Rac-Phytomenadione, Dl-Alpha-Tocopherol"
11526,"Retinol Palmitate, Riboflavin Sodium Phosphate, Thiamine Hydrochloride, Ascorbic Acid, Biotin, Colecalciferol, Cyanocobalamin, Dexpanthenol, Folic Acid, Nicotinamide, Pyridoxine Hydrochloride, Dl-Alpha-Tocopherol"
11527,"Hydroxocobalamin Acetate, Cobamamide"
11528,Aqueous Extract Of Dry Lime Sapwood
11529,"Atropa Bella-Donna D2, Calcium Carbonicum Hahnemanni D8, Matricaria Recutita D1, Plantago Major D3, Pulsatilla Pratensis D2, Solanum Dulcamara D4"
11530,"Calcium Carbonicum D8, Atropa Bella-Donna D2, Matricaria Recutita D1, Plantago Major D3, Pulsatilla Pratensis D2"
11531,"Pulsatilla Pratensis D4, Atropa Bella-Donna D4, Calcium Carbonicum Hahnemanni D8, Matricaria Recutita D4, Plantago Major D4"
11532,"Calcium Carbonicum D8, Belladonna D6, Matricaria Recutita D4, Plantago Major D4, Solanum Dulcamara D6, Pulsatilla Pratensis D6"
11533,"Pulsatilla Pratensis Dil. D2, Atropa Bella-Donna D2, Calcium Carbonicum Hahnemanni D8, Matricaria Recutita D1, Plantago Major D3"
11534,"Calcium Carbonicum Hahnemanni D8, Matricaria Recutita D4, Plantago Major D4, Solanum Dulcamara D6, Pulsatilla Pratensis D6, Atropa Bella-Donna D6"
11535,Levomenthol Ph. Eur.
11536,"Camphor, Siberian Fir Oil, Menthol Ph. Eur."
11537,"Menthol, Camphor, Siberian Fir Oil"
11538,"Camphor, Levomenthol Ph. Eur., Eucalyptus Oil Ph. Eur., Turpentine Oil Ph. Eur."
11539,"Camphor, Turpentine Oil, Levomenthol Ph. Eur., Eucalyptus Oil Ph. Eur."
11540,"Levomenthol, Camphor, Eucalyptus Oil, Thymol, Turpentine Essential Oil"
11541,"Levomenthol, Camphor, Eucalyptus Oil, Thymol, Turpentine Oil"
11542,"Menthol, Camphor, Eucalyptus Oil, Thymol, Turpentine Essential Oil"
11543,"Menthol, Camphor, Eucalyptus Oil, Turpentine Essential Oil"
11544,"Thiamine Hydrochloride, Ascorbic Acid, Calcium Pantothenate, Ergocalciferol, Cyanocobalamin, Folic Acid, Nicotinamide, Riboflavin, Pyridoxine Hydrochloride, Tocopheryl Acetate, Retinol"
11545,Ethyl Loflazepate
11546,"Tincture From Valerian Root (1:5), Extraction Solvent: Ethanol 70% (V/V), Tincture From Peppermint Leaves (1:20), Extraction Solvent: Ethanol 90% (V/V), Tincture From Wormwood Herb (1:5), Extraction Solvent: Ethanol 70% (V/V), Tincture From Belladonna Lea"
11547,Carnitine
11548,"Calcium Glycerophosphate, Ergocalciferol Bp, A-Tocopheryl Hydrogen Succinate, Thiamine Hydrochloride Bp"
11549,Liquid Extract From Hawthorn Berries 1:1
11550,Tincture From Hawthorn Berries 1:10
11551,Elosulfase Alfa
11552,"Chikungunya Virus, Strain Senegal 37997, Protein C Complexed With Protein E1 And Protein E2, Algeldrate"
11553,Vincamine
11554,"Vincamine, Rutoside"
11555,"Calendula Officinalis D3, Echinacea Purpurea D5, Apis Mellifica D7, Atropa Bella-Donna D5, Plantago Major D3, Phytolacca Americana D3, Salvia Officinalis D3, Vincetoxicum Hirundinaria D5"
11556,"Pseudoephedrine Hydrochloride Ph. Eur., Chlorphenamine Maleate Ph. Eur., Paracetamol Ph. Eur."
11557,"Benzydamine Hydrochloride, Neomycin, Polymyxin B Sulfate, Tetracaine Hydrochloride, Fluocinolone Acetonide"
11558,"Glycine, L-Cysteine Hcl, L-Tryptophan, L-Arginine, L-Histidine, L-Isoleucine, L-Leucine, L-Methionine, L-Proline, L-Serine, L-Threonine, L-Tyrosine, L-Valine, L-Aspartic Acid, L-Ornithine Hydrochloride, L-Phenylalanine, L-Glutamic Acid, L-Lysine, L-Alanin"
11559,"Metformin Hydrochloride, Alogliptin"
11560,"Equine European Viper Aspis Venom Immunoglobulin, Equine European Viper Berus Venom Immunoglobulin, Equine European Viper Ammodytes Venom Immunoglobulin"
11561,"Camphor, Racemic, Salicylic Acid, Viperae Beri Venenum, Turpentine Essential Oil"
11562,"Camphor, Salicylic Acid, Turpentine Oil, Viperae Beri Venenum"
11563,Extr. Echinacea Pall. E Rad. Sicc.
11564,"Acidum Picrinicum Dil. D4, Vitex Agnus-Castus D4"
11565,"Retinol Palmitate, Ergocalciferol, Phytomenadione, Dl-Alpha-Tocopherol"
11566,"Ergotamine Tartrate, Aminophenazone, Caffeine"
11567,"Turnera Diffusa Dil. D6, Acidum Phosphoricum Dil. D12, Vitex Agnus-Castus Dil. D8"
11568,"Silbiol, Pine Needle Oil, Heavy Fraction"
11569,"Cuprum Aceticum Trit D 3, Ipecacuanha Trit. D3, Drosera Trit. D1"
11570,Trifluridine
11571,Zinc Sulphate Heptahydrate
11572,Tromantadine Hydrochloride
11573,Viscum Album Abietis Ex Herba Recente Col. D10
11574,Viscum Album Abietis Ex Herba Recente Col. D20
11575,Viscum Album Abietis Ex Herba Recente Col. D6
11576,Viscum Album Aceris Ex Herba Recente Col. D10
11577,Viscum Album Aceris Ex Herba Recente Col. D20
11578,Viscum Album Aceris Ex Herba Recente Col. D30
11579,Viscum Album Aceris Ex Herba Recente Col. D6
11580,Viscum Album Amygdali Ex Herba Recente Col. D10
11581,Viscum Album Amygdali Ex Herba Recente Col. D20
11582,Viscum Album Amygdali Ex Herba Recente Col. D30
11583,Viscum Album Amygdali Ex Herba Recente Col. D6
11584,Viscum Album Betulae Ex Herba Recente Col. D10
11585,Viscum Album Betulae Ex Herba Recente Col. D20
11586,Viscum Album Betulae Ex Herba Recente Col. D30
11587,Viscum Album Betulae Ex Herba Recente Col. D6
11588,Viscum Album Crataegi Ex Herba Recente Col. D10
11589,Viscum Album Crataegi Ex Herba Recente Col. D20
11590,Viscum Album Crataegi Ex Herba Recente Col. D30
11591,Viscum Album Crataegi Ex Herba Recente Col. D6
11592,Viscum Album Fraxini Ex Herba Recente Col. D6
11593,"Viscum Album Mother Tincture, Anamirta Cocculus Dil. D 3"
11594,Viscum Album Mali Ex Herba Recente Col. D10
11595,Viscum Album Mali Ex Herba Recente Col. D20
11596,Viscum Album Mali Ex Herba Recente Col. D30
11597,Viscum Album Mali Ex Herba Recente Col. D6
11598,Viscum Album Pini Ex Herba Recente Col. D10
11599,Viscum Album Pini Ex Herba Recente Col. D20
11600,Viscum Album Pini Ex Herba Recente Col. D30
11601,Viscum Album Pini Ex Herba Recente Col. D6
11602,Viscum Album Quercus Ex Herba Recente Col. D10
11603,Viscum Album Quercus Ex Herba Recente Col. D20
11604,Viscum Album Quercus Ex Herba Recente Col. D30
11605,"Viscum Album Dil. D3, Viscum Album Dil. D12, Viscum Album Dil. D30, Viscum Album Dil. D200"
11606,"Atropa Belladonna E Radice Ferm 33b Dil. D11 (Hab, Vs. 33b), Viscum Album (Populi) E Planta Tota Ferm 33f Dil. D5 (Hab, Vs. 33f)"
11607,"Atropa Belladonna E Radice Ferm 33b Dil. D9 (Hab, Vs. 33b), Viscum Album (Populi) E Planta Tota Ferm 33f Dil. D2 (Hab, Vs. 33f)"
11608,Extract Of Fresh Apple Mistletoe Herb
11609,"Viscum Album Mother Tincture, Secale Cornutum Dil. D3, Arnica Montana Dil D2, Crataegus Mother Tincture"
11610,"Viscum Album (Tiliae) E Planta Tota Ferm 33f Dil. D3 (Hab, Vs. 33f), Crataegus Laevigata/Monogyna E Foliis Et Fructibus Ferm 33d Dil. D2 (Hab, Vs. 33d)"
11611,"Viscum Album (Tiliae) E Planta Tota Ferm 33f Dil. D5 (Hab, Vs. 33f), Crataegus Laevigata/Monogyna E Foliis Et Fructibus Ferm 33d Dil. D2 (Hab, Vs. 33d)"
11612,"Echinacea Pallida E Planta Tota Ferm 33c Ø (Hab, Vs. 33c), Viscum Album (Mali) E Planta Tota Ferm 34i Dil. D1 (Hab, Vs. 34i)"
11613,"Nitroglycerinum Dil. D3, Viscum Album Mother Tincture"
11614,Calendula Officinalis 2a Dil. D4
11615,"Calendula Officinalis Flor. C. Cal. Paraffinum Liquidum, Echinacea Rh Ø, Euphrasia Rh Ø"
11616,Iodixanol
11617,"Clopamide, Pindolol"
11618,Verteporfin
11619,"Pantothenate Sodium, Riboflavin Sodium Phosphate, Cyanocobalamin, Nicotinamide, Pyridoxine Hydrochloride, Lecithin Soya"
11620,"Acidum Phosphoricum D4, Sepia Officinalis D6, Anamirta Cocculus D5, Chamaelirium Luteum D5, Strychnos Ignatii D5, Zincum Metallicum D6"
11621,Picloxydine Dihydrochloride
11622,"Vaccinium Macrocarpos Aiton, Syn. Oxycoccus Macrocarpos (Aiton) Pers., Fructus"
11623,"Magnesium Chloride Hexahydrate, Potassium Chloride, Sodium Chloride, Calcium Chloride Dihydrate, Sodium Acetate Trihydrate, Poly (0 2 Hydroxyethyl) Starch"
11624,"Colecalciferol, Cholecalciferol Concentrate (Powder Form)"
11625,"Sodium Chloride, Poly (0 2 Hydroxyethyl) Starch"
11626,"Thiamine Hydrochloride, Dry Extract Of Valerian Root (3-6:1), Extraction Solvent: Water, Hawthorn Leaf And Flower Dry Extract (Der 4-7:1), Extraction Solvent: Water, Trockenextrakt Aus Weißdornfrüchten (4-7:1), Auszugsmittel: Methanol 70% V/V, Dry Extract"
11627,"Ergocalciferol, Phytomenadione, Retinol, Dl-Alpha-Tocopherol"
11628,"Chlorhexidine Gluconate, Benzoxonium Chloride, Retinol"
11629,"Thiamine Hydrochloride, Nicotinamide, Riboflavin"
11630,"Natrium Riboflavinum Phosphoricum D10, Natrium Riboflavinum Phosphoricum D200, Natrium Riboflavinum Phosphoricum D30"
11631,"Pyridoxinum Hydrochloricum D10, Pyridoxinum Hydrochloricum D200, Pyridoxinum Hydrochloricum D30"
11632,"Ascorbic Acid, Nicotinamide, Glucose"
11633,"Thiamine Hydrochloride, Riboflavin, Pyridoxine Hydrochloride"
11634,"Riboflavin Sodium Phosphate, Thiamine Hydrochloride, Ascorbic Acid, Nicotinamide, Glucose Monohydrate, Pyridoxine Hydrochloride"
11635,Vitamin B12
11636,Cobalamin
11637,"Cyanocobalaminum D10, Cyanocobalaminum D200, Cyanocobalaminum D30"
11638,Riboflavin
11639,"Acidum Ascorbicum D10, Acidum Ascorbicum D200, Acidum Ascorbicum D30"
11640,Colecalciferol Concentrate (Powder Form) (Cws)
11641,"Thiamine Hydrochloride, Dexpanthenol, Nicotinamide, Riboflavin, Pyridoxine Hydrochloride"
11642,Thiamine Hydrochloride Monohydrate
11643,Synthetic Vitamin A Concentrate (Hydrodispersible Form)
11644,"Calcium Pantothenate, Nicotinamide, Riboflavin, Thiamine Nitrate, Pyridoxine Hydrochloride"
11645,"Cyanocobalamin, Glutamine, Dl-Phosphoserine"
11646,Cyproheptadine
11647,Cyproheptadine Pyridoxalphosphate
11648,"Dipotassium Phosphate, Magnesium Aspartate Dihydrate, Potassium Dihydrogen Phosphate, Zinc Aspartate"
11649,"Calcarea Formicica Trit. D2, Fragaria Vesca, Folium Sicc., Stibium Metallicum Praeparatum Trit. D5, Vitis Vinifera, Folium Sicc."
11650,"Ascorbic Acid, Ergocalciferol, Calcium Carbonate, Pyridoxine Hydrochloride, Citric Acid"
11651,Larotrectinib
11652,Flutemetamol (18f)
11653,Dacomitinib
11654,"Enoxolone, Aqueous Extract Of Dry Maltodextrin Erysimum, Lidocaine Hydrochloride"
11655,"Convallaria Majalis Urtinktur, Crataegus Mother Tincture, Camphora Dil. D1"
11656,"Metformin Hydrochloride, Canagliflozin"
11657,"Alchemilla Alpina, Avena Sativa L., Urticae Folium"
11658,"Triamcinolone Acetonide, Zinc Oxide"
11659,"Magnesium Chloride Hexahydrate, Potassium Chloride, Sodium Chloride, Sodium Acetate Trihydrate, Hydroxyethyl Starch 130/0.4"
11660,"Sodium Chloride, Hydroxyethyl Starch 130/0.4"
11661,"Aethusa Cynapium Trit. D 4, Curcurbita Pepo (Hab 34) Trit. D 1, Gossypium Herbaceum (Hab 34) Trit. D 3, Kalium Stibyltartaricum Trit. D 8, Symphoricarpus Albus E Fructibus Rec. Trit. D 2, Apomorphinum Hydrochloricum Trit D4"
11662,"Apomorphinum Hydrochloricum D6, Psychotria Ipecacuanha D4, Aethusa Cynapium D4, Colchicum Autumnale D6, Strychnos Ignatii D6, Strychnos Nux-Vomica D4"
11663,Vorasidenib
11664,Glucarpidase
11665,Vortioxetine Hydrobromide Benzyl Alcohol Hemi-Solvate
11666,"Sofosbuvir, Velpatasvir, Voxilaprevir"
11667,"Sanguinaria Canadensis Trit. D2, Aconitum Napellus Trit. D6, Capsicum Annuum Trit. D4, Chamomilla Recutita Trit. D1, Echinacea Purpurea Trit. D1, Hydrargyrum Bicyanatum Trit. D8, Hydrastis Canadensis Trit. D4, Iodum Trit. D4, Natrium Tetraboracicum Trit."
11668,"Carbo Vegetabilis D4, Olibanum D6, Sisymbrium Officinale D4, Pimpinella Anisum D4, Arisaema Triphyllum D4, Hepar Sulfuris D5, Manganum Peroxydatum D8, Arsenicum Album D8"
11669,"Olibanum D6, Arsenicum Album D6, Hepar Sulfuris D5, Arisaema Triphyllum D6, Manganum Peroxydatum D4, Pimpinella Anisum D2, Sisymbrium Officinale D2, Carbo Vegetabilis D2"
11670,"Olibanum D6, Hepar Sulfuris D5, Arisaema Triphyllum D6, Manganum Peroxydatum D4, Pimpinella Anisum D2, Sisymbrium Officinale D2, Carbo Vegetabilis D2, Acidum Arsenicosum D6"
11671,Vosoritide
11672,Danicopan
11673,Velaglucerase Alfa
11674,Denotivir
11675,"Calcium Ion, Magnesium, Silicic Acid, Sodium Ion, Hydrogen Carbonate"
11676,"Cochlearia Armoracia Dil. D4, Calendula Officinalis Dil. D8, Kreosotum Dil. D6, Cinnamomum Verum Dil. D12, Achillea Millefolium Dil. D8, Salvia Officinalis Dil. D8, Capsella Bursa-Pastoris Dil. D4, Argentum Nitricum Dil. D6"
11677,Diroximel Fumarate
11678,Rimegepant
11679,Eptinezumab
11680,Beremagene Geperpavec
11681,Zolbetuximab
11682,Tafamidis
11683,Efgartigimod Alfa
11684,"Daunorubicin Hydrochloride, Cytarabine"
11685,Eplontersen Sodium
11686,Warfarin Sodium Clathrate
11687,Etuvetidigene Autotemcel
11688,Hydrogen Peroxide Solution (30 Per Cent) Ph. Eur.
11689,Water For Injection - Bp
11690,Volanesorsen Sodium
11691,Rilzabrutinib
11692,"Quarz, Echinacea Mother Tincture, Arnica Montana, Planta Tota Rec., Ethanol. Extr. 1:1,1, Calendula Officinalis 2a Ø, Echinacea Purpurea, Planta Tota Mother Tincture, Stibium Metallicum Praeparatum"
11693,"Lilium Lancifolium D10, Sepia Officinalis D6, Acidum Sulfuricum D6"
11694,"Sepia Officinalis Dil. D 8, Valeriana Officinalis Dil. D2, Sanguinaria Canadensis D7, Cimicifuga Dil. D3"
11695,Plantago
11696,Crataegi Folium Cum Flore Pulverata
11697,"Dry Extract Of Hawthorn Leaf And Flower (4.5-5.5: 1), Extraction Solvent: Ethanol 70% (V / V), Weißdornblätter-Pulver, Weißdornfrüchte-Pulver"
11698,Crataegus Laevigata Fruit
11699,"Dry Extract Of Hawthorn Leave And Flower (4.0-7.1:1), Extraction Solvent: Ethanol 70%"
11700,"Extract (1:4.3-5.3) Of Hawthorn Leaf And Flower And Hawthorn Berries (1:1.07), Extraction Solvent: Liqueur Wine: Ethanol 96% V/V (97.6:2.4)"
11701,"Dry Extract Of Hawthorn Leaf And Flower (3.5-5:1), Extraction Solvent: Ethanol 90% (V/V), Hawthorn (Flowering Top Powder), Weißdornfrüchte-Pulver"
11702,"Extract (1:4.5-5.5) Of Hawthorn Leaf And Flower And Hawthorn Berries (1:1), Extraction Solvent: Liqueur Wine: Ethanol 96% V/V (10:1)"
11703,"Crataegi Folium Cum Flore Extractum Siccum (4 - 7 : 1), Ethanol 45% (V/V)"
11704,White Cabbage
11705,Triticum Aestivum Pollen
11706,Wheat Grain
11707,"Foeniculi Dulcis Fructus Aetheroleum, Peppermint Oil, Salvia Officinalis Aetheroleum, Eucalyptus Oil, Juniper Oil, Rosemary Oil, Spruce Needle Oil"
11708,Belzutifan
11709,"Aniseed Oil Bp, Capsicum Tincture Bpc, Menthol, Levo Bp"
11710,"Promethazine Hydrochloride, Paracetamol, Dextromethorphan Hydrobromide Monohydrate"
11711,Absinthii Herba
11712,Artemisia Absinthium
11713,"Aconitum Napellus D10, Strychnos Nux-Vomica D10, Rhus Toxicodendron D12, Causticum Hahnemanni D15"
11714,"Benzoic Acid, Salicylic Acid"
11715,"Lobelia Inflata Dil. D4, Crataegus Mother Tincture"
11716,"Lachesis Mutus Dil. D8, Silybum Marianum Dil. D 3, Arnica Montana Mother Tincture, Aesculus Hippocastanum Dil. D1, Hamamelis Virginiana Mother Tincture"
11717,"Dextromethorphan Hydrobromide, Paracetamol, Phenylpropanolamine Hydrochloride"
11718,"Dextromethorphan Hydrobromide, Doxylamine Hydrogen Succinate, Paracetamol, Ephedrine Sulfate"
11719,"Lidocaine Hydrochloride Monohydrate, Dequalinium Chloride, Cetylpyridinium Chloride Monohydrate"
11720,Zinc Acetate Dihydrate
11721,Clascoterone
11722,Sotatercept
11723,"Aesculus Hippocastanum Dil. D6, Calcium Fluoratum Dil. D10, Calcium Phosphoricum Dil. D8, Acidum Silicicum Dil. D8, Arnica Dil. D3, Rhus Toxicodendron Dil. D6"
11724,"Retinol Acetate, Ascorbic Acid, Biotin, Calcium Pantothenate, Colecalciferol, Cyanocobalamin, Folic Acid, Nicotinamide, Riboflavin, Copper Sulfate Pentahydrate, Manganese Sulphate Monohydrate, Thiamine Nitrate, Zinc Oxide, Ferrous Fumarate, Magnesium Oxid"
11725,"Trypsin, Chymotrypsin, Papain"
11726,"Pancreatin, Trypsin, Amylase, Chymotrypsin, Lipase, Bromelains, Rutoside Trihydrate"
11727,"Pancreatin, Trypsin, Amylase, Chymotrypsin, Lipase, Papain, Bromelains, Rutoside Trihydrate"
11728,"Trypsin, Amylase, Chymotrypsin, Lipase, Papain, Pancreas Powder, Bromelains, Rutoside Trihydrate"
11729,"Trypsin, Chymotrypsin, Papain, Pancreas Powder, Bromelains, Rutoside Trihydrate"
11730,"Budesonide, Micronised, Formoterol Fumarate Dihydrate Ph.Eur."
11731,"Toxicodendron Quercifolium Dil. D 6, Clematis Recta Dil. D4"
11732,Wool Alcohols Ointment
11733,"Sodium Hydrogen Carbonate, Terpeneless Dill Seed Oil"
11734,"Dry Extract Of Senna Pods (6-12:1), Extraction Solvent: Ethanol 60% (V/V)"
11735,"Arnica Montana E Floribus La 20% (Hab, Vs. 12c), Argentum Colloidale Dil. D5, Cantharis Ex Animale Toto Gl Dil. D5 (Hab, Vs. 41c), Symphytum Officinale Ex Herba La 20% (Hab, Vs. 12c), Thuja Occidentalis E Summitatibus La 20% (Hab, Vs. 12c), Urtica Urens E"
11736,Crizotinib
11737,"Lytta Vesicatoria Dil. D 4, Populus Tremuloides (Hab 34) Ø, Pulsatilla Pratensis D4, Serenoa Repens Ø"
11738,"Mannitol, Apple Juice Concentrate, Cassia Extract"
11739,Methenamine Mandelate
11740,Iobitridol
11741,Lefamulin
11742,"Dry Extract From Tinnevelly Senna Pods (4-6:1), Corresponding To 20 Mg Hydroxyanthracene Glycoside, Calculated As Sennoside B, Extraction Agent: Water"
11743,Xenon
11744,Olipudase Alfa
11745,Eravacycline
11746,Telotristat Ethyl
11747,"Malic Acid, Fluoride"
11748,"Paeonia Lactiflora Root, Angelica Sinensis Root, Liquorice Root, Bupleurum Chinense Root, Atractylodes Macrocephala Root"
11749,"Epinephrine, Lidocaine"
11750,Ferric Citrate
11751,Radium Ra 223 Dichloride
11752,Baloxavir Marboxil
11753,Gilteritinib
11754,"Liraglutide, Insulin Degludec"
11755,"Epinephrine, Anhydrous Lidocaine Hydrochloride"
11756,"Naphazoline Nitrate, Anhydrous Lidocaine Hydrochloride"
11757,"Naphazoline Nitrate, Lidocaine Hydrochloride"
11758,"Epinephrine Bitartrate, Anhydrous Lidocaine Hydrochloride"
11759,"Prilocaine Hydrochloride, Epinephrine"
11760,"Epinephrine Bitartrate, Prilocaine Hydrochloride"
11761,"Docusate Sodium, Sorbitol Solution"
11762,"Dry Extract (Der 3-6:1) From Ginseng Root, Atractylodes Lancea Rhizome, Poria, Pinellia Ternata Root, Tangerine, Jujube Fruit, Licorice And Ginger (2 : 2 : 2 : 2 : 1 : 1 : 0.5 : 0.25), Extraction Solvent: Water"
11763,"Chlorphenamine Maleate, Paracetamol, Salicylamide, Anhydrous Caffeine"
11764,Ipilimumab
11765,Axicabtagene Ciloleucel
11766,Cananga Odorata (I+ii) Oil
11767,Yohimbine Hydrochloride
11768,"Folic Acid, Potassium Iodide, Vitamin B12"
11769,"Strychninum Phosphoricum Dil. D4, Yohimbine Hydrochloride, Acidum Picrinicum Dil. D6, Turnera Diffusa Dil. D2"
11770,Niclosamide
11771,Palopegteriparatide
11772,"Enterococcus Faecium, Lactobacillus Acidophilus, Streptococcus Thermophilus, Lactobacillus Delbrueckii Subsp. Bulgaricus, Bifidobacterium, Lactobacillus Plantarum, Lactobacillus Paracasei"
11773,"Asa Foetida D4, Pulsatilla Pratensis D4, Lachesis Mutus Trit. D8, Nitroglycerinum D6, Strychnos Ignatii D4, Paris Quadrifolia D4, Thuja Occidentalis D6"
11774,"Asa Foetida Trit. D 4, Pulsatilla Pratensis Trit. D 4, Strychnos Ignatii Trit. D 4, Lachesis Mutus Trit. D8, Nitroglycerinum D6, Thuja Occidentalis Trit. D6, Paris Quadrifolia Trit. D4"
11775,Linzagolix
11776,"Tadalafil, Macitentan"
11777,Adenovirus Serotype 26 Viral Vector Carrying A Gene Encoding The Ebola Zaire Envelope Glycoprotein
11778,"Naphazoline Nitrate, Zinc Sulphate"
11779,Thymalfasin
11780,"Calcium Carbonicum D12, Calcium Fluoratum D12, Calcium Phosphoricum D12, Ferrum Phosphoricum D12, Podophyllum Peltatum D12, Matricaria Recutita D8"
11781,"Lovage Root, Fennel Fruit Sweet, Absinthii Herba, Hyperici Herba, Menthae Piperitae Herba, Liquorice Root, Millefolii Herba"
11782,"Fennel, Sweet, Lovage Root, Absinthii Herba, Hyperici Herba, Menthae Piperitae Herba, Liquorice Root, Millefolii Herba"
11783,"Matricaria Recutita Dil. D12, Kalium Phosphoricum Dil. D6, Delphinium Staphisagria Dil. D12, Valeriana Dil. D6"
11784,"Ceftazidime, Avibactam"
11785,"Silicea D6, Sulfur D6, Acidum Thiocticum D6, Cartilago Suis D2, Coenzym A D6, Embryo Totalis Suis D2, Arnica Montana D2, Funiculus Umbilicalis Suis D2, Nadidum D6, Natrium Diethyloxalaceticum D6, Placenta Totalis Suis D2, Sanguinaria Canadensis D2, Solanu"
11786,"Silicea D6, Sulfur D6, Acidum Thiocticum D6, Cartilago Suis D4, Coenzym A D6, Embryo Totalis Suis D4, Arnica Montana D1, Funiculus Umbilicalis Suis D4, Nadidum D6, Natrium Diethyloxalaceticum D6, Placenta Totalis Suis D4, Sanguinaria Canadensis D3, Solanu"
11787,"Sulfur D6, Acidum Silicicum D6, Acidum Thiocticum D6, Cartilago Suis D2, Coenzym A D6, Embryo Totalis Suis D2, Arnica Montana D2, Funiculus Umbilicalis Suis D2, Nadidum D6, Natrium Diethyloxalaceticum D6, Placenta Totalis Suis D2, Sanguinaria Canadensis D"
11788,"Sulfur D6, Acidum Silicicum D6, Acidum Thiocticum D6, Cartilago Suis D4, Coenzym A D6, Embryo Totalis Suis D4, Arnica Montana D1, Funiculus Umbilicalis Suis D4, Nadidum D6, Natrium Diethyloxalaceticum D6, Placenta Totalis Suis D4, Sanguinaria Canadensis D"
11789,"Sulfur D6, Arnica Montana D2, Sanguinaria Canadensis D2, Solanum Dulcamara D2, Rhus Toxicodendron D2"
11790,"Sulfur D6, Arnica Montana D2, Sanguinaria Canadensis D4, Solanum Dulcamara D2, Rhus Toxicodendron D2"
11791,"Rhus Toxicodendron D4, Arnica Montana D4, Sanguinaria Canadensis D4, Solanum Dulcamara D4, Sulfur D10"
11792,"Arnica Montana Dil. D 2, Rhus Toxicodendron Dil D2, Solanum Dulcamara Dil D2, Sulfur D6, Sanguinaria Canadensis Dil. D4"
11793,"Arnica Montana Dil. D 2, Rhus Toxicodendron Dil D2, Solanum Dulcamara Dil D2, Sulfur Dil. D6, Sanguinaria Canadensis Dil. D2"
11794,"Solanum Dulcamara Dil. D 4, Arnica Montana Dil. D4, Rhus Toxicodendron Dil. D4, Sulfur Dil. D10, Sanguinaria Canadensis Dil. D4"
11795,"Arnica Montana Dil. D 2, Rhus Toxicodendron Dil D2, Solanum Dulcamara Dil D2, Sulfur Dil. D6, Symphytum Officinale Dil. D8, Sanguinaria Canadensis Dil. D2, Acidum Thiocticum Dil. D6, Cartilago Suis Dil. D2, Coenzyme A Dil. D6, Funiculus Umbilicalis Suis D"
11796,"Rhus Toxicodendron Dil D2, Solanum Dulcamara Dil D2, Acidum Silicicum Trit. D6, Sanguinaria Canadensis Dil. D3, Sulfur Dil. D6, Symphytum Officinale Dil. D8, Coenzyme A Dil. D6, Nadidum Dil. D6, Cartilago Suis Dil. D4, Embryo Suis Dil. D4, Funiculus Umbil"
11797,"Symphytum Officinale Dil. D 6, Rhus Toxicodendron Dil D2, Arnica Montana Dil. D4, Sulfur Dil. D6, Cartilago Suis D6, Coenzym A D8, Embryo Totalis Suis D6, Acidum Thiocticum D8, Funiculus Umbilicalis Suis D6, Nadidum D8, Natrium Diethyloxalaceticum D8, Pla"
11798,Niraparib
11799,"Gelsemium Sempervirens C15, Acidum Phosphoricum C15, Strychnos Nux-Vomica C15"
11800,Vemurafenib
11801,Ziprasidone Hydrochloride Monohydrate
11802,"Racementhol, Belladonna Tincture, Convallaria Tincture, Valerianae Tinctura (1:5)"
11803,"Dorocubicel, Allogeneic Umbilical Cord-Derived Cd34- Cells, Non-Expanded"
11804,"Gelsemium Sempervirens C9, Strychnos Ignatii C9, Kalium Phosphoricum C15"
11805,"Standardised Dry Extract From Cascara Sagrada (Der 4-6:1), Equivalent To 15 Mg Of Hydroxyanthracene Heterosides, Expressed As Cascarosides A, Extraction Solvent: Ethanol 60% (V/V), Aloes Powdered"
11806,"Elbasvir, Grazoprevir"
11807,Ozanimod
11808,"Tazobactam, Ceftolozane"
11809,"Paracetamol, Sobrerol"
11810,Mepivacaine
11811,"Epinephrine, Mepivacaine"
11812,"Sodium Phosphate Dibasic Heptahydrate, Sodium Hydrogen Phosphate Monohydrate"
11813,Ibritumomab Tiuxetan
11814,Abacavir Sulfate
11815,Dextropropoxyphene Hydrochloride
11816,Goat Hair
11817,"Hydrocortisone Acetate, Neomycin Sulfate, Nystatin, Metronidazole"
11818,Zanidatamab
11819,Zilucoplan
11820,Cinnamaldehyde
11821,Cinnamyl Alcohol
11822,"Castor Oil, Virgin, Zinc Oxide"
11823,Zinc
11824,Zinc Hydroaspartate Dihydrate
11825,"Boric Acid, Peppermint Oil, Zinc Oxide"
11826,"Zinc Oxide, Purified Talc"
11827,"Benzalkonium Chloride, Zinc Sulphate"
11828,"Hyoscyamus Niger Trit. D 4, Ignatia Trit. D3, Cimicifuga Racemosa Trit. D4, Phosphorus Trit. D12, Platinum Metallicum Trit. D12, Zincum Metallicum Trit. D12"
11829,Zincum Isovalerianicum Dil. D3
11830,"Zincum Isovalerianicum Dil. D12, Zincum Isovalerianicum Dil. D30, Zincum Isovalerianicum Dil. D200"
11831,Bis(L-Histidinato)zink 2 H2o
11832,Zinc Dibenzyldithiocarbamate
11833,Zinc Diethyldithiocarbamate
11834,Zinc Gluconate Trihydrate
11835,Zinc Orotate Dihydrate
11836,Zinc Orotate
11837,"Zinc Oxide, Cod-Liver Oil, Glycerol (85 Per Cent)"
11838,Zinc Trisodium Pentetate
11839,Stannous Chloride
11840,Zinnober Trit. D6
11841,"Belladonna Trit. D3, Zinnober Trit. D5, Apisinum Trit. D5"
11842,Bezlotoxumab
11843,Rhizoma Zingiberae
11844,"Matricariae Flos, Sage Leaf (Salvia Officinalis), Thyme, Quercus Cortex, Millefolii Herba"
11845,"Couch Grass Rhizome, Equisetum Stem, Taraxaci Herba, Cortex Frangulae, Taraxacum Officinale Root"
11846,"Couch Grass Rhizome, Rhubarb, Urticae Folium, Phaseoli Pericarpium, Chicory Root, Violae Tricoloris Herba"
11847,"Betulae Folium, Equisetum Stem, Lovage Root, Taraxaci Herba, Solidaginis Virgaureae Herba, Phaseoli Pericarpium, Taraxacum Officinale Root"
11848,"Angelica Root, Caraway Fruit, Gentian Root, Absinthii Herba, Chicory Root"
11849,"Menthae Piperitae Folium, Psyllium Seed, Sage Leaf (Salvia Officinalis), Tormentil, Rubi Fruticosi Folium"
11850,"Sambuci Flos, Tiliae Flos, Matricariae Flos, Willow Bark, Millefolii Herba"
11851,"Marshmallow Root, Plantaginis Lanceolatae L. Folium, Thymi Herba, Malvae Folium, Fennel Seed"
11852,"Betulae Folium, Equisetum Stem, Willow Bark, Taraxaci Herba, Urticae Folium, Taraxacum Officinale Root, Populi Folium"
11853,"Caraway Fruit, Couch Grass Rhizome, Linseed, Cortex Frangulae"
11854,"Arnica Flower, Hyperici Herba, Melilot, Quercus Cortex, Millefolii Herba"
11855,"Crataegi Folium Cum Flore, Lupuli Flos, Matricariae Flos, Melissa Leaf, Valerianae Radix, Mentha × Piperita L. Folium"
11856,"Anisi Fructus, Marshmallow Leaf, Menthae Piperitae Folium, Thymi Herba, Liquorice Root"
11857,"Coriander, Menthae Piperitae Folium, Rhubarb, Menyanthes Trifoliata L. Folium, Millefolii Herba"
11858,"Menthae Piperitae Folium, Cortex Frangulae, Helichrysum Arenarium L. Moench Flos, Taraxacum Officinale Root, Millefolii Herba"
11859,"Dry Extract From Valerian Root (4-6:1), Extraction Solvent: Water, Dry Extract From Hop Strobile (3-6:1), Extraction Solvent: Water"
11860,"Acidum Citricum Dil. D10, Acidum Citricum Dil. D200, Acidum Citricum Dil. D30"
11861,"Manganum Phosphoricum D200, Manganum Phosphoricum D30, Magnesium Phosphoricum Dil. D200, Magnesium Phosphoricum Dil. D12, Magnesium Phosphoricum Dil. D30, Magnesium Phosphoricum D12"
11862,"Natrium Diethyloxalaceticum D200, Natrium Diethyloxalaceticum D30, Natrium Diethyloxalaceticum D10"
11863,"Rhubarb, Agrimoniae Herba, Marrubium Vulgare, Menthae Piperitae Herba"
11864,"Agrimoniae Herba, Marrubium Vulgare, Menthae Piperitae Herba, Rhubarb Root"
11865,"Zofenopril, Hydrochlorothiazide"
11866,Lonafarnib
11867,"Valerian Tincture, Hyperici Herba Extractum, Menthae Piperitae Tinctura, Tinctura Amara"
11868,Zotepine
11869,"Potassium Carbonate, Precipitated Sulphur"
11870,Onasemnogene Abeparvovec
11871,Zolpidem Tartrate Ph. Eur.
11872,"Doxorubicin Hydrochloride, Liposomal"
11873,"Echinacea Angustifolia D 3, Acidum Silicicum D7, Arnica Montana D3, Mercurius Solubilis Hahnemanni D 8"
11874,Influenza A/Astrakhan/3212/2020 (H5n8)-Like Strain (Cber-Rg8a) (Clade 2.3.4.4b)
11875,"Ascorbic Acid, Calcium Pantothenate, Cyanocobalamin, Nicotinamide, Riboflavin, Thiamine Nitrate, Pyridoxine Hydrochloride"
11876,"Thiamine Hydrochloride, Ascorbic Acid, Cyanocobalamin, Nicotinamide, Riboflavin, Pantothenol, Pyridoxine Hydrochloride"
11877,"Neomycin, Desonide"
11878,Starlac (Lactose Monohydrate And Maize Starch)
11879,Pyrithione Zinc
11880,Ganaxolone
11881,Zuranolone
11882,Idelalisib
11883,Ceritinib
11884,Loncastuximab Tesirine
11885,Retifanlimab
11886,Olanzapine Pamoate Monohydrate
11887,"Hypromellose, Olanzapine"
11888,Acetic Acid
11889,"Ademetionine 1,4-Butanedisulfonate"
11890,Allergen Extracts – Industrial Dust
11891,Tree Pollen Allergen Extract
11892,Allergen Extracts – Textiles
11893,Grass Pollen Allergen Extract
11894,Allergen Extracts – Food
11895,Allergen Extract Mixtures
11896,"Aluminium Oxide, Magnesium Oxide"
11897,"Benzocaine, Aluminium Oxide, Magnesium Oxide"
11898,Antibodies To Human Interferon Gamma
11899,"Procaine Hydrochloride, Benzocaine, Levomenthol"
11900,"2-Naphthol, Salicylic Acid"
11901,"Paracetamol, Acetylsalicylic Acid, Caffeine, Codeine Phosphate Hemihydrate"
11902,"Ergotamine Tartrate, Phenobarbital, Belladonnae Radix Extractum Liquidum, As Total Alkaloids Of Hyoscyamaine"
11903,"Thiamine Hydrochloride, Metamizole Sodium, Caffeine"
11904,"Metamizole Sodium, Thiamine Nitrate, Caffeine"
11905,"Metamizole Sodium Monohydrate, Thiamine Nitrate, Caffeine"
11906,"Thyme Liquid Extract, Primulae Extractum Fluidum"
11907,Standardized Lyophylisate Of Bacterial Lysates
11908,Dry Extract Valerian Root (3-6:1)
11909,Dry Extract From Valerian Root (5-8:1)
11910,4-Fluoro-N-[2-[4-(2-Methoxyphenyl)piperazin-1-Yl]ethyl]-N-Pyridin-2-Ylbenzamide
11911,"Dry Extract From Green Tea Leaves (45-56:1), Extraction Solvent: Water"
11912,"Atropa Bella-Donna D2, Calcium Carbonicum Hahnemanni D8, Matricaria Recutita D1, Plantago Major D3, Pulsatilla Pratensis D2"
11913,"Riboflavin Sodium Phosphate, Thiamine Hydrochloride, Nicotinamide, Pyridoxine Hydrochloride"
11914,"Bismuth Tribromophenate, Cade Oil"
11915,"Aethusa Cynapium D2, Colchicum Autumnale D4, Apomorphinum Hydrochloricum D4, Psychotria Ipecacuanha D2, Strychnos Ignatii D4, Strychnos Nux-Vomica D2"
11916,"Extract Of Potentilla Anserina (1:1,7-2,2), Extraction Solvent: Ethanol 40 % (V/V), Extract Of Angelicae Archangelicae Radix (1:1,7-2,2) Extraction Solvent: Ethanol 40 % (V/V), Extract Of Centaurea Benedicta (1:1,7-2,2), Extraction Solvent: Ethanol 40 % ("
11917,"Retinol Palmitate, Ergocalciferol"
11918,"Veratrum Album D4, Acidum Arsenicosum D8, Citrullus Colocynthis D6, Argentum Nitricum D8, Colchicum Autumnale D6, Hydrargyrum Bichloratum D8, Podophyllum Peltatum D6"
11919,"Diphenhydramine Hydrochloride, Ammonium Chloride"
11920,"Medulla Ossis D10, Acidum Ascorbicum D6, Acidum Picrinicum D6, Acidum Silicicum D6, Aesculus Hippocastanum D6, Ammonium Chloratum D8, Argentum Metallicum D10, Calcium Phosphoricum D10, Cartilago Suis D8, Cimicifuga Racemosa D4, Cinchona Pubescens D4, Citr"
11921,"Diphtheria Toxoid, Tetanus Toxoid, Aluminium Hydroxide, Pertussis, Inactivated, Whole Cell, Combinations With Toxoids"
11922,"Aranea Diadema D6, Aranea Diadema D10, Aranea Diadema D200, Aranea Diadema D30, Solanum Dulcamara D10, Solanum Dulcamara D2, Solanum Dulcamara D200, Solanum Dulcamara D30"
11923,"Aqueous Extract Of Marshmallow Root, Sodium Benzoate, Ammonium Chloride, Potassium Bromide"
11924,Grapes (Dry Seed) Standardized Procyanidolic Oligomers
11925,Ethanol 90%
11926,Ethanol 95%
11927,"Argentum Nitricum D10, Hepar Sulfuris D10, Hydrargyrum Biiodatum D8, Mucosa Nasalis Suis D8, Pulsatilla Pratensis D2, Sinusitis Nosode D13, Luffa Operculata D6, Euphorbium D3"
11928,Purple Coneflower Herb Fresh Juice (1.5-2.5:1)
11929,Allergen Extracts – Animals
11930,Idarubicin
11931,"Dry Extract Of Ivy Leaf (5-8:1), Extraction Solvent: Ethanol: 30% (M/M)"
11932,"Dexamethasone, Indometacin, Oleandomycin"
11933,Luffa Operculata D 4
11934,"Levomenthol, Cinnamomum Cassia Essential Oil, Anise Oil, Citronella Oil, Lavender Oil, Lemon Oil, Spike Lavender Oil, Spirit Of Melissa, Salviae Oleum, Thymus Essential Oil, Myristica Fragrans Essential Oil, Caryophylli Floris Aetheroleum"
11935,"Dried Extract Of Milk Thistle Fruit (35-50:1), Corresponding To 22.5 Mg Silymarin, Calculated As Silibinin"
11936,Ketorolac
11937,"Sanguinaria Canadensis D6, Sepia Officinalis D4, Simarouba Cedron D4, Stannum Metallicum D12, Strychnos Ignatii D4, Sulfur D4, Lachesis Mutus D12"
11938,"Dexpanthenol, Sodium Hyaluronate"
11939,Lidocaine Hydrochloride Pheur
11940,"Metamizole Sodium Monohydrate, Paracetamol, Phenobarbital, Caffeine, Codeine Phosphate"
11941,"Camphor, Eucalyptus Oil, Pine Oil"
11942,"Hydrastis Canadensis D4, Kalium Bichromicum D5, Lemna Minor D3, Phosphorus D6, Ammonium Carbonicum D3, Arum Maculatum D4, Hydrargyrum Biiodatum D8, Hydrargyrum Sulfuratum Rubrum D8, Lobaria Pulmonaria D4"
11943,Sodium Bromide
11944,"Calcium Fluoratum D200, Calcium Fluoratum D30, Calcium Phosphoricum D200, Calcium Phosphoricum D30, Os Suis D10, Os Suis D200, Os Suis D30, Glandula Parathyreoidea Suis D10, Glandula Parathyreoidea Suis D200, Glandula Parathyreoidea Suis D30, Calcitonin D"
11945,"Potassium Aspartate, Magnesium Aspartate Tetrahydrate"
11946,"Metamizole Sodium, Paracetamol, Caffeine, Codeine Phosphate"
11947,"Glucose, Anhydrous, Magnesium Chloride Hexahydrate, Sodium Chloride, Calcium Chloride Dihydrate, Sodium Lactate"
11948,"Glucose, Anhydrous, Sodium Hydrogen Carbonate, Magnesium Chloride Hexahydrate, Sodium Chloride, Calcium Chloride Dihydrate, Glucose Monohydrate, Sodium (S)-Lactate Solution"
11949,Tuberculin Purified Protein Derivative For Human Use
11950,Diphtheria Antitoxin
11951,Vipera Ammodytes Venom Antiserum
11952,Tetanus Immunoglobulins
11953,"Haemophilus Influenzae Type B (Hib), Klebsiella Pneumoniae (Inactivated), Staphylococcus Aureus Inactivated Bacteria, Streptococcus Pneumoniae Inactivated Bacteria, Streptococcus Pyogenes Inactivated Bacteria, Moraxella Catarrhalis Inactivated Bacteria"
11954,"Sulfathiazole, Ephedrine Hydrochloride"
11955,"Valerianae Radix Dry Extract, Lupuli Strobuli Extractum Siccum, Melissae Folii Dry Aqueous Extract"
11956,"Metamizole Sodium, Paracetamol, Phenobarbital, Caffeine, Codeine Phosphate Hemihydrate"
11957,"Dry Extract Of Passionflower Herb (Equivalent To 2000 Mg – 3000 Mg Of Passion Flower), Extraction Solvent: Ethanol 70% V/V"
11958,"Eschscholtzia Extract, Magnesium Oxide, Crataegus Leaf And Flower Dry Extract"
11959,"Cefoperazone Sodium, Sulbactam Sodium"
11960,"Psychotria Ipecacuanha D4, Lobelia Inflata D4, Natrium Sulfuricum D4, Atropa Bella-Donna D4, Arsenum Iodatum D6, Blatta Orientalis D6, Illicium Verum D3, Kalium Stibyltartaricum D4, Naphthalinum D6"
11961,Tetrazepam
11962,"Lidocaine Hydrochloride Monohydrate, Macrogol Lauryl Ether, Matricariae Extractum Spissum"
11963,Alpha-Lipoic Acid Meglumine
11964,Dry Extract From Tribulus Terrestris Herb (35-45:1)
11965,"Indometacin, Troxerutin"
11966,"Thymus Herb Liquid Extract, Ribwort Plantain Leaf Fluidextract (1:1)"
11967,"Ephedrine Hydrochloride, Ethylmorphine Hydrochloride, Thyme Liquid Extract"
11968,"Dextran 40, Escherichia Coli, Lyophilized, Escherichia Coli (Inactivated), Proteus Mirabilis (Inactivated), Klebsiella Pneumoniae (Inactivated), Enterococcus Faecalis (Inactivated)"
11969,"Escherichia Coli, Lyophilized, Escherichia Coli (Inactivated), Proteus Mirabilis (Inactivated), Klebsiella Pneumoniae (Inactivated), Enterococcus Faecalis (Inactivated)"
11970,Dried Ferrous Sulphate Bp
11971,"Extractum Compositum (1:1,3-1,6) Ex: Agropyri Rhizomate 12,5 P.,allii Cepae Squama 5,0 P.,betulae Folio 10,0 P.,foenugraeci Semine 15,0 P.,petroselini Radice 17,5 P.,solidaginis Herba 5,0 P.,equiseti Herba 10,0 P.,levistici Radice 10,0 P.,polygoni Avicula"
11972,"Argentum Nitricum D10, Argentum Nitricum D200, Argentum Nitricum D30, Phosphorus D10, Phosphorus D200, Paris Quadrifolia D200, Paris Quadrifolia D30, Paris Quadrifolia D6, Phosphorus D30"
11973,"Timolol, Pilocarpine Hydrochloride"
11974,"Tetracaine Hydrochloride, Nitrofural, Phenazone"
11975,"Heparin Sodium, Benzocaine, Dexpanthenol, Troxerutin"
11976,"Soft Extract From Iceland Moss (16-18: 1), Extraction Solvent: Water"
11977,"Clonidine Hydrochloride, Chlortalidone"
11978,Belladonna D4
11979,"Pulsatilla Pratensis D4, Acidum Nitricum D4, Calcium Carbonicum Hahnemanni D8, Conyza Canadensis D3, Cyclamen Purpurascens D4, Aquilegia Vulgaris D4, Myristica Fragrans D6, Origanum Majorana D4, Sepia Officinalis D6, Strychnos Ignatii D6, Viburnum Opulus"
11980,"Viscum Album Mother Tincture, Ginkgo Biloba Ø, Crataegus Mother Tincture"
11981,"Ananassa Sativa D3, Interleukin 2 C5, Vasa Lymphatica Suis C4, Interleukin 2 C7, Medulla Ossis Suis C4, Granulocyte Colony-Stimulating Factor C9, Interleukin-1 Beta C5, Interleukin 6 C9, Granulocyte Colony-Stimulating Factor C30, Interleukin 4 C4, Granulo"
11982,"Polygala Senega D6, Argentum Nitricum D6, Natrium Chloratum D6, Conium Maculatum D6, Ruta Graveolens D6"
11983,"Acidum Arsenicosum D6, Hydrargyrum Bichloratum D6, Podophyllum Peltatum D6, Psychotria Ipecacuanha D6"
11984,"Strychnos Nux-Vomica D10, Calcium Carbonicum Hahnemanni D15, Natrium Phosphoricum D12"
11985,"Strophantus Gratus D12, Argentum Nitricum D15"
11986,"Argentum Nitricum D6, Sulfur D12, Conium Maculatum D6, Graphites D12"
11987,"Petroleum Rectificatum D15, Anamirta Cocculus D15, Strychnos Nux-Vomica D15, Hyoscyamus Niger D15"
11988,"Distillate From Eucalyptus Leaf And Thyme (2,06:1), Distillation Agent: Water"
11989,"1,2-Benzisothiazolin-3-One 1,1-Dioxide Sodium Salt"
11990,Tris(N-Hydroxyethyl) Hexahydrotriazine
11991,Diphenylguanidine
11992,"1,4-Bis(2,3-Epoxypropoxy)butane"
11993,"1,6-Hexanediol Diglycidyl Ether (Technical Grade)"
11994,"Aralia Racemosa Dil. D 3, Ipecacuanha Dil. D3, Yerba Santa D3, Allium Sativum D3"
11995,131i-Meta-Iodobenzyl-Guanidine Sulfate
11996,"Colchicum Autumnale Dil. D3, Kalium Iodatum Dil. D4, Gnaphalium Polycephalum Dil. D2, Rhododendron Dil. D2, Rhus Toxicodendron Dil. D4"
11997,[166ho]holmium Chloride Precursor
11998,"Aluminium Phosphate Gel, A/California/7/2009(H1n1)-Like Strain (Nymc X-179a)"
11999,2-(2-Aminoethoxy)ethanol
12000,Oxybenzone
12001,2-Hydroxyethyl Methacrylate
12002,"Interleukin-1, Interleukin-2, Specific Nucleic Acid Sna-Hla I, Specific Nucleic Acid Sna-Hla Ii, Specific Nucleic Acid Sna-Arth, Tumor Necrosis Factor-Alpha"
12003,"Binetrakin, Interferon Alfa, Dimethyl Sulfoxide, Molgramostim, Epidermal Growth Factor, Deoxyribonucleic Acid, Interferon Gamma, Interleukin-1, Interleukin-2, Ribonucleic Acid, Specific Nucleic Acid Sna-Hla I, Specific Nucleic Acid Sna-Hla Ii, Specific Nu"
12004,"Interferon Alfa, Interleukin-1, Interleukin-2, Specific Nucleic Acid Sna-Hla Ii, Specific Nucleic Acid Sna-Chla"
12005,"Interferon Alfa, Dimethyl Sulfoxide, Molgramostim, Epidermal Growth Factor, Deoxyribonucleic Acid, Interferon Gamma, Interleukin-1, Interleukin-2, Ribonucleic Acid, Specific Nucleic Acid Sna-Hla I, Specific Nucleic Acid Sna-Hla Ii, Specific Nucleic Acid S"
12006,"Interferon Alfa, Deoxyribonucleic Acid, Interleukin-1, Interleukin-2, Ribonucleic Acid, Specific Nucleic Acid Sna-Cmv"
12007,"Dinoprostone, Deoxyribonucleic Acid, Interleukin-1, Interleukin-2, Ribonucleic Acid, Interleukin-5, Specific Nucleic Acid Sna-Hla I, Specific Nucleic Acid Sna-Hla Ii, Specific Nucleic Acid Sna-Eai, Transforming Growth Factor Beta 1, Interleukin-6, Tumor N"
12008,"Deoxyribonucleic Acid, Interleukin-1, Interleukin-2, Ribonucleic Acid, Specific Nucleic Acid Sna-Ebv, Specific Nucleic Acid Sna-Hla Ii"
12009,"Deoxyribonucleic Acid, Interferon Gamma, Interleukin-1, Interleukin-2, Ribonucleic Acid, Interleukin-5, Specific Nucleic Acid Sna-Hla I, Specific Nucleic Acid Sna-Hla Ii, Specific Nucleic Acid Sna-Eid, Transforming Growth Factor Beta 1, Interleukin-6, Tum"
12010,"Deoxyribonucleic Acid, Interleukin-2, Phosphorus, Ribonucleic Acid, Specific Nucleic Acid Sna-Ha, Interleukin-6"
12011,"Interferon Alfa, Deoxyribonucleic Acid, Interleukin-2, Phosphorus, Ribonucleic Acid, Specific Nucleic Acid Sna-Hc, Interleukin-6"
12012,"Interleukin-1, Interleukin-2, Phosphorus, Ribonucleic Acid, Interleukin-5, Specific Nucleic Acid Sna-Hla I, Specific Nucleic Acid Sna-Hla Ii, Specific Nucleic Acid Sna-Hcx, Interleukin-6, Tumor Necrosis Factor-Alpha"
12013,"Deoxyribonucleic Acid, Ribonucleic Acid, Specific Nucleic Acid Sna-Her1, Specific Nucleic Acid Sna-Her2, Specific Nucleic Acid Sna-Hla I, Specific Nucleic Acid Sna-Hla Ii"
12014,"Interferon Alfa, Molgramostim, Epidermal Growth Factor, Deoxyribonucleic Acid, Erythropoietin, Interferon Gamma, Interleukin-1, Interleukin-2, Interleukin-3, Ribonucleic Acid, Interleukin-5, Specific Nucleic Acid Sna-Hla Ii, Specific Nucleic Acid Sna-Kaha"
12015,"Dinoprostone, Deoxyribonucleic Acid, Interleukin-1, Interleukin-2, Ribonucleic Acid, Interleukin-5, Specific Nucleic Acid Sna-Hla I, Specific Nucleic Acid Sna-Hla Ii, Specific Nucleic Acid Sna-Mireg, Transforming Growth Factor Beta 1, Interleukin-6, Tumor"
12016,"Dimethyl Sulfoxide, Prasterone, Epidermal Growth Factor, Interleukin-2, Ribonucleic Acid, Specific Nucleic Acid Sna-Hla I, Specific Nucleic Acid Sna-Hla Ii, Specific Nucleic Acid Sna-Misen"
12017,"Interferon Alfa, Ciclosporin A, Interleukin-1, Interleukin-2, Ribonucleic Acid, Specific Nucleic Acid Sna-Hla Ii, Specific Nucleic Acid Sna-Papi"
12018,"Interferon Alfa, Ciclosporin A, Erythropoietin, Interferon Gamma, Interleukin-1, Interleukin-3, Ribonucleic Acid, Specific Nucleic Acid Sna-Hla I, Specific Nucleic Acid Sna-Hla Ii, Specific Nucleic Acid Sna-S1, Tumor Necrosis Factor-Alpha"
12019,"Interferon Alfa, Ciclosporin A, Deoxyribonucleic Acid, Erythropoietin, Interferon Gamma, Interleukin-1, Interleukin-3, Ribonucleic Acid, Specific Nucleic Acid Sna-Hla I, Specific Nucleic Acid Sna-Hla Ii, Specific Nucleic Acid Sna-S2, Tumor Necrosis Factor"
12020,"Deoxyribonucleic Acid, Interferon Gamma, Interleukin-1, Interleukin-2, Ribonucleic Acid, Specific Nucleic Acid Sna-Toxo, Tumor Necrosis Factor-Alpha"
12021,"Interferon Alfa, Interleukin-1, Interleukin-2, Ribonucleic Acid, Specific Nucleic Acid Sna-Hla Ii, Specific Nucleic Acid Sna-Veru"
12022,"Interferon Alfa, Deoxyribonucleic Acid, Interferon Gamma, Interleukin-1, Interleukin-2, Ribonucleic Acid, Specific Nucleic Acid Sna-Xfsa, Specific Nucleic Acid Sna-Xfsb, Specific Nucleic Acid Sna-Xfsc, Ribonucleic Acid K10, Ribonucleic Acid K30, Tumor Nec"
12023,"Interferon Alfa, Deoxyribonucleic Acid, Interleukin-2, Ribonucleic Acid, Specific Nucleic Acid Sna-Zona, Specific Nucleic Acid Sna-Hla I, Specific Nucleic Acid Sna-Hla Ii"
12024,Isopropyl Alcohol Ph. Eur.
12025,3-Aminophenol
12026,"Aluminium Phosphate Gel, Influenza Virus B/Austria/1359417/2021-Like Strain (B/Austria/1359417/2021, Bvr-26), A/Victoria/4897/2022 (H1n1)pdm09-Like Strain (A/Victoria/4897/2022, Ivr-238), Influenza A Virus, A/Croatia/10136rv/2023 (H3n2) Like Strain X-425a"
12027,"4,4'-Dihydroxybiphenyl"
12028,"4,4-Methylenedianiline"
12029,"Selenicereus Grandiflorus Dil. D 4, Adonis Vernalis Dil. D4, Convallaria Majalis Dil. D4, Crataegus Dil. D4, Valeriana Officinalis Dil. D3, Strophanthus Gratus Dil. D6"
12030,4-Aminophenol
12031,4-Dimethylaminophenol Hydrochloride
12032,4-Tert-Butylcatechol
12033,4-Tert-Butylphenol
12034,7-Ethylbicyclooxazolidine
